Loss,PredLoss,Set
370.8620341771149,355.18930975694,Train
370.8813788652587,330.0702452954662,Train
244.96837081301152,231.98784279233652,Train
255.62301002037324,247.84193087699188,Train
150.845296487344,144.88849891262794,Train
270.1352302139236,249.35702317057454,Train
175.99281120011227,167.52752788351668,Train
291.91803944590987,282.48436068288316,Train
208.4109149513165,205.43145280742772,Train
236.97143771633205,233.49326012722037,Train
251.59960774095663,224.80630454259395,Train
290.7954250251901,268.68894701605836,Train
123.55888956903252,151.8909000762683,Train
201.39000137248405,207.8927530038168,Train
230.28876043554436,239.56381042835739,Train
150.75516675821382,151.06295367023253,Train
307.9823977812477,315.58258055052625,Train
238.7526152757912,255.2288704489071,Train
211.63210206377298,237.4520820402846,Train
345.6208581451932,355.19115739684014,Train
143.71888352005175,169.31045924911822,Train
312.92617818834856,306.41881414746314,Train
111.24274215008381,179.516619994307,Train
235.16857540525734,283.5644428306375,Train
226.20367795386917,247.20239268028067,Train
266.34804979591945,283.81435712334536,Train
268.10169093140803,283.15811383735223,Train
269.964601360335,287.97002591054337,Train
201.93678108270018,231.45696367591117,Train
158.51823009850375,197.51534048554427,Train
395.2089484077457,386.1035332100601,Train
201.50893601042594,244.50209563845448,Train
437.2470401372175,405.46762655066874,Train
237.80108473158026,236.32398411383923,Train
307.9333562597561,283.8052715897222,Train
318.6438547217448,302.00714643125843,Train
164.9325801175465,190.46833173988617,Train
186.29953244716117,203.66744104772863,Train
253.244711710589,240.91724568585568,Train
362.2681179078296,315.8542192754786,Train
296.3697510388833,282.42318169451715,Train
314.54961110374995,309.68514285478165,Train
290.80769810242964,276.12073751022314,Train
361.6440120349221,343.9580623797242,Train
222.55855290122778,214.94965115344135,Train
293.5513207013464,265.6291083311147,Train
403.122315435278,395.43605633408885,Train
285.2715371030226,246.60676029764946,Train
445.28583747993775,431.42977739027424,Train
199.740784571099,205.3768179076525,Train
234.22731067765272,220.8981480008604,Train
405.245415799599,369.5300417348392,Train
247.2950999369379,239.77943927338538,Train
362.3763630896693,329.71046809991833,Train
155.48920525779323,161.73273936301408,Train
365.1336264413097,342.45853488837037,Train
287.80962664021865,283.6481794881402,Train
256.0172058545203,262.9270779413801,Train
185.7563640842144,181.63720664557061,Train
227.52710132930105,219.21905980698222,Train
265.82941758978023,249.37507681349268,Train
251.6633128656519,254.71796799625022,Train
304.0287871569162,273.9487162091914,Train
244.42584046357308,235.41549728021414,Train
361.3042839065897,351.5169314976582,Train
256.31719545683393,249.67990800228304,Train
217.90270342347702,211.96573614984183,Train
267.06080780651905,242.34118286113963,Train
179.79150860595985,156.06559765684116,Train
267.59480582179947,236.68924512955448,Train
187.47069945403797,168.4958136670987,Train
331.4191895026753,306.734153526276,Train
265.44027596771116,244.6840073765298,Train
287.03395884914613,258.7687626957562,Train
210.7002381469799,214.11259636465766,Train
267.4391138612125,258.57347784987263,Train
173.7505859918439,174.14448716051268,Train
213.13465453887403,207.12986751874985,Train
277.091319502303,261.83773880785213,Train
159.1205808821309,148.3450269930899,Train
398.02853562992766,394.32602370199663,Train
244.28077707968563,232.76801552628154,Train
213.0942754301441,208.26722066658422,Train
206.469030681303,219.60556329791248,Train
154.4050428331623,158.0669859214957,Train
203.902311885722,207.4326111300072,Train
95.96083783898214,105.62109502670359,Train
243.5806206929427,257.6532720204271,Train
170.76166044760365,182.59490036381527,Train
245.00395710296502,243.8326385093593,Train
144.3075106590268,161.53044506492856,Train
229.1723211157892,224.4292384876146,Train
195.09838847325182,203.41879923694398,Train
140.08571273141484,153.55897791236708,Train
169.1342938902783,217.57812745016398,Train
135.24413194984234,147.69598513599558,Train
284.5379728684537,299.03004467239253,Train
239.00772802944584,243.92854682297155,Train
249.5585174468951,266.03019799617414,Train
239.19034112080143,251.4550362851648,Train
155.40319905116507,164.85713676731592,Train
264.1970912379858,237.3338788927811,Train
208.57201768126345,184.3835992609886,Train
286.0279783809984,275.11100707489715,Train
216.56497333719034,209.156510212768,Train
287.18300254983956,272.46767831752703,Train
252.88206601894586,252.9903783727597,Train
320.1621637445093,305.8577994280153,Train
261.5232957265299,257.66850713925584,Train
220.4654619650076,217.27408019573076,Train
385.98866245994236,353.20941084848545,Train
236.5928972113343,238.84538209677604,Train
409.1998220603605,415.2976785858652,Train
164.937214912103,185.73302548786793,Train
148.25517583371192,170.06888907013953,Train
184.15370482518716,212.14598151404172,Train
153.63280188652885,171.28235589337453,Train
256.1924670177367,265.8178614021335,Train
89.33270021881111,112.69595519060738,Train
234.05350148975182,240.0821510594869,Train
161.85487083055895,184.12982943662786,Train
198.2368082412323,211.19796578652281,Train
129.69931372177217,146.50966589350077,Train
127.74238727217823,150.29075974010703,Train
178.36602889245083,205.74323453417375,Train
134.57023858258964,161.01955397651312,Train
97.85501634259487,150.15562991778918,Train
124.22036217246651,148.24717906467683,Train
322.78168562095664,329.75471880036605,Train
165.85789778310192,181.9706544451604,Train
194.4913237903108,199.1365813322787,Train
156.68196364258336,166.06796119362428,Train
111.92981733991978,113.79869047154983,Train
168.73488488231985,173.2169952922308,Train
89.09716626978356,104.24581818411966,Train
265.0166615023111,261.5988640406361,Train
199.4933705799022,192.63010055589882,Train
263.52729350255714,246.18609691063725,Train
198.11843027027572,202.3710222677286,Train
178.26678088305806,195.70913642783225,Train
144.4723453409041,156.6910987652885,Train
163.23512364381392,169.0700960961443,Train
210.05511579178727,211.12133929863,Train
102.93232178482447,113.73210534189262,Train
351.63837504255974,354.6214402994697,Train
180.28161912272785,184.66044264475687,Train
180.46311844789847,192.88538214717394,Train
362.68287301807146,328.78374825337494,Train
86.44088283324693,98.19595231523111,Train
191.73714789342472,183.4167172763507,Train
129.07166819860498,127.82731139374516,Train
342.9444437487877,316.33200819524575,Train
192.85547454397278,195.801051448406,Train
224.8047605841603,223.9952626444829,Train
232.2923018693502,223.02202562541342,Train
148.81809839954263,160.0985928205071,Train
229.88215017473743,207.5937657470571,Train
209.4844571949346,203.7954359738621,Train
255.6250194601343,247.68069539895305,Train
112.80383697033635,119.8085775897742,Train
308.4992479280968,320.1698094692211,Train
116.91037450590092,164.45366524769366,Train
145.85892053939352,168.22156869924672,Train
160.84488602857454,200.61225932246427,Train
42.86827097344391,72.74050185913642,Train
117.42907537400177,137.88293309060856,Train
62.527299230248005,84.47552169740446,Train
235.16294254218263,252.71117722714118,Train
162.8360053098056,171.94710425540816,Train
178.0464875331171,198.97996515959633,Train
186.29438921211704,204.76347294210655,Train
194.57971034680526,214.91826524985052,Train
101.40245093718198,129.85753806025602,Train
148.26261098324707,161.64590477292336,Train
251.16019048500056,265.0714315603449,Train
74.09518944244249,102.34331726941345,Train
274.55832748529247,297.7167942964232,Train
166.673235577631,176.79538895039252,Train
184.8541056371528,196.2797693786915,Train
262.6009376638578,283.2745793926366,Train
63.91373165774614,91.64624052346916,Train
155.7924876188178,169.93791220630825,Train
153.23720554707282,166.46508787432023,Train
213.74788544251103,237.72075230098704,Train
305.8245273051326,277.21101593791377,Train
257.9671311349375,268.7580922152926,Train
245.17569693192578,254.73636661445371,Train
305.9502246960972,307.4197912732503,Train
181.29071442745217,200.23041686376163,Train
172.1971661259903,183.71348873464842,Train
306.6695797917118,304.39076581426883,Train
196.20795542461659,201.01543089573212,Train
399.3053472758636,378.2093371871976,Train
266.52634208253767,255.96527949874192,Train
340.3394058651688,330.0856973172773,Train
417.7445386237568,379.9541883556135,Train
267.7417403583018,241.17999183763507,Train
229.83101106880372,239.17236664825725,Train
342.5123507552627,310.5911591044815,Train
346.78575941767855,336.9305897212642,Train
372.1512370560513,346.59135979510313,Train
334.608783670381,317.10770451515793,Train
335.6583992606678,325.3034501794913,Train
340.3000838269115,337.36516284357685,Train
222.53383736911212,232.24609332981007,Train
216.85965988726971,231.80026914003946,Train
487.7775513813842,455.6962000122596,Train
293.28751185145575,272.858255380478,Train
352.27930503391656,348.7978972728205,Train
261.7373052062409,253.4870829309877,Train
272.8006860475879,274.0191867321534,Train
255.96944755795738,268.56745229537916,Train
158.74358973734962,171.9606115324753,Train
250.6231125857645,237.62967444212916,Train
237.6080161032019,246.7278227375523,Train
291.19830028966203,301.01080479264334,Train
323.8939651451447,308.51525877251436,Train
335.69501066964995,317.3705340714349,Train
267.101436863178,272.710966490876,Train
286.1132437257286,290.4786289224548,Train
203.73043125730177,208.91880910217512,Train
226.45299945789753,225.26599259949515,Train
347.28094832751606,369.92605444359543,Train
279.2142778661571,265.48588702054604,Train
335.43132744166735,339.3014527360034,Train
167.80548887516113,184.92406675839624,Train
266.2577555671829,264.91810744691384,Train
322.78812751773273,323.6917988413561,Train
106.39660472681034,117.12036911977825,Train
170.08318719441593,189.99178198170787,Train
237.34787492054951,213.27103381364256,Train
287.19066790521106,283.9326732125075,Train
340.6115661484006,314.30746958508,Train
331.11056965011795,315.66817615262374,Train
269.18767841036333,281.97387301786085,Train
315.8428924291366,313.73693651856496,Train
229.5762117064379,235.42092551080887,Train
216.8876362422671,209.12705689242938,Train
375.7771660366242,375.2291291977242,Train
233.7448010895094,217.6329414759965,Train
324.25003692197186,326.1943502196845,Train
209.04540818058638,205.058347008361,Train
202.38744112636616,203.62986705989618,Train
297.2761357593114,291.89551168630715,Train
112.21149207942187,125.87380889809158,Train
224.6935100866978,211.71825265247685,Train
137.72218978113915,166.73353918538336,Train
257.29753116274577,259.35358699637766,Train
359.41953423151784,324.99227259231793,Train
290.0881989874553,281.2869798316275,Train
241.803525430558,245.56950444046905,Train
361.56551356082616,337.2577583240832,Train
225.8741633782597,216.59532602141005,Train
205.7294748828586,217.73476572295962,Train
297.6314480746228,307.59835683602154,Train
197.08008295355248,188.5300413445285,Train
321.9844317169601,324.4641522897815,Train
171.3206744490373,185.07078454662687,Train
209.698010196457,217.9328683327933,Train
262.11643895921895,283.1233915640182,Train
206.07596073732316,207.957414293531,Train
265.57657553076984,268.4543192504035,Train
104.6182833395588,113.01495556674645,Train
262.2010841636901,277.47689178380193,Train
230.82497800316372,228.94942097419354,Train
223.9899648579796,240.5532793873867,Train
126.19604472813792,150.30915119143694,Train
192.94321761363852,206.5455033074427,Train
193.2314835144815,208.68267689225712,Train
246.06084243066675,245.3933212384704,Train
256.93129436219436,282.1270917462761,Train
169.84283930906423,185.67520204062674,Train
330.01446392252416,351.5797296825181,Train
159.1405576454404,172.50555457240168,Train
166.81418829476127,172.27216876941552,Train
199.0353558704866,219.88610772446825,Train
119.30406037261655,113.38220427671632,Train
179.62030180115124,171.72086264019282,Train
61.48408015609024,71.70474710108853,Train
272.3953954374339,276.0231650712603,Train
126.35424764518207,143.19290265175184,Train
179.86063677933478,193.0711652327283,Train
184.41456283989214,195.24016406936587,Train
129.516025826854,154.13927127656052,Train
162.16502574022041,165.28766564401545,Train
177.36156257999156,204.84895363780004,Train
273.10563634616705,247.4988438883196,Train
113.39724703874714,120.12885980003416,Train
332.77665428768057,336.4695402435338,Train
189.47292623340255,191.2907392644671,Train
186.21290578299687,205.9295559739541,Train
305.49659293646357,290.8466358142538,Train
102.82398769380265,101.3245121864707,Train
173.1950900550141,175.96859291875714,Train
124.60990002009814,155.02805957153376,Train
286.0684175890543,286.2528715528663,Train
244.57064276188294,248.27313957621905,Train
255.6165755385839,241.42407640112378,Train
287.70621591915744,275.5793992286366,Train
242.83956390360316,241.88388246801307,Train
229.51661949192146,206.09992137012225,Train
146.23738268411194,163.10583078242607,Train
280.001853480175,271.283689040485,Train
137.31003188011042,153.73283127171243,Train
324.67443217635173,337.6348554252774,Train
225.88391026969842,212.35217650409524,Train
249.63647780843627,222.47607071325402,Train
388.93213479256553,376.00040485820466,Train
290.27088122208596,259.95014687688536,Train
279.1527170969977,249.5278316787606,Train
208.57764241730058,182.06846087023425,Train
355.0456571829949,324.4529085900395,Train
319.5567613940804,292.9582287498593,Train
284.1109550505571,266.4011525550173,Train
196.2082381524252,190.8337288354452,Train
283.3486106996844,279.023390018304,Train
325.03207269233496,280.91937761068885,Train
307.2586241303768,288.16949446288004,Train
450.5282650138098,406.246933350036,Train
250.8409953426342,222.76495767412388,Train
280.59521244812936,303.4431283973926,Train
137.47124890508815,155.88438628628137,Train
172.90448574391837,194.50114475891598,Train
215.39492296462,214.95845455801333,Train
89.94256056719333,117.83321561582302,Train
136.04739855163803,159.26065278622258,Train
122.70943691795435,124.23372278080339,Train
256.42867566614194,255.74846540249592,Train
260.70511479620126,242.2744032631738,Train
244.03875430813196,235.9530098724836,Train
265.92959420193415,261.92852338895744,Train
179.37763447760784,204.4516914710201,Train
215.38287513515303,204.27282008655067,Train
174.4453161745697,188.0898293900497,Train
256.064957595858,262.3868296366492,Train
159.24179939901757,157.59691445154493,Train
364.0682759508238,353.651077539793,Train
268.9653398510056,257.0305589641633,Train
317.4237253512901,307.8213552079203,Train
404.4434324516774,380.99386022118813,Train
197.52446115216728,193.01596644978,Train
232.16681145276,236.69004839232448,Train
277.3704833534555,272.2152516686672,Train
371.6354768542537,360.0034688776245,Train
241.96179195515452,260.6898567004393,Train
353.8494286561582,334.0010757035233,Train
315.29838695726454,311.0335191564944,Train
315.30866685847354,317.09752100726786,Train
280.3802683597854,276.4703530434501,Train
291.0131914612,270.6517671923139,Train
466.2074361627173,465.9565659588262,Train
413.96300246433725,370.09894380123006,Train
339.8824083934752,332.6300345789675,Train
190.3242452426959,190.12505130083878,Train
215.85175946258988,232.78474062466614,Train
272.96495105315717,266.40771760289647,Train
162.16382001439732,152.83508833690888,Train
208.94836634631093,205.88466356641712,Train
192.8185900488976,202.78673148560628,Train
250.27449112215749,259.1596018691522,Train
304.3160695660904,294.8175996322745,Train
305.9433253806967,299.3744604889871,Train
209.656258565976,224.63547019012753,Train
358.45486912192865,333.88576081431586,Train
220.33915704855445,212.53581736242802,Train
211.80912234585327,205.643285982878,Train
364.36476501382543,355.80842239926085,Train
195.00608505247084,196.0540271764243,Train
495.0953218191511,458.89415700832865,Train
187.0802075217053,190.359389913354,Train
201.11926154958684,192.92405600392397,Train
428.71248390279567,371.3058131417157,Train
148.85987458133206,144.35340243693122,Train
233.06143358519557,223.90114459809362,Train
142.3171609143866,133.41716869663267,Train
342.1270565689049,328.2288212466155,Train
219.99112054875053,212.7631849301856,Train
234.40935285392356,237.01262645090083,Train
262.881753484424,247.04360077292407,Train
193.40832244025165,190.50809180100993,Train
256.98905972140665,227.16059220754448,Train
229.62396532788904,220.29465017310687,Train
226.81303925969877,216.41016571925545,Train
161.0562815168359,167.00282026427502,Train
328.08023189162503,332.2485107077346,Train
275.11390984066736,270.4312299369405,Train
334.22734640656427,334.02626364168054,Train
417.9205415893161,384.0405180928285,Train
270.69349538892277,249.55226300506914,Train
270.5462078053844,265.16844658190706,Train
291.47867883870083,275.4629239693545,Train
466.4909084888722,436.2510991787853,Train
354.58289675589833,330.3357014271699,Train
424.7546436397794,393.166143848567,Train
407.50614914051533,373.7414604042894,Train
421.83741325810604,388.1174991032885,Train
299.7484359925516,289.8535325152408,Train
268.73921734385215,266.8071701493415,Train
573.8097573120076,538.3581735836541,Train
486.9600558970177,422.6862491418948,Train
414.7495869143558,397.56077577594084,Train
313.35572502043635,272.54607777642,Train
215.53336327570335,196.76099496972097,Train
226.28250168015649,211.7479388910883,Train
139.103140233796,129.8398782225275,Train
247.99527893662196,235.00137730444203,Train
157.4589177886342,146.68994286100624,Train
308.4940567898329,294.72425096849173,Train
200.60069594021786,191.62728718920928,Train
257.2788352397892,240.59021225519143,Train
223.0284746885469,215.12833985664057,Train
174.84961428649086,173.08633288031,Train
200.24225403362126,189.6168475446989,Train
190.70639392993806,187.45843449529224,Train
191.74203397544116,212.52168842762566,Train
164.84917417013048,157.04214627280118,Train
256.8119228529441,286.63288355979137,Train
183.56483389923193,217.26090357536108,Train
253.8936076331987,269.66016469620575,Train
317.29824405484453,338.0873828909411,Train
93.77874316416924,141.34612069512374,Train
220.33510496117296,239.99970175902897,Train
196.46732944585568,225.0633538773724,Train
340.6754166182173,356.1558857655887,Train
222.45936647825795,253.11294032320808,Train
289.8191790259776,292.52216225687994,Train
308.25485426137624,320.24052211336823,Train
295.2663921844538,313.5982389335036,Train
173.85379279521035,208.15100406479786,Train
189.01705609364592,217.43850800047298,Train
424.7561820797604,448.3886603899391,Train
275.5711707535539,292.2749193015134,Train
284.7756999560052,300.6229410307108,Train
204.67970642647293,212.22751542610806,Train
194.65672171380814,217.06119006137158,Train
167.2067458180111,183.5948770898232,Train
122.32977873908153,134.85958203539488,Train
193.02582047701964,191.9491839895686,Train
130.7948710318254,138.99720209662095,Train
261.13693040349875,258.5431236940997,Train
178.05199859203967,179.59552978226824,Train
235.04007559744826,224.99943032475585,Train
246.6011614197244,246.2575268944664,Train
268.7352560588681,265.7535248776226,Train
140.4423595148795,163.40364975570074,Train
194.2224717877586,201.82402387700202,Train
300.57559287750513,279.6373387306981,Train
165.50172278411944,174.77140374056793,Train
457.59754004020874,436.2573118147583,Train
125.20966806893784,151.95670729259055,Train
205.87894399998012,208.810190491541,Train
426.60536783333527,410.40127790054214,Train
125.88893956900363,138.30954595155217,Train
196.22965920698505,208.00860030749354,Train
63.62752674727962,98.17658953100182,Train
291.58254218988714,289.85487809863616,Train
236.09470553480782,246.17169723047556,Train
261.16401678204153,250.364451476778,Train
198.7904759315884,198.80068481083853,Train
251.97408298344828,228.37484282458033,Train
200.21483793762124,206.58509773711899,Train
232.51274079410734,224.40980196096794,Train
289.3677915529064,285.0491748285153,Train
143.2799902140187,150.71845753501023,Train
317.7490983893741,329.80738864192307,Train
230.41471458392544,231.57846143218927,Train
342.67139997136536,332.90589760752545,Train
385.0191545516939,383.77126977590837,Train
217.45797832491095,207.54809657692155,Train
203.9878712910168,207.18935640595157,Train
243.1088334500112,248.04082765457335,Train
362.8208648018941,356.6038770403271,Train
230.62396534666578,258.1361743667068,Train
315.5181350843262,310.75456325432333,Train
330.5033740148749,322.26529030356096,Train
317.57968213831253,326.6838076042236,Train
248.74705945463865,255.3435127891245,Train
250.0055059638534,248.75090570906787,Train
492.8550216659569,478.5119696994527,Train
438.29560656094884,387.08861009979995,Train
384.87017397871216,370.98081594591736,Train
350.4410385488371,328.80339776080007,Train
200.5897824359883,214.48907531554937,Train
211.8164056401657,214.7918374940689,Train
139.12090816136921,138.4659586532752,Train
266.0032899995988,246.4485853024747,Train
98.96355115485454,107.92383471857325,Train
271.50169162713655,274.40156515463843,Train
181.6177114164446,193.00599115297186,Train
193.31161052277886,200.88728645306892,Train
226.08338894613937,217.70505906758882,Train
234.4330466865259,264.8657373273537,Train
155.36058374393866,176.84932763454339,Train
174.36600011837746,174.7918608450402,Train
182.94929580984268,231.66359081623614,Train
135.61047081833374,146.7750333582731,Train
340.70481231559825,350.8032332296523,Train
351.82881390836553,314.6189271824908,Train
181.01885649889564,185.65096089503126,Train
185.27494008718864,196.09581652883836,Train
133.5970646732445,137.28365553037125,Train
225.4852302570631,222.08752860674778,Train
61.93943683864465,72.55901307069213,Train
262.45968441798885,258.7834843499433,Train
144.54597299509604,159.66745268877978,Train
212.19830256996616,212.6644264963644,Train
188.91667314259894,187.7880089410072,Train
179.70108471299457,180.54860179615602,Train
202.05153728115295,193.40260829838851,Train
154.4680308470744,157.10239188556776,Train
148.9505654107584,166.96609459628604,Train
150.49914097220545,148.22958286856445,Train
402.2582170830073,386.84792330998073,Train
269.636963973336,252.1355913401067,Train
207.08671666555512,196.5192246577545,Train
235.60747515966443,223.36434149224254,Train
148.6992394556641,161.23811953831893,Train
222.86200955355406,236.91869186608372,Train
97.59578545333426,128.41853718985152,Train
241.9005671550047,251.0260084027705,Train
197.27635465856554,192.84767453639054,Train
261.2231479640165,245.8821802561123,Train
153.74094707135788,159.5951242528755,Train
210.8297519805896,204.16019607463645,Train
201.48956269171143,198.57591176108357,Train
174.72037920472368,175.2250032443358,Train
144.52220151962615,159.36626611435955,Train
145.89502963641897,144.9504320091225,Train
444.37591292185715,428.8910121108161,Train
181.7188453181157,189.32367426141377,Train
223.6026587336613,212.52806525317237,Train
440.52735316849385,390.7494316516902,Train
160.4929286226133,151.43619589387086,Train
286.4993850960198,260.1489408432736,Train
132.54672258871324,131.27787469756782,Train
356.63494110069354,333.9939858946926,Train
234.26404063196105,222.12506158821114,Train
241.4340211825153,238.7549550374336,Train
248.64488275235664,243.0005691339539,Train
178.89662534148482,187.057991663212,Train
235.1892489499,220.37643499028468,Train
197.02275357760215,199.33565274341342,Train
207.89713922459123,209.95107518362883,Train
211.8124058908674,200.83553312696142,Train
345.5648514601561,342.6035427878043,Train
250.82983847471783,254.20132705489917,Train
289.18554822770966,294.3281877635795,Train
397.6319807191318,383.44762028925294,Train
282.16913594898426,256.8137654540638,Train
303.29701391726695,291.57358870782843,Train
272.0156146239799,260.76116198287474,Train
394.82493806912316,383.5078527992719,Train
325.2249842526967,310.25139994737367,Train
385.21575317470047,368.33884108097686,Train
368.2972448351346,349.9825492429251,Train
421.46945923399915,395.25587504919156,Train
226.2323963712937,236.16796282483986,Train
220.0860562470186,230.75710470464182,Train
490.5304388611738,491.87621442976723,Train
302.5655442137594,319.50817332407473,Train
360.9794641603303,355.011068930201,Train
224.64184449300075,211.6737537718563,Train
266.8621026701337,256.73427757460524,Train
421.14023869172934,380.77083541633647,Train
144.97625255778752,145.33498097058066,Train
236.37014426830837,222.40469373060085,Train
191.3219138232917,209.50622975129872,Train
307.3315612227377,287.46273533943264,Train
342.8990864666463,315.0602936046225,Train
294.5244895550174,306.8152154647162,Train
284.707770487851,278.5879359261106,Train
376.44892926514734,352.65437270382165,Train
244.2479658869063,241.3353487580902,Train
220.60488035312767,227.47082299182793,Train
393.0196726638118,382.37429374196245,Train
236.49234281895838,217.29400482540834,Train
382.8061753392233,366.6911748606024,Train
312.3995580301529,281.8341222704175,Train
403.07135191427994,366.62504898532336,Train
455.32155699160467,392.3104231275477,Train
315.15017326212677,274.0444270645147,Train
297.5572007258464,272.9483797339687,Train
311.54263938276364,274.9420866074838,Train
455.1064892328783,404.47516130866376,Train
364.2487502761905,310.38780498828777,Train
402.96942251270025,365.3122890335991,Train
354.2685059424075,340.46939500063075,Train
403.6460005653123,382.956780773559,Train
267.6019063814145,248.22206209501613,Train
268.1362233907143,260.8720678557831,Train
496.2489515932116,473.2156640424434,Train
479.4400909889064,410.48587527661044,Train
289.92943973883126,303.9425863856037,Train
206.44320905885908,209.56466809122477,Train
224.5328647774516,246.589841979215,Train
200.69840689460895,221.9871495202871,Train
96.43983541033121,127.29946144947623,Train
170.75715032461818,183.08910522272797,Train
150.6503516374701,158.71684818483774,Train
249.61943934888671,256.6153492833967,Train
152.66441345886815,175.5191259076721,Train
262.2852739674144,257.44914641322566,Train
210.9820208745255,227.89457859368653,Train
240.25465418020138,258.8861345559572,Train
143.6031738844421,167.35009779489798,Train
201.02757998724763,215.14616916610905,Train
332.02787248861796,308.66574368447397,Train
204.10405138855316,220.8674754454448,Train
447.0187900645812,429.15977758681066,Train
205.67452644756844,208.43812369876625,Train
198.9036247541359,202.5844407869159,Train
255.2060849842836,275.15089243684474,Train
224.0819071380113,227.06039476611434,Train
350.53109121531935,326.1477361854688,Train
162.0536372162076,156.21434801703435,Train
264.14954514067597,261.174498921964,Train
222.81881498872457,235.0656041775377,Train
227.0614467603533,235.4167043420959,Train
150.87744045556224,169.17362736111198,Train
211.2667960743515,200.8806906518153,Train
240.2295136167208,228.85185849735996,Train
209.7655930826703,225.16440755161537,Train
189.87503447220013,207.1004032095275,Train
201.55783778531008,203.24788017715792,Train
393.14264224294527,351.92286961029225,Train
277.66183271915565,264.0639317292139,Train
319.7838302324079,302.9405954672617,Train
456.5086347827023,418.1401664361822,Train
225.8362463700386,227.930878064531,Train
359.26666499441694,325.5224831355208,Train
279.2998906558371,265.5819648590219,Train
426.9359233542993,420.0549453700233,Train
347.17476308980326,320.20473521422565,Train
400.5164098623494,375.82057669609384,Train
355.96086367193743,348.72414141709453,Train
346.5081245185674,340.3990461803817,Train
281.15819240223937,273.7797432065764,Train
240.41106732295316,245.01197804485386,Train
444.76674928070906,452.8113037754371,Train
344.72523827550685,325.01300673147495,Train
298.966597224328,323.7239182105388,Train
169.10801306863456,185.23393817428177,Train
217.78720989383925,217.2586144738451,Train
329.5041876999421,321.889728691386,Train
238.25894648694322,245.50812072296242,Train
294.05148625484253,295.72456899463117,Train
129.38180700363995,142.21079596360804,Train
272.7499087333356,281.5867541834581,Train
234.15579144392956,245.76643389986634,Train
223.59945513542158,242.06416851156425,Train
139.58089980781182,161.790202004265,Train
209.60012546110022,207.91542136434134,Train
223.65713209528695,230.20651065548546,Train
290.25191971037174,279.0899859594033,Train
318.3844883063548,302.47491560688064,Train
185.55483788323602,195.84094349058103,Train
511.71023660961066,471.6871660984692,Train
199.63843729527326,204.22615484368941,Train
251.59997275151085,225.29382714803157,Train
475.0948429783231,422.0162447909014,Train
219.12304797571034,199.12263441981526,Train
299.1845877436724,266.21707329192884,Train
158.7794622822094,137.73670294560503,Train
340.4076715913212,314.90710311019046,Train
280.5692156710078,255.02239043808368,Train
294.2640945212693,263.8198632115912,Train
248.49230814210568,240.27910860243423,Train
279.7538565335169,255.86575878975808,Train
248.048739695503,229.0835355704499,Train
275.8769576280639,246.71059446459537,Train
317.7385103311997,308.1373971203404,Train
219.63339780491032,204.347604352908,Train
350.0182652521313,360.8571917649589,Train
136.40606740055995,162.83163012456785,Train
237.8442551602468,234.12112404412844,Train
440.83282853119204,375.90270966190633,Train
167.87178751339573,176.1053247414106,Train
220.46113210685763,233.61147646881065,Train
115.60086231157796,120.56069131507753,Train
336.2909781275566,312.0290555090583,Train
245.53147955479366,261.85777375271647,Train
312.32236659328896,285.9070244828908,Train
165.66363924304267,173.6591096181951,Train
257.0552975040548,229.32692717384225,Train
211.9973413763252,220.55636790207544,Train
278.9897708598538,259.8063368111649,Train
353.03258595464087,318.6237026660956,Train
161.1257866606864,173.96175560934313,Train
381.27143204898766,376.7338900919069,Train
298.15748137007785,271.0686408260504,Train
148.62120049018512,157.23469134031035,Train
174.16258940930953,179.91335690037567,Train
115.78164812745096,124.81076265025354,Train
176.47837664460957,192.56833719088144,Train
65.75277496078509,76.11584597909106,Train
252.60484307597778,253.27716578986468,Train
159.53458099018758,171.29871381388656,Train
168.04198870341435,183.67185229771277,Train
145.12706621565826,156.28383699814995,Train
153.78981352691932,165.14665710648845,Train
169.53023063719743,175.26613082941122,Train
129.34831754649258,142.38660168789653,Train
127.74407425480477,144.24983231575763,Train
94.71750076213411,106.15891260184452,Train
534.3000265810359,432.19370274130523,Train
291.0979864923141,267.5234059135392,Train
320.93879703220205,289.8311804582221,Train
494.3224582006999,400.45658012194366,Train
440.2489699978077,350.0417250029331,Train
403.71833242352534,367.81437367697447,Train
297.23054547785284,263.4178784681878,Train
432.28560916079033,379.9369440174293,Train
511.38352347233763,432.41927594731817,Train
331.5242884124948,302.94783656606575,Train
344.20790398126184,284.58918018349937,Train
426.9343701786388,355.42157018274304,Train
422.2036870046255,369.95804793277836,Train
354.5158544592222,312.81006052847994,Train
489.87087254242886,412.65467091939615,Train
348.76874125424536,279.50256533997435,Train
365.2429368037979,363.90584416147396,Train
165.9420048209021,176.17228248449157,Train
211.70160513181963,211.80905331753385,Train
334.52173773655045,309.2355254338287,Train
142.4024026350948,136.21712335870822,Train
216.34359982745244,216.64177512589433,Train
76.8453293136234,91.96412031076896,Train
283.90759109360783,286.3990350652076,Train
197.03038516740554,194.9255921915734,Train
243.21371153501653,229.7602993343892,Train
187.95757019644094,179.9438407191866,Train
220.26196115167883,234.69795589853155,Train
193.12688440072995,198.61070537596274,Train
176.55233994359446,184.42927022369898,Train
265.0383277802724,259.39226947441034,Train
182.08484791076364,173.326135746764,Train
351.91999764502674,341.7608563845333,Train
236.53985030880813,230.42454244568864,Train
306.7425458923774,297.79318889354255,Train
391.0280843957347,352.33183510287273,Train
146.39646581887988,165.04607375574074,Train
227.34769016181306,221.29281792166498,Train
248.88175742453416,227.04043456747533,Train
357.99866760704333,333.83684348045205,Train
292.1984207093403,288.15749686773876,Train
362.9810167314253,339.2510187468639,Train
300.84645567329835,293.2705599496636,Train
280.79473753495927,303.54365959087545,Train
232.82586231640806,224.73942666193807,Train
216.43983001764485,220.65996614670235,Train
392.63664063866963,409.13331775500933,Train
316.9162941794824,308.70911851807773,Train
416.28065389732626,411.9079216631648,Train
192.22125962771747,194.0374241422047,Train
213.20947430193064,212.8103579704872,Train
255.24529791996537,255.7512382881056,Train
171.32873048182194,191.7544246479573,Train
272.9597719875002,280.1611410132311,Train
126.13842243700037,130.23446249327998,Train
266.3646818303221,272.50833994492126,Train
196.63855016746584,204.124706142263,Train
273.9600274484311,262.9410980754461,Train
134.32911367321822,154.47088778513972,Train
204.7458088418271,201.47747908973017,Train
205.21011295425774,227.4035922054974,Train
184.72202601051015,194.02443146672778,Train
174.7815480105843,200.66497989497205,Train
227.8886789544801,206.48591145632508,Train
486.9563265006885,456.42136186915843,Train
130.17281386184789,154.54787642020875,Train
186.45017995640205,190.1618902228969,Train
414.28842478435126,383.27245851054204,Train
117.18754834569522,125.52690086894852,Train
208.6475506404341,205.5942172831698,Train
132.1684316685679,122.85045026379147,Train
297.2501914300966,290.6766858081339,Train
182.39282992502007,185.85954438784304,Train
274.09634715333857,256.0835498762411,Train
246.86074311505183,234.86075541407706,Train
240.68601781016002,229.90622566149517,Train
210.07217123866315,202.59720733700235,Train
225.01920340056114,208.07072115078992,Train
261.02711429585395,247.50364750982925,Train
160.59590392454172,159.51433230671552,Train
384.73792667792327,375.94462968628324,Train
154.26687386259158,172.72208478307573,Train
147.83904339174828,163.20661059103296,Train
144.9544352653934,182.41598986438484,Train
89.61304948352688,119.81337215096181,Train
149.81488604614879,160.63455493266252,Train
45.55994495325899,67.20625498918841,Train
273.8482262048577,273.9731974832218,Train
106.67972980094481,147.68926518718808,Train
223.05445574152031,212.63508207390498,Train
188.97240402658414,197.59556221578325,Train
165.4335746561364,173.13836915210786,Train
155.93796763017707,171.1424571421629,Train
205.9855829487061,199.8211811539695,Train
207.07642061172353,211.84996982813712,Train
89.2104806192294,101.62908235487019,Train
330.25324458200805,342.2449730928751,Train
316.644364194418,292.56041171725326,Train
163.0968359544405,177.50588949534728,Train
156.61065986207564,173.14250256369903,Train
94.18583591732347,107.20345271084373,Train
220.82236412018392,215.27719732806634,Train
78.02024447065698,83.58725095505532,Train
271.27947696874276,267.29235030764517,Train
146.10006161444113,167.7039648078005,Train
213.4819984077521,214.385581533341,Train
179.4252873486758,188.5679898638746,Train
162.92992843721208,170.1711969291204,Train
160.49592167336112,166.10480867967652,Train
137.12326705712263,152.0404106277568,Train
159.31196458849686,170.8347182932397,Train
118.5620142674837,131.98385176956438,Train
404.3491912925102,396.77519681331887,Train
135.49742074029365,169.0067448707211,Train
143.20283534618306,154.6600551134757,Train
238.46543511017865,261.99698538512234,Train
81.78522003228026,104.09718814836187,Train
170.16219011248785,176.99038871733686,Train
87.09634535080146,86.54363322280088,Train
259.58768574722126,257.7392318855657,Train
127.63621130174695,153.3998358381592,Train
191.74192201437864,206.48445630063864,Train
178.90481788511647,194.18726537708287,Train
145.12489891396035,169.094794493982,Train
174.40216510091017,181.75505244694082,Train
172.23661644596615,175.39065947985617,Train
229.62825294912818,232.930747754593,Train
105.07707461039617,112.2415153343616,Train
323.94928882455724,331.53218642129053,Train
153.48846568286643,164.91570495805956,Train
126.57967206739231,143.59990169375791,Train
148.72290797813488,184.9425363081035,Train
23.91817341509426,52.95603408742735,Train
74.16546837827013,102.33359681098159,Train
15.964792867662908,65.41305861378055,Train
202.81614688327218,260.2294559753691,Train
123.71953042509836,163.91443609166814,Train
142.67494349314103,173.90072806937974,Train
168.6823860874006,188.97776628233544,Train
110.74185820787667,147.15736515807464,Train
108.85335985456955,133.40001198581848,Train
128.01689102747912,165.18564290827518,Train
262.7324517266053,276.1578417998888,Train
79.00004195194826,104.62189665975662,Train
319.7359755149832,334.1989874414318,Train
173.1394429944451,201.19449445580156,Train
198.09106733023145,214.68284200505502,Train
177.59084852234201,184.95901889665265,Train
83.63878657077696,115.08469957087998,Train
178.7348814755362,185.99900088177753,Train
119.87913323661974,159.80617108403342,Train
264.0715418540277,264.58324395944487,Train
191.31210732775997,187.80187224949108,Train
255.10082965781652,238.30613922309055,Train
231.43770884419737,234.86230221543622,Train
267.32274488690246,277.21883874954955,Train
131.75593778593202,158.18628262417113,Train
223.73728754128592,214.52750093004866,Train
242.26679415296405,246.51687851050386,Train
159.34445762096664,178.56876507296383,Train
358.3755110757432,347.1444225241917,Train
201.3531246066468,232.81709618728686,Train
229.9178245815578,255.45548317366115,Train
237.56961100047621,257.44649200455666,Train
126.30848386340215,147.39721467860932,Train
190.1344431703355,209.03678900619562,Train
191.04748892127614,211.76637465680543,Train
297.0476211162244,291.1864624041077,Train
203.63483975518008,230.0139978241178,Train
232.80914483814308,263.0675462276659,Train
244.57053636511358,255.18170803880088,Train
277.41901433609155,288.9786640875651,Train
163.3545787510769,182.82966361750647,Train
206.87722961006972,223.7605745256225,Train
274.98696691307,317.96459639902105,Train
213.68379066007765,236.28699173773768,Train
351.7024458464425,356.17322382119465,Train
275.19923658166357,264.4906993795122,Train
342.29384645301764,333.22915356112827,Train
353.4862754605049,331.79858500120747,Train
224.77652360412512,221.5060170254857,Train
243.16459088387862,238.86630410295,Train
272.15047729976527,255.08187302204666,Train
336.2341828517849,331.1499784725723,Train
389.9157075399378,346.68572780927553,Train
328.19505136422373,306.3117929924229,Train
298.0722143246427,297.70094566527933,Train
278.5471964211948,293.63772994092443,Train
241.61999765388023,234.91430410145648,Train
208.29061802269854,228.31600106748903,Train
409.5590575276501,409.976943904114,Train
383.4253161687348,328.1510669656433,Train
395.8075670816055,390.4750525242234,Train
196.89419485952928,199.51074807589427,Train
180.05072808252197,180.2839533174811,Train
271.7771667505835,254.5597819772449,Train
136.07351086371386,133.2504380374905,Train
196.43976042191298,199.85728685407258,Train
60.87591542518105,106.41756191593399,Train
268.38197587351794,274.35186234449696,Train
167.95794176692368,171.38994735078182,Train
197.10381310539827,201.4934488612591,Train
152.81958988894166,161.21891183878148,Train
185.60527211755394,186.52645283271215,Train
169.46085979123504,178.11561545471187,Train
167.38635290998488,172.51597585354278,Train
217.88175147380366,211.87728637500882,Train
131.94705548269127,139.31127179543233,Train
370.109820260834,364.61044130796574,Train
223.7453383068069,213.24740666466136,Train
206.9499337723712,201.93947829597707,Train
218.2236066575267,224.44171551181805,Train
121.06635696227357,117.16500437085168,Train
184.97818468661177,176.85369490279567,Train
105.45908983054123,107.87601632374526,Train
278.009072394062,273.86046554525814,Train
212.62813237717407,208.6364248582002,Train
227.81626977987742,227.30972092552247,Train
204.5734846021722,205.34200838088694,Train
191.89977684405812,194.6076840224261,Train
189.7951465055354,186.4492584483099,Train
250.75959358660413,218.30054497454708,Train
241.79311808726396,254.1733257197002,Train
124.3957200075152,128.50186095701056,Train
352.81387184269295,334.5527562846869,Train
237.12751394542306,255.87241662321205,Train
300.02848610676114,294.63241572540323,Train
366.5167883267072,362.43017177664444,Train
233.59242060526145,229.79155531264107,Train
324.7553829424238,313.0511874600004,Train
272.5056753381941,269.7976722716844,Train
367.3432977925725,363.73777503542334,Train
350.26825030555904,323.6513984189078,Train
382.2805328771535,361.6646024363219,Train
344.3801455073561,337.5117852653674,Train
345.0670881961667,334.1350483145484,Train
296.84136094358547,285.25066925880407,Train
245.20296374961222,252.57347455400136,Train
501.651896614247,476.2217990376411,Train
338.18815953749,322.3444270332023,Train
382.527539748287,370.6645951383582,Train
169.90538859901122,173.0538493007062,Train
139.33420975907887,151.74266905631407,Train
98.31400322849012,124.29880271861089,Train
78.344769007245,85.38388725362434,Train
135.4265070953433,145.19336204062262,Train
73.55921749278524,110.44121617716237,Train
270.74290019957067,267.024837145366,Train
170.47755521569957,177.61368186087148,Train
217.26318254117206,219.76886526876402,Train
190.59978217598814,198.67475011441832,Train
135.9873541201477,153.56196072705265,Train
133.92589837365094,145.06107352871726,Train
201.9154149364976,191.92728018033287,Train
192.95590380868782,189.9566836868061,Train
61.547364990221524,84.28700439964587,Train
377.5563136106816,375.9661121884831,Train
360.83584063896194,327.5060236475939,Train
148.19363795894003,170.111255211748,Train
208.62970557061573,210.0851743893691,Train
139.64404347398926,159.94816409716367,Train
217.73665166906056,229.70467999295303,Train
71.90753015582946,90.66201350552087,Train
234.1566789342961,246.30403089185566,Train
189.9840980044605,184.46266522776895,Train
240.3897873663227,236.9718566604002,Train
189.37374701988256,183.8872541580573,Train
166.43597696514004,178.27947060823448,Train
185.57647720209536,189.7035988611976,Train
159.29524773074843,179.9969722380263,Train
112.0922885510992,133.76931245274943,Train
113.96759966314772,128.56687934658436,Train
401.7358420856703,379.15888421026807,Train
236.54083380869972,238.77941734238792,Train
312.9142111031125,299.92369500248765,Train
315.85597396890836,316.9449515417533,Train
231.3661224060874,212.4794304162602,Train
297.4446564146497,274.7521894871499,Train
276.091575994595,256.7203139773728,Train
387.8068811459237,360.2419493938505,Train
314.0905718686355,291.5891072722411,Train
355.94264816273034,339.3979227118457,Train
327.86311002820855,310.4816846246136,Train
345.3519574650698,334.0196489252653,Train
187.90919047331423,200.07439507808547,Train
230.03480905294194,235.6832753860908,Train
492.7288132039527,425.6897377072012,Train
303.9912029263468,306.02533620333975,Train
346.86184842448324,352.5648088826596,Train
189.9534698839446,231.25481308006815,Train
232.59588080538197,253.75176117530216,Train
205.28908118879517,235.08622582155402,Train
87.03307103418409,144.67850596883778,Train
147.32785034154915,196.31641737000018,Train
127.17341911088991,165.12939134281584,Train
282.0697773422065,272.61773180511193,Train
185.016925035499,188.57726501875564,Train
242.01486219076747,243.51687812450334,Train
201.06358880801173,225.29411151801352,Train
321.16310488723184,310.4893281067936,Train
115.81341042842786,142.0557937662852,Train
197.5145054315998,200.47133479532195,Train
296.76638989674757,305.1337437031839,Train
154.56906382387126,165.761517492941,Train
288.38993796744586,302.16687788045806,Train
124.75965299143112,159.75032027718183,Train
181.68642615700594,197.3363279819628,Train
109.1702574641701,140.55941405168167,Train
75.21114691292382,102.59014914873477,Train
142.8090945032669,152.09008803975718,Train
42.46410023519951,71.70752876135852,Train
222.17616410872148,231.85284982034892,Train
153.445286123833,172.1741660342172,Train
224.77146628053407,216.49652280456016,Train
187.6547045788245,197.1617531216516,Train
189.09500101870447,188.62642306555185,Train
124.09235560017379,156.17840496540632,Train
160.64676832323286,175.1678881842861,Train
169.2582391878811,191.9154776771053,Train
69.42676819411886,100.40696966536954,Train
332.44092691271635,333.99592468812534,Train
147.52795389084662,156.8123895414257,Train
141.14808251255175,160.72451563582737,Train
232.80131277783178,233.9016534691238,Train
37.48764468668665,57.943675004246856,Train
122.20707823911634,137.25408389027513,Train
56.45961343512096,82.22367998965832,Train
239.2452502747003,253.40894692334186,Train
205.06398875785456,219.84411694507722,Train
212.91582888458365,224.06138494971907,Train
192.80077065488757,207.63407639504769,Train
218.2188140687664,226.29896671028177,Train
124.66995912622005,141.72839842211366,Train
125.65420582724843,146.64620400343853,Train
284.1715541718518,284.3208523718062,Train
162.72200416002997,156.99814015437462,Train
411.27045917471645,406.09911694178743,Train
159.39897749487915,175.1104175712945,Train
180.57888580462182,192.5930233859372,Train
264.8101841039445,270.9790616629661,Train
195.09287239284717,213.0042917933251,Train
268.92695067132996,278.69899177782753,Train
122.3124189393926,123.89934524863824,Train
273.2492771970354,277.0306304698304,Train
235.2375254442581,246.01679713746208,Train
225.27716368106098,237.2634737334713,Train
159.3681919074437,160.81025118816672,Train
167.01061012340656,176.09475761305646,Train
192.20441832894937,197.22765644994513,Train
213.9496165240722,228.34601574426708,Train
218.24620470877502,232.3323061715795,Train
201.59418288305795,199.53016121733324,Train
375.33084324976215,386.42298658448567,Train
260.84418582199527,241.6353934775869,Train
184.9443115947791,180.43874150600556,Train
182.63122056811358,192.28795992314417,Train
134.90491274199888,133.26811228331692,Train
171.2653881164348,182.48236785278405,Train
60.71264669142151,64.46215943743418,Train
251.2466884669588,254.96978457923163,Train
144.3675134430469,156.10399072600168,Train
184.57512161968572,191.32429101239464,Train
154.86951299687522,171.00158318518206,Train
125.25068757461541,142.73198492140438,Train
165.71864535290632,166.19946913718496,Train
136.273386331748,145.80914965487403,Train
148.9149105111403,162.66296044829994,Train
102.14321789108338,106.0181465408888,Train
413.32162801784784,394.04267783660686,Train
363.27506515431855,325.63388679906325,Train
365.79130331673736,347.54218603571894,Train
452.37034250510396,412.91897070924216,Train
371.01218271941843,317.80450066543705,Train
328.216823959681,301.5742945554223,Train
351.98426622589136,319.8452518586712,Train
452.8145095180497,428.37836440716313,Train
420.7075538361559,378.7008296795161,Train
483.1633991802099,439.439246476972,Train
433.68204555021197,395.0415054923597,Train
492.76349294616205,438.8397103842401,Train
352.40774136806,328.72359549250564,Train
296.11479081590574,282.93013764454355,Train
575.8846412896995,534.8701642920919,Train
502.2172927894411,434.6193689403972,Train
315.4327837560073,330.8329042119147,Train
182.74949167275406,179.2404637418108,Train
155.09609087878636,179.4240136747891,Train
218.47258137410435,213.55300836058623,Train
57.878963158708004,70.51507922803327,Train
135.31523623259721,148.381318828255,Train
48.281400595772126,80.94602009068448,Train
300.7774562482326,294.1263962045781,Train
161.30340318997872,170.98857264361868,Train
200.35924142101055,205.78053784624285,Train
221.94497094132794,220.58371311203965,Train
135.060591750931,161.6727503300783,Train
156.7061038498196,167.8572090778084,Train
150.38150723799393,168.04839237226258,Train
305.0868019154539,279.540086200937,Train
113.32198788219955,121.5609057661783,Train
277.2487471103756,297.0392327837387,Train
228.8958120492206,243.85900126483898,Train
215.65200517199352,238.42611354383536,Train
325.0173264786943,339.6057680469652,Train
133.491775969323,172.5557835099705,Train
260.57535364387957,274.31627245944503,Train
128.76805950236377,186.82274636326716,Train
305.069893544776,316.20510793422153,Train
292.48085577111607,288.5895340576319,Train
266.00094618138394,295.71153737385856,Train
292.1301647755797,308.0768783423909,Train
258.86851155370334,284.38809752643346,Train
271.2159865157548,273.7314009113309,Train
203.17258966173432,225.99787175447727,Train
401.23832099164144,426.7310365629842,Train
287.91318050547653,293.32611417187934,Train
354.52547002389815,367.11096646341383,Train
190.7542375196743,198.8966341238244,Train
177.56797168449557,182.16445682736472,Train
265.96667251836215,270.85643483294314,Train
109.45034002127379,123.53490510820534,Train
173.5189741932307,192.4065460667449,Train
62.67257503423279,97.38771247541158,Train
228.41114254427995,251.02422891955595,Train
107.23467672337239,137.5306181254242,Train
199.64317757151008,207.36516204265257,Train
131.1366450886929,169.01181647778768,Train
164.21507927492092,174.39124364300892,Train
148.37848013019405,167.66587609030609,Train
132.62684765451235,143.54314902102624,Train
211.46018184787602,251.08510669368644,Train
108.37848271028466,131.6100441330837,Train
412.98067185186494,389.1015079557728,Train
324.5127197352719,313.3533841232822,Train
323.61588984029555,310.1878122575738,Train
368.2901821669359,361.2147743282998,Train
280.0355967151929,260.3819335773747,Train
331.8521334850664,292.3626378066798,Train
341.7397924765568,309.54346551669215,Train
453.1985736896636,414.756644144044,Train
372.2284771243869,350.3754928711533,Train
434.82950278072724,397.3482898054618,Train
361.00165065868384,354.6706246933587,Train
385.24492075825736,372.7008772954507,Train
280.0593130794474,267.4991755087802,Train
269.44482762225397,260.7041277452371,Train
538.9014643866773,480.50583858101766,Train
440.9292233727173,397.5480906466336,Train
356.3805859784877,354.1284082918326,Train
224.20842668333665,231.15448423563114,Train
162.12440053661933,175.4851764002544,Train
257.62850753833567,240.8738325532035,Train
132.72074768848563,141.05601475027822,Train
228.40112098706925,228.7300923464104,Train
68.66962743408654,89.82531725517515,Train
227.52626702953742,246.26539617376986,Train
158.9710397734221,174.54473615198552,Train
216.50394566574033,232.4464884979511,Train
155.12498470649217,162.19527028326615,Train
177.8341568956779,190.3499429316222,Train
193.6314622332971,199.961925996387,Train
174.51690071935002,179.8918617193234,Train
102.99047235383658,141.36126810077494,Train
119.05217713675674,139.15658239276382,Train
313.69153693974454,329.2788027161481,Train
229.5850288721361,239.21804469033276,Train
303.0496430925376,297.1892114543403,Train
233.08537960094898,265.3930452269667,Train
135.1922383973705,165.35070706150006,Train
240.37021948180177,242.21838897885783,Train
240.61932285424302,252.02436016815523,Train
370.43954851469425,360.782870146889,Train
230.83089646315545,252.95194825436047,Train
269.79336669962663,283.4219462502299,Train
259.82695922410767,271.97125034547884,Train
291.9316740365987,304.15294510964503,Train
222.6075111370996,239.45351482205515,Train
223.35447052561048,239.2654987080683,Train
402.6725522021313,408.72115040213976,Train
284.5617561666621,280.32073788101826,Train
281.5681452943788,301.9517555468127,Train
222.01581572072038,236.91424751131214,Train
257.05115268257845,269.9785364200112,Train
428.67415617995255,414.5883396100897,Train
152.38482621284317,172.26202495552957,Train
254.18316278125002,256.311019056219,Train
282.5691658851731,270.06339832925374,Train
412.54283552461254,404.1385111431072,Train
276.60417169956816,278.2919657714711,Train
385.7531744100402,343.9804480939433,Train
382.9898436560284,363.61567681496956,Train
366.3141794375331,352.01167396656587,Train
279.726181754554,275.06340978230145,Train
238.7258506070911,239.7812004746789,Train
523.3131859951445,494.63319789472195,Train
349.4881879187143,323.66616919348985,Train
295.6695152925806,315.10387130339575,Train
114.93987286286013,149.9941033440574,Train
102.26746428970388,133.78017829773583,Train
103.65228957311191,137.49379779658125,Train
31.59434871308413,60.490594061380996,Train
96.09364170962073,123.333859105285,Train
31.150168562721504,66.91702663473416,Train
207.76392927238658,226.02900946690903,Train
107.9349238386159,148.0897812248629,Train
176.16315226140952,189.96529689075527,Train
156.94861454076732,181.29560076068216,Train
186.7913106766895,197.97574433346676,Train
94.19124066917587,125.66324336678625,Train
148.64840451822653,163.6831542321948,Train
189.16280222384154,202.2644391608203,Train
51.234433786020745,84.12550137424611,Train
362.1793845712682,363.24813173370455,Train
239.68922688889754,239.42770817787456,Train
229.26405288361065,221.9351145666736,Train
211.9038625554074,206.00047516539635,Train
166.608655904288,150.30587302207078,Train
201.87843293025225,203.38332945788252,Train
139.2131936333002,129.3766554773934,Train
307.6129380134319,296.280162581064,Train
245.07766607064735,225.37601175701053,Train
277.1073778049466,249.9880327953719,Train
207.70207321632944,210.67221963974922,Train
253.86175230479608,242.61046781327656,Train
170.58641507034633,190.13131013695792,Train
192.37606151298039,187.20538757311792,Train
245.73069163269815,228.79090214751088,Train
152.1503054294997,144.66969538028673,Train
314.984333837035,317.0679105417632,Train
186.14037675103208,206.7420473380458,Train
158.86893316467567,177.79870268307423,Train
138.6700030779658,174.86567256020166,Train
118.54358649090244,119.41280703408546,Train
157.98968340348551,161.28957760494657,Train
110.00829381571525,111.58162392111882,Train
247.59941772759151,247.334505491435,Train
178.7630551391142,183.85504949860842,Train
214.9992060502835,215.49388084238808,Train
205.80787046109924,225.64760890513008,Train
273.6890483715615,276.37994820567116,Train
142.14273978167034,184.8831461180157,Train
196.1689446914257,196.7709356525505,Train
253.7676631008277,263.7806083437732,Train
97.938895009876,125.91061922473624,Train
358.992452620926,350.54835674889404,Train
236.71549521603578,222.8626751603226,Train
208.98380334654644,211.90616480322421,Train
261.7973770124581,260.01842845085076,Train
83.65621621377095,105.69426431139033,Train
140.0603209504848,146.2081175480088,Train
130.00969122259966,151.13636596053266,Train
288.0043270301156,284.96484222592517,Train
316.5442283730325,274.57484261106083,Train
257.6293952513505,247.27826557360737,Train
223.25982766506945,225.57794219783128,Train
293.9355256141895,278.68236808896603,Train
161.65648909871055,162.28270189663928,Train
235.92271811863262,219.28240878541104,Train
352.2342126739558,329.01456181153765,Train
195.59097276467998,177.00595340809562,Train
334.74831432876005,361.41995059404366,Train
213.2460980611396,214.13198192989083,Train
137.32284240846565,158.37472302199623,Train
152.47854737073808,195.43778396686426,Train
104.71321294795702,117.51380330570022,Train
148.02683914012243,178.5125543154354,Train
33.91942594723437,61.6149589522913,Train
220.8909733692928,233.37492856844227,Train
127.94148140629761,149.42411872130504,Train
164.57095005824903,181.861710565315,Train
124.27937932514683,142.71658860168492,Train
154.06676920699104,161.1565637387594,Train
159.43311970378184,173.12950698745036,Train
133.37843081551904,143.58940731425065,Train
131.90270254220283,156.60141493157604,Train
113.00593488383292,123.09517575830996,Train
411.44281271094843,419.90274017799516,Train
218.7833142351996,213.57116081562663,Train
197.67987636850432,205.78408421135052,Train
285.13249911086297,267.17281395936493,Train
243.14118246227514,234.6455146239939,Train
327.2059264227412,318.6147245147279,Train
166.32673099226093,162.1803565080458,Train
299.50359617083456,292.39304599738693,Train
257.7365219584618,266.6393565482962,Train
244.0255083551428,244.7148470386951,Train
167.3705553608776,172.3411536834787,Train
188.77166297566612,190.4899053626753,Train
227.72883119950836,230.42678508430706,Train
249.24206003240442,245.75113149192848,Train
242.81134947435413,231.15059158322012,Train
201.43669952535765,215.60731587031148,Train
366.37165791917664,378.24252331340324,Train
174.7697890716663,183.24582423583036,Train
144.2402228072412,154.1497031784709,Train
152.2829591259014,169.3255249201682,Train
76.39799802764672,94.25084181525739,Train
147.58533951247733,168.08419205012422,Train
50.84498358039315,65.50416347023264,Train
258.6769302313942,267.50843964899525,Train
134.08117946548037,143.44652621204116,Train
223.0577312826519,221.63788117731917,Train
189.60658568290853,194.70776333047758,Train
138.7277426662505,151.44201256325314,Train
126.42120223267762,146.30149354996814,Train
173.68696438218996,170.83163594704683,Train
196.5250291147876,191.53572707441603,Train
72.43539643047035,85.03267607442552,Train
327.50057283282,328.61631544028336,Train
302.75734118467875,291.90989014387657,Train
243.0938585016332,265.02853273296364,Train
418.01012478368307,398.4759012040675,Train
246.5061400308286,246.85740976299908,Train
285.08190424306963,275.88876836744606,Train
229.2374174204063,240.25475418249,Train
351.9726795628386,359.7851617390028,Train
317.2876906703664,305.54116281964747,Train
345.6824507429897,334.4885451385588,Train
293.6569597807087,308.5829421910897,Train
357.2112177835232,348.4332126473455,Train
280.84522475143325,289.1311279870547,Train
239.55898068443895,241.95569644691597,Train
453.8524855825402,443.03048065135476,Train
297.225739445737,298.34114103484205,Train
372.29328836295565,353.9017874427754,Train
207.70591964669867,196.7304569537467,Train
204.1526812587918,196.16274072090846,Train
400.133573199235,340.3218977521199,Train
116.64859546802833,121.54838224381147,Train
218.1977480651719,205.51970557483392,Train
148.28103099066544,136.48759534188758,Train
351.39844424450916,323.7039356780335,Train
260.549987826703,236.66657301140387,Train
267.73566173724697,248.88992334569485,Train
274.95546597614106,263.49901508301025,Train
187.7094005433853,196.90103743055093,Train
268.4974654389797,237.8857823729078,Train
205.81966066292412,203.17723249211895,Train
237.6759862152187,246.7783280663317,Train
189.0664420958634,185.622938794869,Train
373.8474426211897,355.4894825756794,Train
230.09393664742947,237.68209718912541,Train
285.9130538941706,286.5609395148456,Train
366.3047943614131,366.86612143122176,Train
142.26915804915708,162.02949121195098,Train
229.80614495740252,234.00612678395143,Train
275.4157550861493,268.7894716718926,Train
328.0979884353975,336.4269491154165,Train
258.3528450051472,270.4833532855887,Train
335.6803247953982,325.9333480130025,Train
294.0804278061507,300.89835883209133,Train
291.0531540374045,308.3792393049722,Train
235.59850348915984,248.43496334733697,Train
208.21647616141667,210.76240365902024,Train
422.4070720541747,436.35468333817744,Train
339.17029116743436,340.47974706121886,Train
373.553034651001,374.39546479920773,Train
360.3739125195416,321.7306182295335,Train
147.76521281951392,157.43850059527267,Train
138.22693555091814,171.46169521034088,Train
104.25908071375426,116.76715369353124,Train
203.36164830802213,206.38188072246692,Train
43.53463833372193,70.02324372084009,Train
244.27805079085337,257.0684559657057,Train
144.09188567941675,156.12379307357085,Train
187.47614299941196,193.5020307111402,Train
164.430822750839,171.28950548856628,Train
130.95592493369782,148.46723492442902,Train
174.5514495479885,178.82040649045624,Train
123.71739659371109,142.9756756943451,Train
114.95376607086538,139.08903620707525,Train
92.26055797945152,118.27849595498994,Train
355.3773945370318,349.1147199995692,Train
331.11072462545104,298.2921044941585,Train
282.43257387371216,280.8394872539695,Train
321.34294228181534,332.928749781934,Train
230.84182984976042,211.9864539354915,Train
217.42923657754756,223.68642514282783,Train
256.60516246517665,256.328446542829,Train
369.36960751264775,359.1809717087899,Train
324.7225717199608,309.75676058642773,Train
350.1640550871158,342.5109511804878,Train
270.6940576141129,286.62901827780786,Train
317.3125793009519,324.06947160054614,Train
241.51962014763288,240.71733888929987,Train
239.3151801541559,243.25062355395954,Train
478.6992593205208,449.4325521723803,Train
329.6718576467278,331.794817432245,Train
361.4646424584704,355.6714686484468,Train
225.21343964823865,227.38459296844826,Train
365.5576844659999,344.68403507579825,Train
411.49737691175403,392.33123232144294,Train
219.53251698550113,206.29479385297142,Train
230.66310468724123,223.90030746308108,Train
252.3891400169742,254.1038937858487,Train
386.2106229747002,369.65139101110753,Train
324.127553560419,294.8656052584021,Train
314.63993177413096,320.0143068468476,Train
322.7477576158358,318.1028529596858,Train
295.95103108553343,304.3692853397622,Train
237.74975218322422,249.95415595141222,Train
249.6439209089079,247.94004085794884,Train
454.1335372625845,453.3581636475211,Train
333.21860124425405,284.8068326465553,Train
269.0127500137056,289.38368400577605,Train
192.29015817946015,203.35421348969345,Train
276.65762915905634,285.06567403118083,Train
315.6151629524944,324.4551810561271,Train
130.66275955977437,158.47424830902202,Train
201.3004189808962,220.33370523525764,Train
209.02814121585993,226.20313365545704,Train
335.84592626466554,335.9570237508651,Train
228.25377412731282,249.5931919729878,Train
334.25168480380216,312.50640506882735,Train
310.83965829413324,308.78018453688134,Train
287.5176945983062,307.45053944496567,Train
215.285793716321,234.31590580953102,Train
185.1439556481777,209.55001006118854,Train
456.09218039387616,454.90391441523803,Train
314.13046795341654,326.6817689348897,Train
461.1501077286285,443.9011660722672,Train
250.96489570300633,235.98160852325242,Train
222.83604190796757,214.21251698577896,Train
310.2635463435118,280.7236828902236,Train
184.24740900963926,188.11500013780787,Train
296.2876299063498,274.3250695372708,Train
159.88420903364357,146.8069894687841,Train
272.03714639152054,279.8683234193802,Train
212.74644197998072,236.77180449148798,Train
241.012095799024,236.97540623467728,Train
188.83410784865043,182.9000897184679,Train
220.71247812886003,210.21109894671508,Train
249.1472066396528,229.66793734748367,Train
235.63829338102883,218.3024749521922,Train
211.68573835298787,211.5687588734088,Train
142.28954155553015,148.17366835579855,Train
466.2378961959523,412.4918350415173,Train
154.60969620025017,173.46291173509732,Train
210.54404659647776,218.5250236322049,Train
476.5409473846351,436.9067650560688,Train
193.10039856472196,186.77018025120324,Train
245.7224001367386,254.9055171769181,Train
137.40695210068503,143.200360062322,Train
372.1540544565611,338.4312438675787,Train
309.46370720436664,302.35789790434103,Train
232.83591034410207,230.109611494237,Train
215.77066387576727,213.26758038211867,Train
258.26796779936205,241.36614890014454,Train
241.32782211488643,236.33479492886025,Train
294.4502268223406,264.22672476079657,Train
344.13518192172455,332.1812361141826,Train
194.3826874130381,194.7362999573603,Train
318.4436770179243,312.7821728399956,Train
255.5601284832642,251.01352580450632,Train
287.2818684323388,280.9277384223159,Train
424.1088968651481,386.2630908814815,Train
228.5412137816921,215.44096637192078,Train
302.5788191819708,276.1335105333452,Train
264.7217130659841,251.10924776389362,Train
440.46989543373195,379.5942819993064,Train
332.8233662852148,307.16216247890145,Train
375.7821256204321,335.1249183057248,Train
383.8461734393842,370.1706852006585,Train
437.5155097420709,418.51880371042984,Train
305.79013452849216,297.14503087250506,Train
279.1700477986482,270.1846004035564,Train
560.6552495525391,535.5256333430068,Train
408.2457397901645,368.2414509477212,Train
486.29855089771127,455.1757845043162,Train
237.25115000853216,230.36229081683504,Train
215.74346916489483,214.94835952753374,Train
355.2755083667996,333.12022814457856,Train
253.3472676142462,240.85633746729874,Train
343.9587469072347,326.19755129264456,Train
200.10994624576523,176.31676313965946,Train
297.8008656298376,291.33172264244064,Train
283.5315050594518,287.1048109585411,Train
255.30186453460806,256.775892935068,Train
216.61194405530614,194.64587203013218,Train
202.4617436215462,200.8143302507314,Train
296.85126323332804,273.79194477978086,Train
342.280502890652,305.79043524438765,Train
335.24946259351776,306.12332629316484,Train
268.75814234192546,257.28804491684,Train
422.0865281464463,415.57053344853597,Train
202.3316827031462,208.08062948918257,Train
154.15268054530145,159.7388352730979,Train
253.0495216729119,251.74962494855896,Train
110.52220608597763,114.43728207480481,Train
178.07073378449857,179.94484769879568,Train
42.69510476847475,64.40058271565887,Train
236.39531903790618,260.82813884163306,Train
115.17137659279281,143.0102043358498,Train
197.0232774331347,206.32076164331022,Train
142.45102155893193,164.72779968796934,Train
182.45460897018427,190.6355277338344,Train
152.53403966689186,169.84496133578486,Train
126.18931364905478,147.59796553282158,Train
169.92043091667284,185.2210720553741,Train
77.22739146974624,94.24784418171018,Train
74.78922034049211,209.0230231385765,Val
313.89092118237943,279.8985113624773,Val
322.0602692838757,202.6291634781588,Val
214.79726464498094,292.23288946172755,Val
144.41819290654456,285.73359481509925,Val
220.43671909610154,345.4957438388951,Val
212.5645145790968,302.41173847923085,Val
131.30157935553052,299.614987781942,Val
160.49898570458004,229.79721059865534,Val
361.30466123995063,268.388381585816,Val
352.1885637091341,253.26591250680306,Val
371.15069311213057,290.4998064128757,Val
170.85447278562245,259.4614270613361,Val
384.31468412306435,237.81054445960766,Val
195.30647447589877,246.45412999503577,Val
167.32984384412578,210.1358456094887,Val
107.7224386783576,190.81998908957488,Val
290.89689289098294,289.7939167449551,Val
288.64394352000727,188.72762191004566,Val
247.96359056543048,291.4446791505623,Val
104.91522691010661,190.47435325454055,Val
288.14757877107127,308.6436741319188,Val
149.4411875327364,227.42665128726114,Val
98.2960531951021,205.35030445256518,Val
132.7781662191834,245.10992694868077,Val
291.54446948348954,287.5847063960371,Val
250.89180700425288,241.5267559806085,Val
178.82017878147337,313.94669980504926,Val
77.16627607220457,236.94006595247475,Val
177.19275804180884,293.82439207052386,Val
109.29980808127954,238.4383276102614,Val
111.48742619061665,219.13580285861892,Val
72.8667416229254,223.18188184836097,Val
273.85837530609,288.35046094626927,Val
226.4072228343183,182.52805427670128,Val
98.51328420761027,305.6767600397685,Val
134.5209097255409,193.17933307168184,Val
201.77623772574776,285.9860304109956,Val
153.5698209709571,187.07735008300824,Val
133.4016594611689,298.66826514063854,Val
96.56760785557272,216.9299528663122,Val
129.57744572439142,299.89828582211817,Val
169.6247030488985,217.19874509135062,Val
104.70937982909417,278.6814971565172,Val
92.81229302470466,192.03654496735479,Val
258.982592591976,281.45376988147984,Val
229.21885412643064,240.91422174590255,Val
210.02107762806867,291.24678310356387,Val
203.88954129748427,197.7728809997386,Val
345.5836397194696,309.2514281337761,Val
305.369807117412,214.94270022150778,Val
338.7480434913113,305.61431969243966,Val
141.25298807382083,212.95075328468425,Val
269.39707895050714,252.40893555521893,Val
310.1465504962161,243.56685253297664,Val
298.5014027109477,298.7239135763281,Val
140.79054140092248,212.3757255120131,Val
289.41438697086335,258.0730498520903,Val
280.6163377993323,199.27616863908065,Val
282.3963938863292,292.10862134829654,Val
156.07537951964753,198.289305993746,Val
293.6173377729079,275.24834993856047,Val
259.70595771333365,194.21709778562374,Val
204.84123934092474,283.10018182985254,Val
142.29547727127647,277.9138857051119,Val
268.7892082488312,217.43386423061798,Val
153.8240322417281,239.42344515465115,Val
105.39994924996735,277.33849371185033,Val
121.73639465773188,203.80466108414626,Val
196.62307920312105,299.5889654654216,Val
149.05730067491487,186.30153815588938,Val
126.0390590731132,292.6008370207489,Val
127.66191788391822,190.4770054192076,Val
237.0575114915982,216.3434251066347,Val
192.49681270315077,203.50408807768758,Val
144.4798215185757,275.69736879404655,Val
219.19681511684976,219.72251743988994,Val
422.09572433645667,331.4384159064226,Val
254.03772300145474,251.58443053804118,Val
219.02281111184413,201.44600155775953,Val
97.47584158404884,189.2612360814524,Val
203.76708415095152,226.51090574080976,Val
187.61552709972577,197.67576139703323,Val
147.02117043037134,285.23278342861903,Val
190.27989036606004,222.12925940779107,Val
379.6580998678855,316.8346135617809,Val
355.5976309698136,345.4999502401301,Val
398.0984836718445,281.73156067465555,Val
134.23308246178928,207.12330096096707,Val
325.54575724178096,297.95625015732764,Val
243.9441093924458,189.83431074822175,Val
225.42813891378384,290.5929671675347,Val
140.8536920993003,233.12460434665695,Val
218.7052710070921,289.5461343179493,Val
191.61101824021114,182.50744544599866,Val
133.07093379865768,240.0881772256099,Val
277.69011309888276,226.26598411003812,Val
358.99992891760274,265.43772392420004,Val
321.38950335317764,243.43485049272493,Val
388.85883640560724,289.5205062895689,Val
103.02781451400628,175.39025031228104,Val
307.2779550070684,333.6444094090557,Val
210.59959564931683,194.3001469439124,Val
127.99273644075166,299.7268601888545,Val
175.46202211502646,289.4216741907961,Val
250.42873616417785,317.33990748595596,Val
230.97131290100825,257.6166662838057,Val
257.0897523255177,287.5703269604854,Val
121.50086150760131,206.30091100919944,Val
280.5730090479507,276.1644574600961,Val
285.7181654051678,195.0702931315709,Val
213.93633057925237,312.55729556208485,Val
154.74933677744394,206.49841221844534,Val
341.2758312431823,255.47579767620496,Val
181.3594736112338,194.2245189082259,Val
137.00026388159836,281.29681470146363,Val
177.32726064882945,215.66792931245584,Val
283.9499839295988,300.80390801317867,Val
271.66377640325663,243.7322594186048,Val
385.4686380698031,292.9129938211152,Val
67.34952514385103,176.3907108765108,Val
254.66645878639454,302.7828699232873,Val
228.5612717459643,231.05709489047126,Val
129.03396402256007,295.5276088551556,Val
99.61375753141516,189.7767534686217,Val
213.29441508838792,299.9864257086433,Val
201.04111364312334,222.61080749932825,Val
125.85385319562161,258.28360521711704,Val
98.338863555102,229.3077091541755,Val
313.35370327567534,289.7121665230817,Val
167.93954879813901,226.39118835790595,Val
113.59640012249291,220.39906488410324,Val
128.26855357643046,191.4253788705981,Val
195.2655822812805,273.57146818013433,Val
192.3034920054174,183.0070181077334,Val
171.88228274884148,299.5666383610611,Val
251.1913723047751,296.0367800755206,Val
266.40792313422105,306.9274199990895,Val
271.21519670209744,250.96212851550854,Val
286.6131930084039,298.6983891559866,Val
143.0228908185677,205.6619079922614,Val
347.11131666263947,312.25477284417906,Val
267.75762035117395,263.8772352580543,Val
258.46180188417094,292.57457494639175,Val
245.70964157779872,221.57749535559734,Val
341.0576033598886,299.47923828397535,Val
366.48397633517607,267.1072098617099,Val
451.4887605036609,300.434022571272,Val
104.25611668705315,235.28887638174274,Val
277.48406838411796,275.73250039095643,Val
300.28790647974756,233.77852036621627,Val
186.66763097394204,311.79347783390944,Val
132.81400302200018,263.7753123606378,Val
183.14353018227058,210.64475925630103,Val
188.046419266121,217.6400793490002,Val
126.52267027355185,211.5180929512299,Val
199.28653430734653,301.74864825211006,Val
298.9506373762283,317.3776127281331,Val
300.71754748215193,280.259879293449,Val
358.5872646251174,281.43822951032723,Val
168.26296844101546,257.42685182076616,Val
361.008879979693,205.71250609661797,Val
168.79257249926889,245.3481953511502,Val
148.1140459997428,276.3676347077634,Val
156.56162004919585,189.11078127403624,Val
310.52317706405626,276.78121724611054,Val
212.51806884949147,184.9586525379308,Val
177.54629540550155,244.60094031906286,Val
130.2693729779902,235.2751935704428,Val
389.9633449065524,206.91519729311045,Val
138.70770244637282,252.19479174108082,Val
150.00244559745164,282.4829371283787,Val
58.26859706848039,185.7178435924446,Val
315.8973631738439,320.7383924491208,Val
167.60379907822448,213.75098010850738,Val
85.8879047816222,295.3871018956179,Val
330.2094605946717,276.01049972203595,Val
511.1930305637079,225.36147554020457,Val
335.2194511613541,254.19624961650186,Val
313.28872238761005,242.96056979190436,Val
130.69190033506823,197.93908680699343,Val
278.8594850531863,315.3616142198045,Val
136.58760206511755,210.54720110644777,Val
130.87625137086224,258.7330697948075,Val
146.77879064008306,251.3719632627116,Val
284.72413002047176,264.9720107440166,Val
268.75231232064834,210.50569169030788,Val
308.863337540613,289.7903896639403,Val
120.04341884219778,254.91067523224623,Val
278.2457676737372,232.7695171235478,Val
124.99572544909839,206.04095807891105,Val
153.79329216828123,275.45659384525385,Val
123.22557228662421,201.79961027420194,Val
257.4161193821018,286.92628225237206,Val
157.1675452109741,185.30409917101238,Val
119.97984977324141,278.9633734475452,Val
100.8877629712237,200.82626385138158,Val
263.1082676677063,333.18655981883114,Val
176.87199470867736,220.98801943855776,Val
94.17894409413684,295.35621424711616,Val
60.373416094083254,183.10032715084427,Val
201.7461700682954,250.53821949648759,Val
161.1802761901202,205.85305792852122,Val
103.17573445955766,321.95417458294077,Val
103.0830814297702,196.3142092205787,Val
195.6462734072503,285.53645658325297,Val
130.76665054283643,197.0063397884818,Val
90.44421283652862,254.7138424476626,Val
77.31966170350793,220.81130824788772,Val
142.1913109812842,299.95508596720026,Val
137.11498978527726,183.36476964750116,Val
104.09069811548694,276.3974012610977,Val
97.47027794529343,245.1445332776462,Val
231.6442551259446,293.7082351573652,Val
271.3663891629201,183.09868309146225,Val
234.1366800562198,303.4580435959237,Val
169.9677008510927,223.13979119289428,Val
273.33869748611517,293.80417139540646,Val
366.2967805651452,313.22653192634897,Val
322.84195008818267,311.4525826017294,Val
182.38939394595255,206.94770193120732,Val
292.9512908593035,277.6256970182829,Val
344.11100690878754,198.13537491532296,Val
297.3685420944046,297.92829792985845,Val
105.58226493664785,182.50203270318136,Val
257.78737983567305,316.1243603704026,Val
154.5624001797672,188.4032995191158,Val
110.90732596893028,206.07470962908062,Val
119.06739934735772,190.8374862317415,Val
323.80815610679156,322.177629458532,Val
220.61799028581666,228.82027653470308,Val
148.99690188443307,290.1486323139741,Val
286.81175251934087,271.7123503089478,Val
274.0226755597999,299.14839910068446,Val
313.82092865886705,291.1731545909937,Val
220.7065118165421,278.20207586434054,Val
80.68979848109886,195.43000801893064,Val
295.8832042813197,309.16370653933365,Val
185.62758239088402,191.84978460713145,Val
78.922932809792,294.7163355609812,Val
98.42118106689378,263.5006373372355,Val
205.45303276233767,275.54174201325964,Val
162.0631547494794,209.04588067253434,Val
94.25154702831875,213.30273189750295,Val
136.32197822012392,238.65767893759374,Val
322.22113908528434,299.0869443443057,Val
389.18868552182784,295.14706006499983,Val
344.2246175297545,301.5041920693305,Val
120.92252721297068,215.45812937151572,Val
206.32678006404612,289.7941963386466,Val
284.7818223770973,265.63369255357134,Val
240.78765415212447,292.9275679216889,Val
46.65235534194619,208.43189176833576,Val
244.43500063136287,278.31039135790326,Val
165.7747040623691,223.8495374082936,Val
122.17146563496487,317.1857680466811,Val
135.80555579178292,223.52129252449404,Val
168.42220906711088,291.4038307680705,Val
173.0719639860136,187.37835845667962,Val
118.25482054849113,284.9588693126973,Val
118.49355104692086,265.80745355218335,Val
283.9443092003638,221.8502379117655,Val
151.94645734338667,218.5719661144921,Val
124.99999547598969,273.9232900086677,Val
58.95830847157707,170.98203435765336,Val
323.86018225262154,317.53820350415464,Val
151.34883923421674,211.27331709582865,Val
101.42427941636262,254.88396595251027,Val
309.61274531513055,239.72626870248902,Val
369.07099886676804,311.5340998489934,Val
404.0920534443534,251.97830273227603,Val
523.1759090478868,313.24681857058084,Val
100.08706513823077,206.6647019009495,Val
177.88203368354766,266.50620774923766,Val
147.20689351815003,177.42483324053268,Val
127.06164464203816,283.6969014962104,Val
157.19716820323944,301.5523308645026,Val
254.09028408493026,331.7810014284639,Val
253.09252815054893,265.851366615814,Val
161.2039004000954,302.75492685418425,Val
75.38175024173867,191.50673758651516,Val
262.9699844422378,315.08613750016286,Val
121.64318531178202,192.10052867021335,Val
109.90135285037155,194.7096251240329,Val
255.52810458037376,228.22707974103983,Val
360.698108009647,312.378423990038,Val
402.93923366053673,311.7371815186617,Val
357.75148153304326,295.56257864759425,Val
96.70201506811058,195.9502957133809,Val
252.9399861478982,338.01677177942764,Val
174.76609037611934,254.45439214002684,Val
86.18032775277422,245.33622945099287,Val
173.52208241920283,222.9331106393873,Val
251.55353095975352,297.8216759458647,Val
333.15610178831406,305.89538453439553,Val
351.8297949048847,298.03051402130205,Val
200.25085637780035,327.0817309855202,Val
271.60119137240275,318.2055374457455,Val
241.53919290252142,323.9735094292505,Val
334.0648609681564,282.7025040515801,Val
67.36329920476423,210.43315377123787,Val
157.0493984800719,297.02133858742474,Val
148.79273161194396,195.08752799301053,Val
70.59329860038018,299.5845277981283,Val
90.13490290338495,194.37101679657212,Val
294.1844840543539,310.84104527886655,Val
284.79904888240657,217.49166496085533,Val
173.97859738754295,292.12904008825274,Val
61.182640418571054,192.88856932381915,Val
300.99889932691246,327.32920231323607,Val
176.88767173490055,228.32993875269955,Val
178.848957642535,302.89479268971405,Val
150.99299839080513,195.27660621818578,Val
249.94028955233142,318.9845293436029,Val
264.93284624925866,208.60748535269062,Val
153.97066848158698,283.85922695663726,Val
73.1881278404096,186.47205247277478,Val
313.4492814119327,307.34748180172045,Val
126.78939559840227,219.86360293356245,Val
83.70847039981834,297.31419441228593,Val
121.6181101854149,259.2527860680846,Val
262.35558145452586,221.28125570669974,Val
168.64911333269066,231.65822584130552,Val
151.99870581990916,210.2615144416004,Val
84.9180663292384,185.463196528257,Val
251.47303881109167,316.8398595187914,Val
141.6003138760301,182.56289685180735,Val
98.29989152405388,272.1074530132065,Val
235.17874227402942,293.2381025671634,Val
239.71149406741742,319.11814432694587,Val
258.3239948259009,273.5570164182015,Val
277.01624454948,298.4235150754886,Val
189.4910283048582,207.83646728470086,Val
203.9497448422032,213.4843315128657,Val
183.44259170789826,193.03135040225706,Val
166.46956890194346,294.8193637856564,Val
189.50613350119536,245.24345612695967,Val
288.41459905545787,330.9691675649384,Val
285.8956878302216,269.4454793112935,Val
328.9493998254868,285.7257270489454,Val
66.13777231946959,185.50631517841873,Val
197.5854090909194,337.6834993445114,Val
154.10346829380103,219.3355805871516,Val
75.69194992811452,280.63113885983523,Val
201.73297513277674,215.38753580678335,Val
304.8826117786675,266.22501719061614,Val
352.1207675844004,244.50199416049833,Val
402.9474425499753,300.83282064787375,Val
166.89911285391653,225.9928503079256,Val
315.675072091572,315.30076860697784,Val
303.5464789572204,283.5143574360714,Val
340.51333345086175,308.57205248507745,Val
179.2588183267988,196.14126711447344,Val
296.47723151402295,327.02693270575566,Val
235.28570751508883,243.55375737283507,Val
296.68424632999665,286.7474377978272,Val
125.44970298865567,190.35335540762193,Val
332.6662226523643,322.1286155108838,Val
172.43910054665616,214.7467326294154,Val
183.76833667153107,217.0301158592188,Val
188.19274329628124,185.554989009123,Val
343.06534957145414,226.7891931761368,Val
207.50050623855668,210.5171693438104,Val
180.498213297589,291.1940670378364,Val
276.9415185115246,247.0780482698832,Val
261.2425857166194,312.6508802186711,Val
266.6489414054487,269.8800716274011,Val
310.66058557801296,286.781826864991,Val
177.80654213587508,274.7604208212999,Val
331.8946619753666,228.00983752211994,Val
241.02250186039998,243.704922052798,Val
181.69006179097545,202.4824759595399,Val
103.61019530827477,196.01826116419218,Val
245.56884243225863,323.7603595351801,Val
139.10333284169775,178.0017558196041,Val
53.71366653659207,295.1674899624544,Val
191.6019072656952,208.21186299699724,Test
196.47419714601835,210.56738763042426,Test
380.2641342859506,242.9756299016558,Test
340.1217186854916,215.9083722583585,Test
557.9969503446417,254.40051036008578,Test
296.08982926340076,226.1942422260124,Test
132.95035544176892,206.18821115248775,Test
296.77852887974586,210.0021576437202,Test
183.12434957733183,275.5921999304945,Test
195.18781753452677,242.98151247186112,Test
184.56893275133072,246.0839412526429,Test
297.5676952277436,220.7601556696123,Test
273.78410496376546,194.4437540712866,Test
210.66986621463602,268.0519299332845,Test
260.1479134254025,284.73011958146316,Test
210.6035167887128,302.8380196810823,Test
284.3683894454615,286.22418182026684,Test
412.1425313956486,323.9528455205789,Test
150.72057300683943,298.6167928387896,Test
386.60228054815855,341.6014271571077,Test
299.7820382589756,344.1227609740651,Test
209.22106526323105,277.7460446516296,Test
374.9693615609248,304.7591663564452,Test
254.8769271520569,288.5341198030689,Test
345.76986621463607,333.23528445132945,Test
211.69104944894008,189.49530214949527,Test
234.3096327195626,246.01114175267867,Test
268.906442923998,313.16134366152687,Test
377.0814800622463,276.11257668132345,Test
704.0847441343078,295.6513062091688,Test
201.22595307986964,203.57627133665133,Test
288.0138979533699,312.6130135034363,Test
268.6244685018097,278.0048557426688,Test
241.4979467855012,257.1585968495061,Test
244.67702632806652,242.19118338102,Test
180.38433280444488,281.9285650459447,Test
221.16986621463602,271.4803480084128,Test
219.88479222774535,235.80338743917753,Test
300.47131962675746,241.30864302047033,Test
186.83942604116203,256.91688498190416,Test
202.3891114709592,270.82252833140603,Test
217.4832193767312,243.43434258277222,Test
184.4776418527059,307.65207994454795,Test
157.80364334407346,215.57862103679955,Test
177.71122385083328,187.7976158227254,Test
211.65038337298574,234.68300391487335,Test
204.32112191053076,216.22567053409594,Test
264.5734394634683,260.4009668278216,Test
225.80733603179834,233.60982307403418,Test
205.97281161552098,240.5566643704338,Test
181.2698662146361,209.2860473759822,Test
256.3558340272525,203.31703235370756,Test
247.32067390547311,216.8155415564241,Test
387.10811020009277,250.82873020316578,Test
369.4681429111113,208.92640458420448,Test
518.1507720385283,268.5139596378483,Test
214.7059975823445,208.44440056798487,Test
152.13381954255942,203.0623946641462,Test
298.93423791917326,181.13174999144107,Test
220.05725271218554,310.9836982157488,Test
206.70286392159704,241.83941853055782,Test
218.6210715474072,220.34224092395246,Test
260.17527604822396,215.70742917233503,Test
277.5612729232307,249.95812223653016,Test
208.21986621463606,255.86692030111544,Test
92.71217575816803,233.27418650569638,Test
181.68955522193437,261.52316678730256,Test
222.77819158640136,233.03953137658237,Test
194.27808485156845,221.34852175746158,Test
313.53923501743634,262.26495193970374,Test
181.56164208400423,233.9823007585599,Test
154.99530605127288,293.5252033964553,Test
161.04022691924166,240.22418413190417,Test
145.0964046879111,212.76221562707883,Test
113.81383935728077,211.548399961398,Test
127.39253092735107,219.4014656546581,Test
256.1824793981217,218.52374759902108,Test
197.0836847695926,195.2902096642558,Test
191.94614704176414,232.48257932990623,Test
125.61986621463608,219.33850536303711,Test
222.329584815151,199.12780963945048,Test
174.92002510528576,214.5311755966629,Test
254.99149965187758,223.84346969494015,Test
306.7940084549266,276.01862844526477,Test
492.37755151443275,298.2635432524044,Test
144.8877404028164,196.5443535150678,Test
305.5143862316939,296.9201395722908,Test
320.06078065882025,290.8975876161359,Test
286.6313121117751,247.48551199483532,Test
276.16312922293844,239.88668387026837,Test
269.2759805905587,291.6726767659034,Test
263.16986621463604,269.7243142572303,Test
127.75561236982007,207.22587157979882,Test
123.10436661888991,202.96129750610706,Test
129.73368893782595,206.68662444039563,Test
161.9935793266284,231.55657444505076,Test
260.48403778529735,273.64070363684317,Test
124.20506431383266,222.30203089164522,Test
146.20665891223427,285.38189749479477,Test
127.68882158050215,177.5971364870322,Test
40.65155231863655,182.28838124040055,Test
29.29485112663724,215.5728378870756,Test
112.51871800450435,235.40893861986387,Test
161.17315295223767,252.4947858479435,Test
193.8081559698376,221.94222499091202,Test
185.5737270573037,212.8836206019459,Test
114.7698662146361,210.59517872440875,Test
103.67655942596608,200.3614711684584,Test
157.89704848938553,227.10242651214014,Test
283.5747513978686,214.87479262658698,Test
237.4596681514155,239.5343841862848,Test
425.20179875002617,298.278750487939,Test
186.00114319370047,227.29527992521056,Test
110.30770148243838,202.53888140692143,Test
210.72147361624016,201.25924929574748,Test
149.49245959510552,302.0186768266333,Test
185.2706594190348,294.42170582843426,Test
93.7060730880276,228.51131041336373,Test
165.6487006020842,210.67513678788413,Test
177.79854196120445,267.65896797106814,Test
165.50559716538845,261.74610447445326,Test
161.31986621463602,261.7555375632849,Test
183.27175319638303,193.6962465101506,Test
142.18010217659963,234.7626816692317,Test
221.8767064018187,197.25892713157998,Test
248.7615658720402,209.25717667209273,Test
449.98468058726405,287.8222453476174,Test
250.84605054749034,214.9157268860843,Test
89.54567575271896,206.03291677873324,Test
192.53355620295008,210.90345587735993,Test
127.90969189818377,261.3560624596478,Test
148.0240828384197,232.51221822805942,Test
105.5267290236581,247.60240605044214,Test
255.56763045389891,214.31469126496307,Test
222.24678712914226,216.67121801792484,Test
126.66419904938788,273.2635814011825,Test
146.6198662146361,234.97543370926834,Test
113.33147606497812,200.2785015067179,Test
156.99099175655044,203.3217388654246,Test
256.6879269038112,324.22537690032436,Test
273.12228150676026,298.4611723760591,Test
371.49405556539796,306.34887539131347,Test
133.2032490797239,198.34390265034097,Test
79.04986204973821,219.35590805255856,Test
186.2838944754411,198.01444269178688,Test
147.95534635683225,266.5587632455984,Test
98.11421769391198,280.7230424813587,Test
61.9605084866799,267.10767981819635,Test
190.69421873513647,230.82683471190026,Test
201.86534843928126,242.10495749327157,Test
139.22389759911454,277.50195029316245,Test
122.81986621463604,197.50235834626844,Test
194.38926309688998,258.49936650815556,Test
224.32341053289468,246.416242902066,Test
278.47351993608265,322.9064507178691,Test
325.33959130645377,267.9079798570426,Test
639.6716246440085,298.9365916247431,Test
143.63357722066743,204.43724902716463,Test
269.86349645977197,238.61587051100983,Test
214.52122083953083,296.368785512775,Test
162.4490259801853,277.7387470288787,Test
196.05252216304405,190.53839395590907,Test
185.4782132052484,292.61789394476375,Test
188.6198662146361,266.32288370350005,Test
312.71834884116765,246.824638030433,Test
283.28072316698086,255.3428545548046,Test
285.7851664687511,362.8553106733011,Test
380.4316787464782,299.5594356575442,Test
287.2009102298034,246.05410732065693,Test
228.12362943540137,192.92985846071016,Test
384.3884176169564,251.48878558690018,Test
313.5952747744684,292.7613335031612,Test
444.4942009079373,279.8498743100793,Test
210.43519601736307,286.9691160443182,Test
391.21826010274594,255.1082175499538,Test
299.09339316408574,228.80778152723332,Test
168.21059520138238,290.29033491720566,Test
200.5198662146361,331.2769335431492,Test
199.46163559470187,194.6401105681998,Test
209.02724914747864,244.733530036591,Test
219.74824336927816,310.09146862499045,Test
365.6746182601002,289.05042430054806,Test
703.1563738199447,327.0808498259716,Test
251.14351004881223,253.92724290153208,Test
154.48602694670217,194.8860170151607,Test
271.43392451361467,293.50576954085926,Test
307.2872027495498,343.93529709835474,Test
308.59586165450764,299.5364815778473,Test
223.55990122848812,261.8229273154431,Test
244.32932147149126,281.1797824377317,Test
275.70412238351696,262.7826058196478,Test
173.13430396456522,280.38222708050546,Test
225.71986621463606,251.9410784014961,Test
207.25455523185406,202.7982774231632,Test
265.1908218359068,251.7632025485876,Test
298.0051936984876,318.66819292862,Test
302.8976708195962,270.63625774341534,Test
696.0182531992327,308.1644700871102,Test
287.36694083739735,166.7896521928228,Test
189.59373373408994,183.28251130777602,Test
341.09863188931035,309.6693202830135,Test
260.74274397533503,295.8642642787428,Test
194.08195790613945,268.2372676833584,Test
371.79927709547167,266.1752232420058,Test
266.4447015433319,212.2491895820171,Test
193.01823124971992,277.7816635988212,Test
169.3698662146361,281.918530952129,Test
199.02318265568124,212.60720382952002,Test
228.25178765760305,237.01436040463247,Test
297.0770543466903,316.8492202956313,Test
304.6989827229429,260.4911485742552,Test
707.1675727863608,282.1570361807334,Test
235.0328245369442,207.24298149086533,Test
157.74473797469295,195.71600801405106,Test
279.6533130996071,302.3555674054946,Test
236.7585499116865,305.05439864697627,Test
235.56044841093134,286.6822391063423,Test
321.50423047091715,268.4323342185607,Test
245.54611403165802,202.6540737544695,Test
135.06986621463602,282.4610797997566,Test
141.016959273549,234.81841931586808,Test
246.6750623124728,249.47209438803975,Test
186.47425836673912,254.33440042343938,Test
182.31454743634765,205.06676148543266,Test
275.84592952129856,268.94746574899307,Test
162.91840462159183,248.98522177806458,Test
169.73197273722752,288.8661894916442,Test
216.8366338682053,213.79476228912998,Test
110.33238801452562,203.20365436857125,Test
158.56923517618816,248.75403870370397,Test
214.89717535319303,212.85468926008122,Test
228.2162085455402,276.59446926343907,Test
231.42633475322998,269.0762195186912,Test
195.8275539762618,219.75837528791803,Test
129.1198662146361,243.45902776629063,Test
162.56835439771618,198.32080933338182,Test
139.64518664872367,240.6620664534244,Test
242.4195558261357,203.64424462976217,Test
193.3414619299524,215.3429568427964,Test
353.26090496017343,277.3338385354542,Test
67.74240179982957,277.1350741240385,Test
122.80445560926432,215.53232395553795,Test
108.2640463451038,277.4985642040066,Test
164.12117400734786,233.5099202770634,Test
89.47583859599635,247.0804313380416,Test
193.37777855250704,224.91277768025145,Test
172.07505392036927,293.54789103406176,Test
98.31986621463604,237.9211187881979,Test
215.50653793787302,199.99044410756736,Test
178.0769619610427,196.02048771297336,Test
207.89109358808474,239.45383269684143,Test
283.24893281899926,229.3705113739111,Test
481.150479653786,260.0388979801019,Test
182.4457340924455,187.629043260117,Test
61.58469613497704,187.70119620308157,Test
122.06736578138101,203.1607499873366,Test
132.19374303165756,255.90346121476895,Test
129.06382788580623,238.25412979479708,Test
18.177620343827527,256.2154993770314,Test
210.085120405721,232.4404019138589,Test
176.28632807148688,212.68863930757882,Test
178.46986621463606,208.8933426325627,Test
348.6222556687967,240.58428239727215,Test
267.01986621463607,199.93340707500533,Test
200.98401414288858,203.91005581281675,Test
209.50405823727723,221.63664632608396,Test
234.53130271353734,315.1255790369049,Test
273.965747571669,211.77841888779307,Test
484.9573928116722,274.04109736578704,Test
179.75623843354688,188.16001212694914,Test
135.71228443729294,201.0936308572762,Test
219.47553082291068,184.93074401103632,Test
181.84597759039977,274.8611230801109,Test
145.32362473976048,257.78966792273644,Test
130.90847227099255,261.7240033498283,Test
233.84976847907132,208.34318795822566,Test
176.55621715591803,258.4136543753265,Test
171.81986621463602,239.26684295458193,Test
265.66065797397823,267.8614570728532,Test
252.28415387621465,251.47207373431155,Test
303.71897137855376,351.6515440843821,Test
341.21511048099563,275.2845185925559,Test
692.0225711835402,302.8101238026659,Test
300.19135348618755,253.99732527146503,Test
368.26562999474584,342.4320054733458,Test
272.0796986978041,284.7096156758364,Test
290.0550890009651,288.53445443139304,Test
290.1398344075951,292.12316302817044,Test
251.2491895110643,302.5555365673887,Test
285.21986621463606,317.4389439430365,Test
171.99784580579504,184.15603145706393,Test
206.15323006847947,236.54395914255255,Test
237.24429170183691,323.0307341368547,Test
261.7710307058678,272.5662537772528,Test
659.4834470805718,283.8522543751225,Test
216.2315408259488,176.91067161708324,Test
142.3153119419991,215.6453487843187,Test
323.98476042872255,298.6051730492846,Test
282.43988628611925,299.0937979908548,Test
199.680689514189,282.27607192892384,Test
47.707170112932175,286.3937335166333,Test
272.76932808234835,262.14246268035305,Test
224.2171634224377,294.1533277407782,Test
157.9006761332002,288.3364116849324,Test
140.31986621463602,327.28134633897906,Test
183.08501768243144,186.23006456471688,Test
166.65326989153255,237.56805932182252,Test
308.12569042596107,209.949023047406,Test
339.4022792857169,206.55234435786662,Test
604.5330364708001,261.1951989110222,Test
262.46796198121064,190.30684493673186,Test
140.95705581694858,187.2693761565045,Test
290.40031797801373,207.87074688789193,Test
147.6477484644064,240.75077641742632,Test
126.74934727612626,225.0058617681621,Test
172.75511441317354,212.25477179561724,Test
297.2150498755482,228.62846784654363,Test
226.42915366325008,213.2380608858307,Test
208.19742577627932,219.6361033020221,Test
134.71986621463606,212.91462455840738,Test
295.4079280748918,274.90584279743155,Test
279.0367783610312,280.00995397323254,Test
418.8453872640255,294.9907934508891,Test
409.9837547838747,299.7015893451605,Test
720.0518809205787,298.2770343737359,Test
258.7997656741374,235.9618384023546,Test
281.32740904455113,239.19697516415002,Test
328.08481103181975,293.68373092767183,Test
455.0719716359432,319.8369163979748,Test
318.9388908569215,275.75159530926715,Test
333.0355686947547,276.0686091936829,Test
411.61200514944267,281.4202145712879,Test
322.26820022098565,298.04875447663215,Test
282.3541539093834,290.97348571192987,Test
297.1198662146361,301.31426014114413,Test
111.9573773813729,197.7890890381508,Test
183.49351847118044,262.4623424161339,Test
325.80115971017426,226.9314560254937,Test
284.0803010983546,221.11008329892857,Test
421.2809426357211,242.98798167681733,Test
230.95308432227395,233.65162075993766,Test
146.04672615801329,224.90816490598274,Test
251.96186814293893,178.56107123993405,Test
174.89851027705095,272.567895896427,Test
171.7566525603492,243.098487794079,Test
113.0362949928338,222.36616197591292,Test
269.98743757450484,159.18473232643723,Test
250.96008030536228,213.62216998157353,Test
228.15422318540595,266.3134845931272,Test
169.71986621463606,254.74774043953818,Test
230.78405443770606,291.94291454671605,Test
232.55421923757336,248.56651030518856,Test
306.1502467251197,316.747246345353,Test
304.572136900345,296.3912174289808,Test
550.8698897632494,306.5414824341956,Test
167.94350531383265,290.006934407164,Test
180.94298355209486,227.68610548430212,Test
260.5183244780361,296.46629741826285,Test
298.16952809165616,353.4811660632429,Test
199.3965943929554,292.74548419051337,Test
280.5995233819336,273.14390604940604,Test
302.02831505859075,282.8581887995252,Test
275.5829694229269,278.30144263330305,Test
232.763486474942,281.13653693469996,Test
274.01986621463607,313.61355494746385,Test
229.72750457020473,199.4107206790304,Test
193.09168737802466,215.03005241753917,Test
234.92887900271216,221.42245273045145,Test
254.08907944426727,244.75197782197222,Test
456.72228870269004,299.2286366637602,Test
241.87850677798025,213.37383562571358,Test
141.20773367013823,196.47537117056882,Test
319.55996937916393,259.7467785136857,Test
201.5352139050571,320.24270830240187,Test
163.73346724781783,265.3260121738484,Test
149.45472940744634,262.9557819740839,Test
213.29900038394237,225.24604350259372,Test
226.46628017730598,284.8512418484558,Test
216.2565687875372,278.7162167332847,Test
187.56986621463602,261.0106774419663,Test
134.698202054276,218.25423726401752,Test
209.4532881292667,250.04465510036164,Test
252.06552210657048,213.09509699106064,Test
273.0349039861873,198.49924423411215,Test
472.2114337681173,270.6839440166882,Test
161.84511145236036,216.35399091590776,Test
125.23593703891646,303.06264449868445,Test
277.3339105277855,178.1929916140811,Test
116.93903191896781,214.54660218895145,Test
138.60130121246323,205.00867763561055,Test
174.32071840827152,204.19413908440265,Test
312.6472835063931,198.47997997636685,Test
251.5309965068277,209.69797119427872,Test
199.57185740957533,203.65249412328006,Test
159.56986621463602,204.1684165125021,Test
219.36456892923837,219.9295248204876,Test
228.35156898156214,273.1564497814476,Test
306.0296382267744,384.8017452310485,Test
376.7987766648755,283.86971772939955,Test
705.6089842958651,290.06402013968574,Test
212.36026111974348,270.0930581343327,Test
421.56050674871,356.69216899584154,Test
253.82606034414283,285.76416420042665,Test
300.7326831324642,262.93717660070394,Test
299.9691362877729,268.38188805752884,Test
314.26986621463607,313.2169243511396,Test
113.58453561618208,188.54410768854723,Test
161.21298652683012,232.68725423527664,Test
387.76931675450436,262.9866555626646,Test
334.05352629920486,311.66217102190984,Test
345.5156151609316,289.3899630767086,Test
200.2555833396842,218.90914815762565,Test
69.77343083546319,208.69035674934386,Test
213.06915764826817,196.47619314456182,Test
127.19276377809949,260.8564149590471,Test
83.39424922495694,247.25610655511582,Test
55.073613988840236,205.0958862248408,Test
181.015981467686,195.9462721898488,Test
200.17898418264798,263.81687577908383,Test
163.7698662146361,274.02549574047566,Test
85.73263374588274,197.15736015977043,Test
182.17745529390672,260.75618536155434,Test
296.8883178396935,221.37641795059326,Test
251.01522138324324,224.37228201591384,Test
249.3081659245557,244.84571331310457,Test
211.617151463631,222.81704206143633,Test
109.24217800046902,241.00828175144713,Test
174.58324553506992,185.98317764949545,Test
131.14035406743392,227.3780051081617,Test
81.46350359756042,199.8308883687658,Test
128.1026941254499,206.84349573881178,Test
208.05792565110218,176.8241765394972,Test
196.02919817451732,203.03012990169935,Test
142.7698662146361,211.85131988472057,Test
139.82425724873713,221.70981717923513,Test
155.62312017687157,266.4091565285859,Test
245.6929889068963,226.32297174459234,Test
200.0338634388115,216.88649977154935,Test
329.4457437726168,251.79168939582064,Test
182.77862990831244,231.01607431005874,Test
157.98252184589845,306.35915537069394,Test
170.70741958537462,183.55076720216562,Test
128.55332312674108,203.72571100584105,Test
103.97023246999782,222.93628257909214,Test
106.75814761514495,206.95519311095435,Test
230.01706856218232,228.2680005695053,Test
166.4469953111099,207.06783817018163,Test
194.99792786192782,229.35430935067217,Test
101.81986621463604,223.0863902254606,Test
190.0019545115523,207.90801754116293,Test
187.16250729355022,246.04862370544635,Test
311.413941094835,238.43863913359297,Test
282.7562559154069,196.27894696997438,Test
463.4394517552656,270.0714309709379,Test
230.8135286144112,219.56163031315978,Test
197.37848649284405,256.825672801769,Test
425.4343253905636,176.80710383713262,Test
187.33104530757026,210.3417038650806,Test
176.4186462438638,217.91491903749073,Test
194.94712819944436,210.85203942952768,Test
354.9164911743118,220.5103783329863,Test
231.4267351684664,242.80129858591334,Test
225.57786018190785,235.53682154561054,Test
170.06986621463602,222.96056630661116,Test
267.10191205314084,210.87846608433244,Test
261.68135383630795,276.945524878997,Test
400.2015183579054,306.9053674037986,Test
396.7124056179331,286.2440289704089,Test
688.014015616391,285.38945917182025,Test
224.4563483532794,245.24486699602295,Test
245.7394038285979,238.25905115196076,Test
377.82768299452573,346.0541290547351,Test
282.1329066851351,281.528991971766,Test
307.27885311417475,266.4800777963341,Test
357.0155222816446,279.8675127973345,Test
276.64291418754476,283.9938064014343,Test
269.51102883187525,282.5113944369052,Test
301.319866214636,305.32478925300313,Test
231.72386126163053,234.9348737481104,Test
278.5437984835527,234.2244955192109,Test
308.6216135499374,329.83942684662514,Test
305.85730646078474,273.6172484765363,Test
724.2008772160947,299.98664596554795,Test
305.40232581586713,243.7613273083775,Test
193.6116522601023,195.7828117131524,Test
308.3288565488,295.8589313543762,Test
281.35393868196013,295.8384950783031,Test
240.78689865958302,269.8023477448359,Test
157.57773648166852,260.7456567612782,Test
277.4264521482165,268.6040111206115,Test
276.58304565922697,226.5955863025524,Test
200.8698662146361,322.8424263502917,Test
333.5719558653433,202.6070561183455,Test
313.7335624202232,232.01364139496098,Test
372.7235801683006,320.5565324738388,Test
425.4920091095757,284.16851973559494,Test
298.164100571718,248.07984134710424,Test
264.0177630925855,215.48179436104834,Test
411.9498368066505,265.55053706223623,Test
433.26032171391313,294.54611883350674,Test
420.699217814373,268.91012440739354,Test
313.0165251080307,286.73761530716354,Test
433.61224359488574,256.37798542493164,Test
362.83637327493835,301.9296053079759,Test
295.28891414818844,271.85207057654134,Test
345.069866214636,287.5078949746546,Test
209.6232418667013,215.3583572205471,Test
204.65473915802528,216.7377029395653,Test
203.61212284791407,237.0209662039793,Test
285.59539293636783,261.1099394855815,Test
531.1045494233863,307.08868576313944,Test
185.8895923089695,220.8642258189916,Test
135.8005215931177,201.95592463086538,Test
288.4373372758307,280.37960135287517,Test
239.90003935710845,334.36021752308733,Test
262.13862783695095,286.70309022985487,Test
241.39346399233062,247.01153307702333,Test
220.80971166786765,265.07111397647697,Test
192.1198662146361,255.9497825045144,Test
215.57228320456272,230.46432025950784,Test
213.69525805915382,236.73377594161738,Test
184.2415948373252,202.96988690758815,Test
210.51129353907663,282.26691594576835,Test
480.1043541644084,280.27112375928505,Test
215.67077671332032,248.66134674021544,Test
197.71056118581245,325.1999268028913,Test
206.77370758188468,210.1267783415807,Test
139.96021590153708,201.62027216902163,Test
196.77008614476972,208.06845564636197,Test
143.7533183115827,212.2491800831867,Test
223.80991240197574,269.1785257147964,Test
217.83986841594887,275.3293261513009,Test
204.24318635350244,220.68492385362404,Test
175.66986621463602,214.50534632657354,Test
241.55978880512507,298.04566685102407,Test
306.63512002217453,263.6601952981621,Test
422.9132582762661,303.45868186996285,Test
359.04420356739934,282.3903586119445,Test
283.0645152607922,232.2737914386309,Test
335.00388166305146,275.84556523138696,Test
523.8910355786958,371.9870050186344,Test
330.78882309208115,317.8205321871374,Test
314.89902785448817,296.0273448969855,Test
325.46986621463606,318.15380516554865,Test
148.47330048111507,256.5688387044264,Test
253.87033594338538,246.04917962383053,Test
197.60515238655404,237.69555988515503,Test
215.57774981062073,224.1666338334492,Test
343.83812821558575,274.83638528459625,Test
172.88628760144894,249.21627009291763,Test
201.8222279682102,316.42031657224715,Test
215.04594931586973,220.9758538883439,Test
128.90745164442745,205.41284508077462,Test
257.0067349538833,247.17532903136188,Test
219.24379924423755,209.95341391675248,Test
274.6186445154898,259.48602078067466,Test
282.08127076764043,261.971723718901,Test
182.83167800068907,213.45782436281914,Test
160.96986621463606,221.7082552512088,Test
191.60785673208653,214.30864405427226,Test
237.20275282924638,243.6945103787393,Test
301.730983696981,255.50923652101687,Test
295.94254933529044,193.91088295549065,Test
422.4874497441749,268.29246874503474,Test
244.5656849236342,214.80625227777938,Test
244.1272548736682,281.5933603644511,Test
537.7221595942773,194.9102652548346,Test
184.55039908546098,190.2200578336578,Test
190.51197334721968,215.11782538928404,Test
247.60688237955333,209.31608562774105,Test
295.74670475594496,195.6788735205312,Test
237.44161810000293,249.48593619642864,Test
180.21986621463606,208.83604210077567,Test
182.34757435978884,210.54965520376152,Test
179.74308873338435,260.3670710659675,Test
224.08898871823834,217.27394629203528,Test
243.63527431435045,196.1966350750464,Test
471.8319455217211,261.00746951682993,Test
200.62900234035004,229.19751759460544,Test
139.12248646378674,211.4461424565205,Test
137.97108572744918,218.73309390451442,Test
151.57007060236987,211.68493678333843,Test
215.26944108854894,242.91577355575347,Test
259.0691971859863,238.24901548901818,Test
164.31933889468198,208.02874169830255,Test
138.91986621463602,198.39176906513345,Test
74.24968028403686,210.14655728611214,Test
132.68912558546867,277.17515523520143,Test
233.5562406859175,217.5305403009074,Test
209.5510255853834,224.30025232228317,Test
249.6734802838664,241.24335070667448,Test
153.72360478136653,219.90690910483386,Test
127.15139907788372,251.4090169454701,Test
121.306863173418,164.19895368793462,Test
70.38999706796939,222.0143685061874,Test
58.75080076153769,191.47820110244336,Test
79.3892742541233,206.79364811031556,Test
195.65541754572587,181.83047281203994,Test
178.99923063634543,201.4657768507906,Test
209.6707135259822,216.5370943418349,Test
111.96986621463606,239.5442000515157,Test
340.4008442424759,278.04212618921247,Test
406.05581672595173,241.18733719297848,Test
316.65421294595376,262.059228301198,Test
331.7734385724789,289.8608704852856,Test
322.7855148276139,219.9571398835814,Test
332.04044171135877,192.6872529258959,Test
374.2382192237137,254.78050753276625,Test
441.962326134253,250.35045384702354,Test
323.63865553243744,258.76193668814034,Test
332.0578355592319,231.219535049512,Test
251.6198662146361,206.12593220193594,Test
118.22543297042033,204.93539388154633,Test
158.13514686379173,248.60299086780057,Test
236.9553930509765,225.91840999479743,Test
195.08617153197451,199.47890593316367,Test
352.42748230678615,259.7373182301877,Test
179.079325375411,224.52572796279767,Test
148.94170073784917,303.4540115702592,Test
225.96460839410082,166.9839036938425,Test
139.59804834416576,211.91416503904819,Test
132.7420205880441,218.0782776968709,Test
124.5465251257358,200.6137411283791,Test
270.76156195724076,249.88322031588,Test
246.58713108255907,207.54650521983896,Test
143.46986621463606,249.51228638097894,Test
265.0572056803654,215.14061197756524,Test
280.8339167399059,246.33546084790035,Test
251.54347071923434,346.3410121141717,Test
312.63586761835074,279.03300138331775,Test
216.06011583442756,201.24142342815358,Test
285.88388441269586,289.03305113057655,Test
287.17995032859614,275.3650396015178,Test
293.55224766622814,297.3456288532347,Test
340.95738792364824,248.20319286903904,Test
297.44537110085616,267.4784028144737,Test
234.76619719785208,294.6529582261318,Test
241.1198662146361,373.90307242195934,Test
161.63846783128594,229.78981920269808,Test
218.53125243811238,253.3687157179552,Test
206.8716459887606,190.98248793469506,Test
224.30964848323055,252.87479071137517,Test
332.44525992152217,259.6009462298972,Test
239.02848030363572,237.53763142798363,Test
211.10930962957093,295.7876815751179,Test
195.48774789932799,225.17825116467336,Test
159.9637951129066,196.9947350471339,Test
139.88745127030725,257.91469672318584,Test
159.05871637152939,207.54033350891208,Test
253.17759041657354,244.50689179130458,Test
217.49407340543922,205.11744654148103,Test
210.55816533812686,215.11475692241146,Test
128.06986621463602,226.83806125434313,Test
135.35303306890353,219.90693624026645,Test
154.28709509796062,243.45121876929014,Test
223.68203586041255,223.6192065726622,Test
270.0378553562592,198.49564007083805,Test
532.4045535855009,290.8516518422403,Test
205.78213054813745,216.11232505169983,Test
100.77058624416897,283.78501703317045,Test
199.51992067359515,183.58485547733457,Test
107.58013383641641,264.5909925438265,Test
133.30122573263247,234.32028687585225,Test
150.6831963622434,229.6401258073572,Test
260.1760457252492,197.60443648073016,Test
260.17977382165,240.1952525918301,Test
174.49438065144554,281.1010743190281,Test
166.56986621463602,223.4353793854723,Test
134.02911582408464,226.203550123476,Test
142.42250989852087,227.74424615408014,Test
263.90912631744567,202.26638576155037,Test
210.4389650808585,194.9211283194378,Test
488.11202618875996,287.7384741940818,Test
141.07830964114987,212.23038145453384,Test
35.23781543802809,188.77445169725343,Test
246.8905435793946,202.86469459919542,Test
92.48649406524963,268.5292195869422,Test
123.6256668955931,239.47151753566982,Test
51.208062070424916,257.69501528874235,Test
207.03367958974513,218.3999899952356,Test
162.00251945355382,279.81263385307534,Test
171.26458166185077,274.6296589256745,Test
111.61986621463608,226.7841743538207,Test
66.23254487660765,208.2796589032024,Test
137.85070744127046,269.68440804658593,Test
308.2302221535457,219.45472174750813,Test
229.12108901343373,231.7420617546737,Test
335.5733080209344,243.16063173943,Test
173.63687917604767,232.33341984544614,Test
99.26180247877359,235.7452601426668,Test
233.5480779291122,205.65029118053107,Test
115.19570552706342,196.56914937731372,Test
90.70468527262722,267.82320898639165,Test
75.02501716580372,201.57449041209367,Test
224.6067012065929,196.51297583549973,Test
201.34973739499463,190.225065354175,Test
152.21986621463606,226.86379068664002,Test
120.17896028832686,206.85984484997445,Test
142.97089289823106,279.13842288722566,Test
209.5700106662413,205.055310648736,Test
253.12631359235772,187.55863612742,Test
437.43980167658015,264.1885501826838,Test
169.61047491890855,214.12924379027186,Test
74.73833331934296,245.00106042903806,Test
150.72337687788354,178.13681051022417,Test
93.76560559453007,230.0359147366176,Test
82.71501946928264,202.23407075487233,Test
73.12161850214127,218.83948532641017,Test
189.23540269310587,194.2054753968245,Test
192.00637204217662,209.68173642427575,Test
183.98452654935343,254.1132248614691,Test
100.41986621463602,228.40826374095585,Test
123.61843597191331,199.17787342661208,Test
118.69820335455638,213.1483800458518,Test
210.08000026341614,258.3345556407034,Test
272.8138266984928,234.05514382292836,Test
458.4496826597858,289.7611158093638,Test
153.08756814729588,185.6821959512007,Test
10.877483161022326,207.0672271639557,Test
120.0194277009657,246.1387279587584,Test
103.56340176712564,276.27816484852144,Test
107.45940535950223,256.83973776661855,Test
35.107438478095574,253.5928761739543,Test
168.95750112290563,208.19195856104014,Test
161.80959329393247,238.20608653393313,Test
129.86371499117593,278.71636472873513,Test
99.71986621463606,246.54751699042222,Test
242.45512780584397,206.7594440663654,Test
219.32173241179248,217.34320184029923,Test
294.58649387406524,247.06011036019365,Test
358.3494121926623,255.3346801786613,Test
525.7604873675837,280.7518978638626,Test
237.51971939882952,208.15224790560356,Test
144.62710828639953,199.11920496735286,Test
317.782654030294,291.8684858699117,Test
163.0363566305128,299.87213997747153,Test
201.8882160870558,265.03310916548486,Test
124.23823239992313,259.57908696115373,Test
246.13640556911488,225.17971304734573,Test
223.8827355946309,229.41213920613816,Test
214.27722247647137,274.9366781444253,Test
181.2698662146361,246.7623445783411,Test
233.97420605522748,206.79405454244875,Test
204.69354846627982,230.27100448136093,Test
212.94997732133942,317.5629655071718,Test
389.2934926204066,284.45697315217785,Test
622.0740943634812,282.3395080917841,Test
248.0417825505632,239.9797042037358,Test
162.49655718165272,202.25652395628958,Test
248.53841825674954,348.75286281618486,Test
250.6673657758539,340.69146668092435,Test
239.9333997389656,273.7795555265641,Test
180.2865201460848,282.6213698460559,Test
188.62672699721145,261.11834770227034,Test
242.2040202923456,301.0021979111545,Test
175.81840003148704,294.1103719985422,Test
210.66986621463602,260.37987417309887,Test
254.2238964161549,221.29163188817162,Test
267.17706987403835,246.5533169374377,Test
267.2780624680548,297.6032440516954,Test
314.02687419820444,266.7251452710058,Test
744.1235050644872,279.694014727685,Test
261.517955066903,246.32973105027602,Test
187.11022420545189,233.51059546974867,Test
324.20031248013413,309.2843871472571,Test
343.7882198909493,332.28254774607285,Test
356.4739464378976,309.4232993596091,Test
173.9574921209791,265.6641908961773,Test
345.7388569401936,254.21021492470115,Test
247.7680408955414,269.2995101901466,Test
197.14504398702223,291.2927372302126,Test
233.41986621463602,290.23915946676755,Test
91.822157203162,215.9483642424964,Test
188.30689388246267,267.54288606986756,Test
227.81153600683214,189.2942537261002,Test
184.0860835762706,195.806725727299,Test
384.0305365907778,260.9457421842681,Test
157.7448950503538,214.78146448327243,Test
110.72915895499858,279.9913801412416,Test
151.28332830471243,184.78893681967017,Test
100.557403099495,210.50240705608198,Test
57.25138333934642,194.84639740853316,Test
125.66526902426659,233.7563488348965,Test
236.84906015425565,202.75824665788147,Test
172.7527567293136,215.99964177794692,Test
152.82635874944046,217.99160644565907,Test
137.5198662146361,259.20651198934337,Test
143.94489090264088,189.41575589715043,Test
212.46195734043988,221.01295180278453,Test
305.5481011978303,219.76919821126762,Test
308.7533224748119,224.5067758561522,Test
431.7276211713849,266.9268708492247,Test
255.170997287549,211.86232275477334,Test
151.13345082330466,216.9309408030695,Test
280.2649817786515,237.11254738017018,Test
159.91559015358968,300.73023499303594,Test
158.28527594811908,291.53211607906604,Test
292.431879795952,213.78878599767467,Test
212.60879784925538,225.574001114439,Test
212.6547933221501,298.64711129983027,Test
143.81986621463602,260.6183639572172,Test
267.6794250328253,301.199467787788,Test
258.7396683077165,282.16785222050714,Test
361.8872416412158,308.0515626336102,Test
359.0721450333232,276.97746423242245,Test
231.90394199336214,246.39471044409544,Test
267.1508355612938,292.71735823644167,Test
247.53505918783316,320.7394239349128,Test
371.1566128729809,336.70420982019624,Test
240.0654966167366,324.4197994746865,Test
340.04525428007224,313.61903501440815,Test
322.61612819965217,296.9117200826239,Test
315.66986621463604,309.9567526485422,Test
91.26925553804352,200.51347961296347,Test
128.16655057563847,195.48150878883968,Test
292.51481792257704,193.05077903347603,Test
218.2140575788591,219.6956286938221,Test
479.2642695444847,282.3835162735176,Test
58.96761040376684,183.33145543706803,Test
188.9207392974231,167.29502645437768,Test
124.32484050042272,281.12772137321326,Test
93.72991401276622,276.2379390263158,Test
141.20096840585748,235.54548380787097,Test
200.40993115557495,287.6908344586687,Test
110.91986621463602,235.27213697872517,Test
103.51820959885585,214.0021961664532,Test
168.86314246109066,253.5424573804296,Test
295.88634561502323,195.61283022899778,Test
237.1378190606535,246.91723754380075,Test
183.0175627979815,237.2694044874654,Test
203.17557682700726,230.73674388406099,Test
155.51186114773063,270.1964118689178,Test
122.6264157601518,170.99806737094286,Test
105.21924066427073,193.06437954756237,Test
26.99033586008727,200.87022660126118,Test
62.93970134760153,208.4740459203774,Test
224.26733712681357,185.32663946722533,Test
223.97324319772338,192.15947083085686,Test
120.36986621463608,237.73346093578803,Test
243.32893510906442,223.64346569826571,Test
247.50163825975744,254.06872737504725,Test
312.6427269818336,298.716817375476,Test
412.15220127529295,284.2061482990526,Test
587.3300611401356,334.70499477955525,Test
324.3763065763614,262.93273281094423,Test
211.99093758397026,212.0568801572231,Test
261.0239541629624,287.1338553599479,Test
340.9253563133377,363.09200974155726,Test
403.3951440350962,316.81269241912827,Test
272.0333173282378,275.0708442100263,Test
349.6898761927625,287.83164416221456,Test
346.91482062867055,272.02742238156605,Test
257.40815063596176,297.67296791903186,Test
314.96986621463606,249.0896419120433,Test
154.8442753891275,202.17857556418016,Test
208.95168608810633,231.63967102920995,Test
258.55988624906104,260.5776204774103,Test
329.2188758719917,262.9477601582759,Test
566.8786549568982,304.3734281295443,Test
191.73922350378052,220.8213865298702,Test
122.90058151263881,210.2731717779813,Test
255.36272898347283,239.46877468822365,Test
169.47566591628288,343.51887850456825,Test
178.13939231106872,284.45128937052226,Test
96.90390816783034,291.2893986959704,Test
228.8692134865681,244.60572032373483,Test
227.1853082672814,282.3728505173838,Test
161.50219250997094,289.83061160719484,Test
165.16986621463602,238.73528614916694,Test
117.12528534915,193.56022407497713,Test
136.63616320492469,230.2019546094397,Test
287.4540992022887,217.12547141709612,Test
259.12909334124214,231.05687348025623,Test
425.1111456217852,295.48288741478854,Test
158.55025604391776,218.3161402042531,Test
55.49642460763951,194.26524007990923,Test
216.39965131295114,250.04641945680984,Test
136.2099361598519,328.1556955657481,Test
176.12727914834232,293.5229261601011,Test
75.0516802784222,223.91685536656445,Test
164.08313955009135,248.38804667032807,Test
183.87165696335012,231.44077758903782,Test
150.1198662146361,264.2637057878185,Test
185.97077875454357,207.69802883887294,Test
176.71983860417083,201.63803803504402,Test
198.65200009737288,195.16759354321096,Test
272.7672632341498,208.0173643968179,Test
425.3156280145016,260.17349656274354,Test
202.69709443842828,179.56066626678071,Test
63.411662505929726,248.9329335517232,Test
131.70933221700614,177.70740182953728,Test
134.2401035716572,256.11829928490835,Test
115.8039765698833,265.59102512287654,Test
60.30095121168415,270.54218201801206,Test
224.63102749705976,234.65181819443828,Test
185.9942054260104,235.36163510886556,Test
128.49048499853583,270.9378944650439,Test
176.71986621463606,223.85095018627197,Test
150.60492359817266,247.1102212918782,Test
218.2612417099357,259.09533491986195,Test
169.0689498112787,217.11216925901968,Test
190.97804790220164,257.4836647076978,Test
327.38853598270475,266.8868314861124,Test
172.3004140527878,233.09002769190832,Test
167.41368211245089,313.9597981809915,Test
199.67834016169394,204.21353474815842,Test
70.64438820051701,196.35606622252104,Test
145.3618262289201,232.63848184161162,Test
184.78065424690337,210.00089349377782,Test
217.95087225446645,256.5633205197235,Test
228.07248025160956,211.47960994488392,Test
217.94547823833278,214.7630752233155,Test
92.0198662146361,223.637194786973,Test
65.5865027990592,210.67223600061155,Test
162.8355093823065,260.0215961954491,Test
237.07129916610458,218.61020725236446,Test
207.44387215045322,205.17412844607588,Test
241.9532283353527,273.0417548309966,Test
186.9493677208028,215.03046894656944,Test
100.53229030680367,289.53188948567606,Test
188.50199609335522,160.1092996907335,Test
98.40848508045761,247.0389629268657,Test
63.001757268110495,201.3372071321901,Test
69.3318126563141,217.00308919251867,Test
204.19865124506856,180.4515346048723,Test
144.20227303437366,210.8322572643821,Test
150.09267802422949,228.91049192228633,Test
127.71986621463606,233.45261726242813,Test
295.8225656773679,211.90629074123987,Test
317.0320233327971,261.9375049491932,Test
409.70428201417405,309.78869674460117,Test
424.03934172149906,291.73226020645535,Test
754.4872024547719,303.057682087298,Test
367.14786421399276,271.5615391607367,Test
339.67132699916147,195.0312860082551,Test
352.15759081027807,278.0569606207721,Test
472.15665564734263,316.6726446178629,Test
443.81852151035497,277.829734959566,Test
364.79318839931534,270.8837693736502,Test
341.68092525507984,262.93090913869776,Test
348.569866214636,293.3998439706459,Test
197.94628705521197,216.84745546238014,Test
167.36082075767135,210.4537320589863,Test
240.0552457494164,216.8810003527039,Test
273.9295620304471,226.86891068531912,Test
373.98376960076337,282.1782420418735,Test
183.91786846036518,210.31472482323477,Test
24.68185860925287,193.38353157483485,Test
84.22574004742604,217.78683225388744,Test
98.64951277488487,222.0682152072666,Test
113.80317679162933,287.6853703315974,Test
34.13673209765928,263.3469404555056,Test
189.70017869297504,196.76975125487252,Test
159.7935165775764,226.3030589011,Test
160.36674575146338,273.5197734303168,Test
143.1198662146361,249.23238062981767,Test
244.42440083356985,281.0316379818915,Test
229.75402945097204,275.98981933006934,Test
307.94278625230214,309.6228305291899,Test
313.0906712375601,318.72525710420285,Test
580.4976844067459,346.9019808499461,Test
221.51382575985951,260.90511025805705,Test
204.5890952969011,285.2212034736203,Test
304.3234930178705,284.4434149878087,Test
352.3670189227676,325.39848078735025,Test
183.16967301159275,288.85483202266084,Test
249.70236574102645,303.1337656608338,Test
277.18240438163514,304.73496491255315,Test
242.82157120617168,289.9787000754582,Test
298.16986621463604,332.1139890190317,Test
91.24448705800626,218.8042681080411,Test
153.17258793468594,255.38890143683935,Test
219.38565548041106,253.09389892081236,Test
187.68368969518133,196.89714890895902,Test
166.53465813185733,229.68706804233224,Test
149.78759235376307,301.10991642118574,Test
189.475493244714,157.20192159888876,Test
88.19836080471023,223.526426709753,Test
125.60619503375153,212.47706949837212,Test
150.14899593183804,212.58034118270638,Test
208.93949773514655,189.05548576306924,Test
201.8871986403687,251.61909563694155,Test
156.7698662146361,192.78880103654032,Test
270.6348516271662,186.1547981615696,Test
320.08934394290594,274.9718008927334,Test
361.56495848026236,327.70219198678467,Test
436.01169523923534,294.6901828091142,Test
673.629554219825,299.36389130428415,Test
213.52863884585406,220.78649111746645,Test
362.8098644912935,307.4860129921889,Test
391.4122123583499,323.48700432233676,Test
414.8356824470226,312.4247215413793,Test
301.4802747573119,263.2456552332502,Test
383.145989289218,264.2316328403565,Test
311.93282604274066,268.25619450197587,Test
255.14078501788003,286.06957891566753,Test
312.8698662146361,275.4990663970928,Test
130.6826982778628,219.18123713878705,Test
168.27320195138498,254.06715610378043,Test
216.8018387733408,222.45869592218213,Test
182.81860874373012,210.15419059360406,Test
181.96654812981012,226.98147256167275,Test
179.74771754550062,267.7703349248804,Test
162.21702010962474,180.28312814284652,Test
112.57445582218243,224.14051140125164,Test
72.47002468317395,218.28861905863823,Test
89.15372669259901,211.6054588236817,Test
198.03553015675027,217.3624949165864,Test
180.68363161147624,240.9202375258929,Test
128.7698662146361,239.8186523086601,Test
248.07461030946519,257.51418398387193,Test
245.89054800205554,256.0981681042865,Test
264.777607982656,303.532630959348,Test
364.93579025126627,299.41850924304555,Test
619.1650948078866,328.6794571353846,Test
278.11552165251675,260.0933662001791,Test
236.03707078515689,200.52916761714496,Test
296.22974220580693,311.85090971339037,Test
301.8935359144671,361.24712184220374,Test
289.078451911137,337.2088549895631,Test
224.53449019581694,288.7217587292021,Test
240.56165076850675,273.3285284380528,Test
326.65993362920653,291.9647211508416,Test
207.72933877791633,295.01470792577703,Test
264.91986621463604,263.2446548092643,Test
248.17819556930755,304.16855225379373,Test
221.87919670597512,255.07214066059709,Test
334.61786437815886,324.976733660493,Test
346.99419858585907,306.742357137126,Test
644.0081993290755,277.9070386977559,Test
228.50986660780822,238.7640669143389,Test
218.74920042205727,244.07184233107807,Test
244.07620077182258,321.6113865326703,Test
377.6408676571042,373.0564931003627,Test
266.29320107790215,279.699932104948,Test
312.8832010342163,264.8680446881444,Test
225.37620055339357,292.7911396629793,Test
232.32920011625663,290.8979918944311,Test
281.01986621463607,312.97429948304404,Test
132.4510994453807,200.86571194572883,Test
124.36613414694548,221.15259457585356,Test
254.58840270507454,218.83041557123872,Test
224.91790511976785,245.01346834367453,Test
354.9046413910254,285.86299101079527,Test
130.39861151884742,216.0732654024679,Test
39.99981550323342,191.89718752338163,Test
201.30825334418392,201.13532672424915,Test
76.02392504169852,337.2926952683355,Test
77.84683059577742,294.1417984628567,Test
45.77697000642064,261.8845191861945,Test
161.11434327362804,252.57236594566953,Test
183.4089503973997,244.8971759189589,Test
148.71079137773583,253.45847569826176,Test
103.91986621463602,219.5551650875011,Test
147.2231295697631,193.1724254584307,Test
187.03264542906697,219.05787160697736,Test
353.95714496545463,229.9822499061438,Test
310.24662817892585,215.4733205440561,Test
559.2010950694807,272.9730132644874,Test
241.9205456371197,217.33349188392245,Test
127.7049798818421,213.82263526695402,Test
292.50439780364826,190.191207357611,Test
206.76879940253826,266.9390453281682,Test
188.2981846785118,222.29448871479443,Test
168.49255363156925,226.9270133198205,Test
315.3519062617105,191.76362088532534,Test
255.4262425689351,214.8032096136387,Test
267.6655625532437,245.35583319055044,Test
222.91986621463602,248.5494538109786,Test
236.88275704981606,196.94597823208332,Test
140.9890699567437,230.00061725340865,Test
309.4178963633177,230.61411010361874,Test
298.0192362695383,272.06079145346916,Test
405.6930896754056,303.56559723737666,Test
236.9394565809193,221.7022453739538,Test
129.1583369860795,198.45495431782783,Test
322.4497308908862,287.7057838072061,Test
177.71363829533936,316.4597384677471,Test
147.50005919943922,281.08698132859826,Test
234.74440290961775,264.00504531583795,Test
239.47087781230366,278.15679472788327,Test
186.5198662146361,259.3332948941472,Test
169.0537562493164,214.29259801079266,Test
205.1821095524467,215.15751521187858,Test
241.7057283909782,226.31393421164827,Test
308.02461276491056,255.49852723706306,Test
574.9387626742441,262.06060674905984,Test
212.94817811897877,211.11840027658192,Test
122.60285909911426,204.8384975601591,Test
238.80280561465088,208.00336496751456,Test
211.8980176655885,295.86196723950366,Test
175.23849525192725,308.875003832481,Test
89.97423837366686,269.06940584239555,Test
275.30524703080755,222.67937720183917,Test
217.43152122334948,244.22687558000294,Test
176.75306095129227,271.0232306702848,Test
162.71986621463606,258.27128813184385,Test
61.70650581618091,218.28677013974564,Test
179.78350184748987,252.0048369448356,Test
210.78945849374531,217.25468112955213,Test
166.97437575494743,193.31514284376937,Test
291.5882536310957,273.641606386756,Test
147.48109212219066,219.65900925703,Test
106.00289122823206,264.0845042089469,Test
102.75365094921986,175.8266487710051,Test
61.08337128515426,219.98936924507146,Test
54.84205223603503,217.22435375076054,Test
52.52969380186228,220.24489616071034,Test
171.74629598263598,206.30263022920883,Test
152.7918587783562,200.24850191416337,Test
142.66638218902298,222.23680889011925,Test
71.36986621463608,222.7227443529595,Test
184.4043589161813,199.18299939968514,Test
192.36607262150733,234.88169868192537,Test
180.083846935887,231.65063310230988,Test
185.35768185932056,250.9428422817226,Test
469.2875773918079,279.9267399393324,Test
200.2735335333487,237.27676466217375,Test
171.41555028394345,277.29637522983455,Test
180.06362764359199,211.64223560066077,Test
122.96776561229417,200.13265103961524,Test
149.57796419005007,225.62089919555524,Test
147.19422337685978,209.24693226718384,Test
202.96654317272322,262.721348543869,Test
182.49492357764035,268.68281475911874,Test
194.62936459161136,194.27703987020766,Test
179.5198662146361,219.29328740196397,Test
76.07177175516274,193.49286421583696,Test
148.41595456935693,254.0867985038329,Test
222.93243996663617,215.32812498894276,Test
199.8712279470009,197.63328996657557,Test
346.9823185104506,271.5027631832727,Test
203.66571165698576,210.72263292163956,Test
47.8214073866059,202.09280333562006,Test
204.24940569931152,188.03485891506836,Test
26.849706595102205,240.21355094490278,Test
65.12231007397808,215.76350120403924,Test
48.86721613593929,235.23958737652686,Test
163.23442478098573,193.5031119052001,Test
207.3239360091172,204.41727939959867,Test
186.385749820334,299.5313226049535,Test
108.81986621463604,245.86675114663188,Test
250.28824323815485,223.06604064816185,Test
279.6399908919251,257.96632191641277,Test
406.02148751079085,299.8978646475044,Test
425.3827330947523,304.8437891258219,Test
636.6237276438093,312.74756058912743,Test
263.79447115796194,243.47561452202976,Test
189.9449636372101,264.7285549017126,Test
453.03519549099303,334.06904841261724,Test
321.32493486552795,284.1926406260777,Test
427.39366050988446,308.76553996649136,Test
353.67264677970616,302.4935276059636,Test
331.13138201462334,287.32433598926036,Test
330.3698662146361,317.5797017950622,Test
202.03067642433882,194.12457930777035,Test
171.1259142750842,215.965238129706,Test
237.2052824541797,238.517773360938,Test
308.5687809616255,196.019549550168,Test
484.26640979742126,283.11909020758054,Test
223.1981689615672,202.99481314726876,Test
136.11405845406333,201.50325986040485,Test
269.9140782749094,219.24211704832769,Test
152.09822842410568,278.2084679911595,Test
193.91650890165226,239.8908805441773,Test
115.7189197075487,233.6392665755567,Test
232.42613230439224,210.03712256527325,Test
216.28093409533906,267.94033310339864,Test
149.06986621463602,228.82042249778493,Test
277.5757350412535,264.2454542445986,Test
222.77469347752165,275.2588156346099,Test
295.4462751342911,331.91774809361885,Test
324.79048001156207,274.44167157441524,Test
642.9573081093343,287.85502809532835,Test
268.5467594276082,243.52207499475625,Test
212.35883396638337,198.23134678863926,Test
291.6935317256599,296.4044599469949,Test
312.300852705438,362.0543112591227,Test
252.83079690571742,277.59460869025054,Test
339.5585549677807,275.70156858183174,Test
297.4563688295643,282.5963301745907,Test
246.67680591184947,294.49842031966926,Test
277.16986621463604,322.9115453654036,Test
53.35085399385984,207.19966445444433,Test
111.5801804910369,258.86798064547145,Test
261.22992941964594,198.51462702268134,Test
184.8501007796867,221.06077788731346,Test
238.04069457115926,235.09606698707853,Test
170.55171079406387,228.0943618147214,Test
77.93314944840014,243.7625882160069,Test
136.9350105341682,199.58650832901904,Test
51.45729405136815,217.02312955027682,Test
0.0,198.66877073760267,Test
27.363128380063486,206.8657096687104,Test
203.8966791915589,174.07839023837778,Test
158.25065243448614,201.08729926570615,Test
173.56986621463602,232.78227370290878,Test
201.86263667539217,182.81198009150953,Test
224.866349960651,254.68704014581937,Test
292.4085824057518,317.1122340566073,Test
385.9393340106945,300.5240292454238,Test
742.0586047754794,336.12283564523244,Test
263.1663947001062,279.6824917015891,Test
189.66270378457483,204.0540619331087,Test
312.5975320288856,255.34287235425077,Test
362.82087943303816,359.7591197099121,Test
390.03274599703286,291.38388286462003,Test
240.9331317208697,258.09563383159804,Test
297.37203660454827,265.853078642686,Test
263.24946064806886,286.53018276941623,Test
191.06540385143145,281.038338249627,Test
266.66986621463604,285.31249422372565,Test
255.07563557249608,244.45541995314613,Test
250.2333853221233,267.59690037798805,Test
309.18658269974344,381.0260840650381,Test
375.9352277053566,295.2456838590202,Test
674.8293203389628,292.5414577122787,Test
284.3188606005618,248.95189546746823,Test
186.15384849015373,225.725444401223,Test
310.83149792688755,291.74461155437467,Test
252.24827632845137,267.937076968702,Test
298.8181760155578,294.7593901221786,Test
251.96986621463606,332.6183527338922,Test
218.1728479587463,284.86700722839566,Test
234.25151240133778,266.22882362413395,Test
252.52023965777107,309.7375550945821,Test
301.32902972804635,275.2903900583484,Test
572.8278826121634,291.38858513097387,Test
169.61679831012236,280.66740060192774,Test
146.5957768219231,265.8398151272601,Test
244.06481814756572,303.23443549397217,Test
380.1239222870502,352.0793111463941,Test
223.67308924037667,270.7426271960547,Test
269.61231900754467,281.6637428022688,Test
281.34161158855477,265.7917090633608,Test
274.6109669834067,261.88806880291037,Test
227.02038519210046,293.5838951983427,Test
247.7698662146361,329.81943806534275,Test
163.6539310269893,211.51617198496888,Test
178.59588361303054,248.3736599939507,Test
237.694194429655,184.04689030576452,Test
252.04886347686266,213.52609302772854,Test
339.95989075465343,245.2105380956073,Test
208.1272762630275,249.7097887926953,Test
199.55102000198477,259.4355669123243,Test
209.931121971525,192.57394727420137,Test
165.76758217164854,196.25643018691142,Test
137.7604006023552,218.25264796890426,Test
123.459577263645,208.2394132622858,Test
215.61511215551798,248.0589392065671,Test
246.22700527797429,223.21096948360304,Test
195.69525663101365,214.4222950976054,Test
144.16986621463602,211.15694316701055,Test
174.5584707485511,251.74850179263973,Test
249.18127859144278,245.17465225251186,Test
256.316636826264,198.97364341666562,Test
249.86454545301513,200.80911929673593,Test
385.9250044716958,260.87932296792286,Test
313.44801388230627,231.60271360166692,Test
218.6335736848465,301.77790028927114,Test
292.5816838793163,190.3017991919277,Test
176.76555544404494,222.8588179383379,Test
226.0513168143037,205.52361640087807,Test
285.96049073061056,224.3123072343288,Test
247.9339032766585,226.71701949427168,Test
186.16986621463602,201.04700732048425,Test
284.7775182343117,264.19141515083106,Test
255.49973937434515,272.5999764256566,Test
357.2272489981133,372.69093830626383,Test
365.2600471056161,287.96468043781533,Test
694.3481336968536,286.7235689324315,Test
214.69150877182585,255.62318541273658,Test
266.0901723305327,264.53927338264174,Test
264.3941243729742,285.41008477995507,Test
474.2033648991504,390.4757556323003,Test
280.56789390906135,274.01871142599657,Test
292.83771140270693,268.23405878589807,Test
373.1128173800872,273.0636174913975,Test
348.1432118412022,263.12722941460333,Test
306.91986621463604,309.9506759802843,Test
220.39734176709277,214.2134051737182,Test
234.64434178875192,255.51658887639155,Test
219.181061855953,237.08637334077244,Test
262.55750196869616,243.1291343483663,Test
489.02366212698104,282.04259054748604,Test
238.82954233080795,247.80147909087674,Test
186.07514258017665,313.37979297434487,Test
213.16046287508743,212.81667728798493,Test
188.83550321553997,200.06738599535922,Test
231.05026360153457,222.29968464074867,Test
237.25474403307095,225.44012495273205,Test
218.99894451014939,264.36600865266286,Test
225.98286503276964,280.28513874459827,Test
220.40650560093184,220.6557826299132,Test
190.71986621463606,215.17251098698188,Test
55.899843516941644,214.70491967655533,Test
131.66186378274645,245.98949744297252,Test
195.24972733400648,242.68444483432728,Test
152.16343417072187,186.91908214661728,Test
455.65298429289226,255.90292465125592,Test
150.91837770051808,221.287628864884,Test
72.35961439359912,301.9125935434326,Test
139.82669437213534,179.7610385913318,Test
38.31961763612685,219.51213730372814,Test
113.28838418557362,226.81306509558956,Test
89.98299402047564,210.59404561842314,Test
240.35344714083288,187.3762467831796,Test
197.5997435466453,214.47077973212075,Test
132.52188323791313,282.5200873118403,Test
88.5198662146361,197.66810357144766,Test
