Zone,a_cv,N,L,N_sample
N2,3.9915166256105676,1258.0,434.125,1501.0
N3,2.085150460001617,737.0,200.625,1500.875
NE1,0.21888267671258294,453.125,146.375,1500.875
NE2,4.417259378875112,3290.25,768.875,1501.0
NE3,0.33858079745118586,3691.5,1107.5,1501.0
