Zone,a_cv,N,L,N_sample
N2,5.477225575051662,1258.0,434.125,3501.0
N3,2.1711492160350065,737.0,200.625,3500.875
NE1,0.20126734156296672,453.125,146.375,3501.0
NE2,3.0774193391620512,3290.25,768.875,3501.0
NE3,0.33647307936668114,3691.5,1107.5,3501.0
