Loss,PredLoss,Set
242.81538961070535,233.9569590844011,Train
236.97143771633205,220.85803419484716,Train
257.78517031032953,238.37925627738466,Train
313.89092118237943,279.75887953317397,Train
170.058999530717,167.0342557602546,Train
210.66986621463602,221.7602191477329,Train
155.0823126957667,149.42736375105738,Train
227.91039172942223,212.44140767224368,Train
269.5245201770157,251.27524208861115,Train
194.24375797697599,186.42248151585014,Train
140.20988367033726,137.40105073900529,Train
132.95035544176892,119.43087539503533,Train
196.47419714601835,189.21013701924224,Train
237.48165491166645,220.8238898702066,Train
205.10326040812384,189.49239703359962,Train
337.2736015366681,321.4211733820841,Train
227.38918657417003,211.40254354536034,Train
245.72759615084584,220.80154692463023,Train
251.80274364573197,244.11934206644446,Train
245.58151118366,242.4445748168397,Train
150.52628657965414,141.47682153005502,Train
214.7820374790552,202.6411832318693,Train
195.18781753452677,182.43900525004162,Train
296.08982926340076,260.20351489744303,Train
150.845296487344,138.45093387380118,Train
201.39000137248405,205.80871952531618,Train
195.9958379728995,188.7234346201762,Train
323.0740341347961,307.29076444833953,Train
227.75355539789606,215.88864204176144,Train
184.56893275133072,186.66369959387055,Train
171.1810649321222,171.3433941962661,Train
285.8032249958163,285.95405480055655,Train
266.34804979591945,273.32730635810026,Train
257.2796410699962,268.06824182742326,Train
220.43671909610154,239.92266356883184,Train
237.27451861894747,250.93413757376192,Train
345.76986621463607,326.32608964897855,Train
187.54903718009106,199.74904651238884,Train
223.49031834826616,241.30460595230755,Train
224.23179710854794,243.67102060682421,Train
222.24401041440416,238.12055151990256,Train
197.82736105824722,225.27796852365432,Train
150.72057300683943,186.00786217501837,Train
210.6035167887128,215.76291309324492,Train
249.2694285252915,258.63388983633683,Train
235.3102649199745,251.3098419547156,Train
278.1555538318353,286.3401653225138,Train
190.7900339749214,227.40247962136036,Train
238.67823308516466,253.7512355840038,Train
276.3644403383801,289.10019125618334,Train
347.8035320574211,334.03606355804044,Train
236.76977067247572,250.95413714562852,Train
239.59662501058418,257.2981705987925,Train
299.7820382589756,283.33088406515685,Train
143.71888352005175,172.68635766972056,Train
158.51823009850375,190.23699053240128,Train
258.73215510080206,262.3645766772293,Train
268.00417442301983,279.7451516950729,Train
275.68267942640546,284.48118275305774,Train
209.22106526323105,236.02824595164003,Train
221.02459951242932,239.25081016462218,Train
295.87221688321125,285.69183888675934,Train
314.54961110374995,290.18262324264265,Train
292.4939266231311,279.75245120830743,Train
361.30466123995063,336.06164317540623,Train
229.73134208935295,219.77231502235588,Train
221.16986621463602,217.78500480443645,Train
223.18252536639827,193.32503452149192,Train
241.3576170707303,228.29319322879897,Train
302.42580196670065,272.395377224008,Train
244.07072921842393,240.05006897844262,Train
227.55426795700706,225.31026960970198,Train
201.22595307986964,198.40623564359652,Train
234.3096327195626,232.92442780568533,Train
305.8137424601091,296.1484425175236,Train
249.79953445214247,232.74496602159817,Train
308.99562875390825,308.4145235420194,Train
245.00907555330377,228.85048069518916,Train
287.7084631093448,258.9635903413491,Train
302.6384476366999,296.12624594573515,Train
351.65104312070764,327.3620166452875,Train
199.37363174993092,208.74176727090656,Train
250.42684893434642,268.00403261049865,Train
268.6244685018097,283.43118785788704,Train
164.9325801175465,180.3247551263915,Train
293.5513207013464,267.36782895965814,Train
255.15965335321098,229.25587314825387,Train
346.2334360246446,333.77739032266163,Train
262.15950350685284,252.37712917118498,Train
256.59380435068846,230.13634512400344,Train
246.8456692886419,234.25577364963098,Train
256.0172058545203,254.34097600825189,Train
280.86839917679663,259.8141406643419,Train
384.31468412306435,334.46274250374495,Train
223.48274645537532,213.7969291708009,Train
181.2698662146361,182.87351959033288,Train
177.02670112122996,180.6613285745224,Train
216.4391338369666,215.82348266018212,Train
253.5968611213521,244.23905285846715,Train
228.70890894140982,224.78774076100495,Train
230.11047029880947,211.28057646650663,Train
184.4776418527059,201.00137901631788,Train
300.47131962675746,269.43166717748494,Train
213.53139070746283,215.4443739348222,Train
197.54144751252917,200.9745797683248,Train
297.61353241515997,287.5329993605588,Train
200.4732124149155,207.5086712887925,Train
219.3292435320193,208.96124150482504,Train
204.25746898659796,205.0338640011434,Train
246.9968014711609,241.3494754495872,Train
190.97068034379302,189.91071351714965,Train
202.67772386890465,196.04446476875975,Train
211.65038337298574,211.73322585217784,Train
217.4832193767312,224.17589958472345,Train
247.2950999369379,240.91488453218957,Train
251.6633128656519,248.68893967383715,Train
213.77861017862023,205.06093096016215,Train
282.6444719504802,272.9752679033808,Train
261.8978984216867,250.40504976568738,Train
204.32112191053076,196.2985871667528,Train
189.81848888914777,184.17504295080542,Train
256.9118483828316,237.40696620278126,Train
287.03395884914613,264.12321784946073,Train
274.91690555767053,249.77213877284765,Train
290.89689289098294,274.98112423497287,Train
185.8168833438512,177.7633442772473,Train
208.21986621463606,204.45190652722198,Train
157.30291353958683,139.93488039153618,Train
262.3971174487478,233.5309365685872,Train
278.92529715936985,256.5215659026917,Train
199.94511766542837,182.96624510224217,Train
190.20112775424957,159.33736546811994,Train
152.13381954255942,131.80026224414073,Train
247.32067390547311,220.08257436474173,Train
240.1066279306737,223.14947350845995,Train
228.94992575622393,206.50451412640768,Train
349.41273854564764,323.2565052072408,Train
211.16797130608165,201.2430159236765,Train
270.00929008299204,250.66630097145358,Train
270.0881219792965,252.00168010933336,Train
289.4858632063904,276.18908725677744,Train
165.49625005529745,136.3256576025643,Train
215.10222803317544,195.62055954868464,Train
206.70286392159704,186.77349344454865,Train
214.7059975823445,217.2020158901843,Train
179.79150860595985,155.18317154383794,Train
213.13465453887403,201.65013853303518,Train
199.3810329017755,185.53039630809465,Train
334.6707450914623,320.35757171996755,Train
236.10758954883283,221.93187755717503,Train
218.6210715474072,178.64260610168935,Train
197.7913003454559,193.90062826407222,Train
172.09247343483605,179.6237456596257,Train
245.00395710296502,238.15958053784908,Train
181.33607672107246,184.32633788656065,Train
288.14757877107127,273.6117363414844,Train
161.66953621394944,158.57115008675578,Train
125.61986621463608,136.06148781820366,Train
123.38180924680555,129.82590162616722,Train
158.87312495121884,168.22502036714369,Train
196.63118135292802,199.4416869137255,Train
145.66902796134573,150.44196217287106,Train
138.63935268485608,128.55437295543248,Train
154.99530605127288,165.86545072580813,Train
181.68955522193437,185.68908879482436,Train
164.07424353398838,175.517774582823,Train
157.47143008206552,155.37223274508256,Train
240.8739948831153,235.34775684710797,Train
153.87525067087023,160.18320965994798,Train
175.86028539162663,171.67787650162393,Train
186.29193232966009,188.56035009880378,Train
270.9631195540545,257.09496920375676,Train
145.70782343251278,149.65897797739464,Train
138.70840794979657,143.71633864172713,Train
113.81383935728077,114.82634375075867,Train
181.56164208400423,184.48852851221244,Train
154.4050428331623,158.249489445439,Train
140.08571273141484,156.87257614843435,Train
144.99417692621157,153.4819958260898,Train
210.32398940768653,220.25766319329233,Train
199.33472395813237,196.02015510776778,Train
127.39253092735107,118.88084509819636,Train
167.8476557818547,172.30938123203876,Train
255.66855408043412,246.6537090162342,Train
287.18300254983956,265.3994862540445,Train
272.78473648226884,273.61730896643337,Train
291.54446948348954,288.85301961481,Train
208.69585672361518,195.16985908174522,Train
263.16986621463604,250.26330757918382,Train
174.39202772921607,166.81043288061377,Train
207.48553246246138,216.50984303239952,Train
246.99690755423723,232.56897552301874,Train
202.062357158474,192.4963559424416,Train
218.6149129242201,178.67952875857645,Train
144.8877404028164,137.38036887324756,Train
174.92002510528576,184.52491592690146,Train
236.5926596773588,223.62556723239115,Train
212.26736269911092,204.81666404232448,Train
340.00706501371684,320.14503440562623,Train
215.79730536367464,208.95832144077988,Train
264.6649747585335,249.8761471984402,Train
259.6481238017211,237.33381549337548,Train
312.93923782476463,288.47394520919073,Train
186.84156531584088,195.94025129063243,Train
203.2869341398237,194.6359149489092,Train
320.06078065882025,303.1860025311584,Train
155.40319905116507,146.32014105934897,Train
220.4654619650076,218.4778226387239,Train
193.14535252547392,191.7677866137258,Train
320.77590989478824,298.23894559171316,Train
244.23366078548622,240.55422418966594,Train
179.6600635046084,178.49501188336376,Train
132.30240631005836,156.19618172790453,Train
198.2368082412323,210.0855588057683,Train
155.26345857731312,174.10068214266133,Train
177.19275804180884,200.1812055992782,Train
130.76992528107718,154.90254958964812,Train
114.7698662146361,136.79131882240628,Train
69.32579631289732,95.07408203513917,Train
129.24494547279755,154.16747021175567,Train
159.7093235290114,177.50222271456954,Train
128.99246186949455,159.94690622940257,Train
67.97105192433115,108.72041701944615,Train
146.20665891223427,168.76344678920617,Train
123.10436661888991,144.68567903302295,Train
120.51692575138883,149.44986486658584,Train
124.30700043814824,144.93854253354098,Train
188.02419181781335,207.62708545386363,Train
122.75713738558517,150.0676648553821,Train
135.86253975169518,154.33708366718957,Train
140.1489562651808,169.82735748593754,Train
189.20389067614317,208.65398789472837,Train
124.46674056647451,136.9378326813828,Train
114.76345791127153,135.5409734188938,Train
29.29485112663724,76.66487603482183,Train
124.20506431383266,158.45611654304585,Train
153.63280188652885,169.37487430001508,Train
134.57023858258964,162.99452130648086,Train
127.39581881125345,149.7618756331371,Train
163.37819404559752,184.91047042630078,Train
153.8798334651195,175.1007579475929,Train
112.51871800450435,123.64328801306424,Train
117.37125969744619,134.96782898952742,Train
193.2971757460565,200.49919903449836,Train
263.52729350255714,251.324519719474,Train
175.87656617675805,189.08340840286832,Train
273.85837530609,271.9044259034141,Train
143.64855208739235,144.69867403382048,Train
161.31986621463602,165.6763675899305,Train
68.39762842562486,80.220521663398,Train
153.85079067711925,165.88449772722865,Train
187.62886007898453,197.5945079033316,Train
150.8271012625097,156.73485660078111,Train
90.3963322049033,100.66541715936305,Train
110.30770148243838,101.8739487973817,Train
157.89704848938553,163.14061275043642,Train
179.0700570996426,186.84175872795535,Train
135.3822290225443,141.45871238399522,Train
243.62878878472804,235.70028973615143,Train
166.16632547800882,168.18830144209738,Train
194.4595555214605,188.46357505713323,Train
223.15898233601314,218.20438338818138,Train
241.6934342082378,236.2474014721837,Train
76.80090283185737,83.34258045234431,Train
133.63424987888897,138.3729478172932,Train
185.2706594190348,177.32035601920765,Train
186.00114319370047,191.11930904698318,Train
111.92981733991978,106.44459261987377,Train
163.23512364381392,172.1254921359476,Train
126.9102923588375,128.63128933656475,Train
249.1593316872013,252.022931030663,Train
178.78108265164957,184.21894750715845,Train
93.7060730880276,100.55618938730565,Train
137.77234984143206,149.22851458128528,Train
191.17241007854878,192.73309263975827,Train
224.8047605841603,226.84569127967197,Train
188.1591702688352,185.4644098091304,Train
201.77623772574776,203.2642877698795,Train
156.77791273782034,157.15807549988926,Train
146.6198662146361,151.90865708497407,Train
126.4672109545883,128.02268921256962,Train
190.73126748893552,176.58693198799412,Train
196.16834136762122,197.46104230283572,Train
149.17207757701013,150.06027344464033,Train
88.93817427206982,105.67716099882868,Train
89.54567575271896,88.86673636484596,Train
142.18010217659963,154.14564319961744,Train
190.70832806755965,187.621059802097,Train
144.3416199540382,143.32153057882505,Train
232.71223354207746,227.50783930563423,Train
117.80997271601147,129.98750181265777,Train
234.62532829373737,220.87218459008727,Train
209.72563658820087,210.43821373269827,Train
194.6016284949474,197.16024665735182,Train
130.96665261723066,120.31777851733158,Train
149.98209024228834,149.93667220794208,Train
148.0240828384197,163.53054290209428,Train
250.84605054749034,237.6704063070082,Train
86.44088283324693,93.14373359520172,Train
209.4844571949346,200.56454388995942,Train
150.55082858690434,158.97364677822281,Train
232.40541048715454,231.4703158908108,Train
224.04223654296533,220.5257723587058,Train
105.5267290236581,102.74840885906907,Train
171.30709488970544,173.42466323856397,Train
179.81437403761714,191.6725287793454,Train
178.0464875331171,202.9226446279486,Train
154.68000275907303,174.15343443553868,Train
129.57744572439142,154.58698635980352,Train
99.73813848042353,131.5440608750335,Train
122.81986621463604,140.97576365907003,Train
39.00948405823094,59.29324686746137,Train
109.04338457760174,127.14162863273033,Train
133.2196101637504,161.71109257144687,Train
75.69761084976095,108.52194987328947,Train
64.49038492881454,112.4238018350901,Train
79.04986204973821,90.14969774933995,Train
156.99099175655044,163.30874832091902,Train
196.95493963623613,203.3895441581708,Train
80.94418585181894,105.85267749447095,Train
181.86630442395602,192.14427972799115,Train
161.44605221291724,160.0896431532258,Train
175.85404039623256,186.16370385852576,Train
146.18407478864697,160.35640682367432,Train
196.997696450339,212.3028619545404,Train
44.28925313955354,60.98583944398107,Train
103.19287883399105,126.5197778377585,Train
98.11421769391198,127.52353312066684,Train
133.2032490797239,160.9637723315668,Train
42.86827097344391,64.49538915664868,Train
148.26261098324707,157.5236196323039,Train
84.30925716963162,114.5713568881968,Train
218.18467582090483,221.83914517473863,Train
140.60425463664765,168.73999355115205,Train
61.9605084866799,83.85719880990513,Train
130.13480206657852,151.14311486692753,Train
256.7133123457227,252.0312568733368,Train
257.9671311349375,257.1629980401599,Train
238.62145957624017,240.4101483694516,Train
258.982592591976,254.50537131240654,Train
181.55081688206909,199.38958416134972,Train
188.6198662146361,187.29850757738924,Train
112.38247196553002,153.58022927632922,Train
160.38943258744592,178.84711786230034,Train
219.51730047015087,220.84074259775684,Train
149.39877393890254,162.44137800034977,Train
161.10937501137707,189.4664188093774,Train
143.63357722066743,131.32363927278826,Train
224.32341053289468,222.4294154678991,Train
207.80471893387806,222.73906619201122,Train
148.72336756583496,156.1161473118228,Train
195.806811766232,215.68370262425657,Train
128.53715475699022,158.74608544454122,Train
201.4194485322177,211.46959006388155,Train
224.59258357893245,236.69829632191662,Train
267.7694782115467,265.1340093504179,Train
88.02639720216563,113.03266263972776,Train
185.2312407602637,184.93030625517355,Train
214.52122083953083,246.1307946047705,Train
63.91373165774614,85.5696282005665,Train
172.1971661259903,183.0652684632336,Train
197.37424189044327,200.79362699404763,Train
221.47869746229472,239.1291152302354,Train
247.56963765926446,244.0626722206584,Train
162.4490259801853,168.5996779579618,Train
195.61217874701896,197.87888300543247,Train
291.1207203436163,291.58733174652497,Train
334.608783670381,311.90889532501166,Train
304.4974969275126,293.8910942131056,Train
345.5836397194696,328.7336115864844,Train
234.96211529360318,248.02214329524912,Train
200.5198662146361,210.43067049528398,Train
156.93238978176413,168.94420532259738,Train
263.64056040739194,257.31782073031826,Train
294.8998218441574,286.7461894823731,Train
250.37172372941535,239.48398920070076,Train
238.19477671158302,239.29862835442285,Train
228.12362943540137,197.06539704217016,Train
283.28072316698086,270.4387255949433,Train
333.72986197958926,320.94674706114836,Train
264.87569286322827,243.98075402791295,Train
289.59405701154145,287.11243958101284,Train
234.159192886755,232.07941802942813,Train
278.94650242359023,268.85066023635187,Train
330.573983895152,329.790908172274,Train
334.07123564436904,335.17869921291197,Train
234.63956459038621,234.29123158560327,Train
287.7610972961034,279.65534206349776,Train
444.4942009079373,393.21086998793265,Train
287.2009102298034,282.3605530234838,Train
267.7417403583018,263.73150391100205,Train
216.85965988726971,230.57674246725924,Train
281.5318848766467,270.6322020910635,Train
336.1846661974954,333.78286966164404,Train
273.6306558063518,262.56948295886116,Train
210.43519601736307,233.2973985697243,Train
239.21993609334214,237.66286690983245,Train
271.3501115270841,272.1631839465422,Train
335.69501066964995,305.12033120134254,Train
266.7398518320209,272.21707075109146,Train
269.39707895050714,273.34119324934875,Train
206.8714467394955,213.56950230622743,Train
225.71986621463606,230.03587477085156,Train
146.50423595933194,153.03850936341442,Train
218.7471932717118,224.97084525085083,Train
309.77541051937317,291.91816652623766,Train
218.3188431438629,232.47182235831386,Train
204.53758853107928,219.1975550972152,Train
154.48602694670217,153.00508461942525,Train
209.02724914747864,221.15236059632997,Train
296.45415978404435,293.8007829247343,Train
230.35991538042524,232.31073243553865,Train
312.5375892270001,312.76716459778544,Train
213.49524010691766,220.37090975232053,Train
248.33789106135265,260.63847622582944,Train
308.1391204868185,313.6291190991931,Train
323.5553963349474,298.1316129599181,Train
201.1794466963357,202.91642780850214,Train
231.4286161427394,248.3608054239353,Train
308.59586165450764,308.8291500357396,Train
251.14351004881223,250.22234783374148,Train
158.74358973734962,171.94802064702105,Train
226.45299945789753,225.36988542387377,Train
230.6459190058596,233.7243528589054,Train
323.177857986228,327.3133967084552,Train
258.9623742313568,262.5103676009941,Train
223.55990122848812,218.54101340163834,Train
253.24924208218107,228.41575109336333,Train
261.0725312332194,259.6219866602391,Train
331.11056965011795,295.08277012194037,Train
269.16554226618575,271.733823002227,Train
289.41438697086335,265.657651138957,Train
206.01118209482948,225.20454060692938,Train
169.3698662146361,178.32090021207966,Train
146.116252058252,137.79820160314335,Train
207.8527564608971,202.20125658497287,Train
253.2299603688691,253.47522624686948,Train
194.13427977661436,199.89879140971192,Train
208.77747469235337,219.57829181517383,Train
189.59373373408994,171.2552288710974,Train
265.1908218359068,251.74692457992197,Train
252.7924303106049,263.27490470327933,Train
192.11807591413645,187.86224909372103,Train
224.712918947,242.27473590022805,Train
178.4855023257659,191.33824102019784,Train
246.55643333000242,244.30363869602314,Train
277.0419901419889,282.40379984789644,Train
321.0524208470568,307.51769005016666,Train
156.41732035026337,172.98840155159095,Train
227.27635889720307,210.33798599387092,Train
260.74274397533503,261.17811756528357,Train
287.36694083739735,269.6376513652456,Train
106.39660472681034,122.23017965090582,Train
216.8876362422671,223.94787818136953,Train
235.41426453817837,244.14018495792658,Train
255.60397915149736,264.60913560437626,Train
246.08918953810942,246.30491785448226,Train
194.08195790613945,181.82457876711536,Train
204.35020306265906,208.34531774797762,Train
278.7377247389487,266.5950006356541,Train
290.0881989874553,277.5564801675522,Train
254.4242866699086,253.74824210976794,Train
293.6173377729079,274.23939818096426,Train
196.69777005299912,191.1355584006064,Train
135.06986621463602,154.84552541623214,Train
118.8260902262696,127.48779157153837,Train
176.4131306878926,193.17186173428917,Train
254.1910288599926,245.04486537834168,Train
168.68129915549628,174.7154432055088,Train
190.6438932691208,184.02673096155482,Train
157.74473797469295,143.96975638779534,Train
228.25178765760305,218.82291097208642,Train
245.44877183665452,251.01257396659997,Train
178.94863639304205,177.660842015026,Train
213.092594397369,215.53317235790834,Train
162.862717129923,163.06093337120285,Train
234.48210433908986,231.06234940126788,Train
220.80890578465068,232.39345251673873,Train
256.9125027721907,261.8509105335678,Train
124.29927946623916,138.24759310745122,Train
198.93741202744457,187.0306996886427,Train
235.56044841093134,241.41753933789215,Train
235.0328245369442,232.70419669747534,Train
112.21149207942187,137.24264929506762,Train
205.7294748828586,203.7220389151429,Train
202.9186489177355,200.62637035227755,Train
261.1905363879031,257.9354896567257,Train
267.1022392841636,251.65131390097343,Train
198.64156605441124,202.55059750503716,Train
200.44304263236063,207.8020423702968,Train
223.9899648579796,235.6645866888213,Train
231.2533994477826,227.94558728356395,Train
268.7892082488312,259.2522706459532,Train
176.73099501458043,180.83672008750437,Train
129.1198662146361,141.9509509533498,Train
166.91582088741563,166.35795503045824,Train
191.43903775027457,199.61424235180684,Train
206.89998675148234,214.1446946660453,Train
162.23929120699324,174.24035588773998,Train
112.72226161278219,134.3232955171807,Train
169.73197273722752,190.06840266633202,Train
246.6750623124728,244.56879284223868,Train
201.87183669446767,207.1938110195855,Train
186.66576906810892,194.27272783676634,Train
262.35045196814895,260.3758485913185,Train
150.88212024001533,162.65298840176692,Train
211.60885416063292,210.77300194132098,Train
199.6045357599239,200.30725864884323,Train
251.4589681631075,250.67320871357515,Train
157.9352252988325,163.39957186955755,Train
152.84748163952915,166.1581152763711,Train
158.56923517618816,164.73146745129338,Train
162.91840462159183,183.85104744627816,Train
206.07596073732316,209.68975895573394,Train
246.06084243066675,229.09635407063206,Train
176.01008586878973,184.28142304046204,Train
222.62598479067404,228.34369648283698,Train
225.65713226669087,235.37791450554855,Train
214.89717535319303,190.14449927258653,Train
151.8891102973039,160.71745962079612,Train
159.18387400878174,173.30304970254744,Train
179.86063677933478,195.61483221383696,Train
167.28383180112007,168.8884966281383,Train
196.62307920312105,199.68399178852016,Train
130.4509946576129,133.7306185166888,Train
98.31986621463604,116.5579471691735,Train
86.34752574073586,88.93761636402176,Train
131.57889158470874,142.5283345966201,Train
166.06236621583867,172.9592893304081,Train
132.82214998089162,136.41239503361396,Train
114.92140431220268,108.7866920828208,Train
67.74240179982957,78.41034488134143,Train
139.64518664872367,142.89935563653003,Train
195.52789725472314,194.67771002336931,Train
106.4214882947018,111.13543377062824,Train
184.79773859581792,193.96864278505242,Train
116.36805764561231,128.98229611959692,Train
171.5363089439361,178.69704333672635,Train
180.5494472553278,189.66086920063074,Train
179.87359132521107,187.2348447850891,Train
76.90488725590534,89.0760102566925,Train
119.56860634521352,127.95495574809978,Train
164.12117400734786,148.79624918282286,Train
119.30406037261655,115.22073293297954,Train
177.36156257999156,176.6411462318697,Train
120.44141586789372,128.80441459453797,Train
205.46347491636254,209.43465942575685,Train
204.94776491748516,199.72335754457617,Train
89.47583859599635,101.1401253935451,Train
169.97534400915643,171.92082158749008,Train
229.3711954910048,224.10141817362862,Train
255.6165755385839,242.50783922569573,Train
180.5263269796557,185.95751389748716,Train
237.0575114915982,226.37346792266982,Train
157.76601163416103,183.55665065079808,Train
178.46986621463606,178.92744432052984,Train
118.25139992204149,116.18146605137366,Train
186.49878601695087,188.08428385306826,Train
194.18435388491605,199.2896821726825,Train
160.542761107583,162.70667672859457,Train
146.95008407374903,132.59302203453277,Train
61.58469613497704,72.32905816260084,Train
178.0769619610427,182.63336641845703,Train
188.91121650957922,192.56534086306598,Train
136.51495265811823,136.41885193168577,Train
229.58376096919181,226.59233274997774,Train
151.2178530434425,153.37364690484497,Train
216.5975755462331,219.63390030170206,Train
195.94292662701707,215.230870425198,Train
203.71775952686397,210.69638471725258,Train
87.51523320785384,99.86250133528127,Train
156.20114369098064,154.04995789994334,Train
129.06382788580623,137.868534068466,Train
182.4457340924455,194.97459462991804,Train
102.82398769380265,113.6326524821457,Train
146.23738268411194,157.39837422922741,Train
162.9852526308339,153.30115422537725,Train
232.29959124629013,230.70140814034488,Train
224.70565481968623,225.49710242766105,Train
18.177620343827527,57.61750706265276,Train
173.5298121864433,177.86378590712658,Train
290.05297619667067,261.1269313330468,Train
284.1109550505571,265.60484951976326,Train
280.30336039149716,265.67201347653105,Train
422.09572433645667,366.38458572514776,Train
262.12865366331937,229.97559216482148,Train
267.01986621463607,236.133919040574,Train
274.2290541014531,240.88210109504055,Train
257.3063340138885,239.56269871165568,Train
280.4294895025782,256.49430036021465,Train
259.2144137933915,239.6901491110065,Train
253.80453456865934,217.08500568953488,Train
348.6222556687967,299.7952326753099,Train
279.6159470064471,255.5018354395917,Train
272.85239708167114,247.41389286381,Train
340.35044154165473,311.76596130652774,Train
240.44957073940435,223.42269840357673,Train
278.84347621449706,244.59776180552976,Train
274.48904950571296,254.46857789879328,Train
325.27212165801745,283.83909499511776,Train
273.8847443258322,253.01941179610893,Train
248.19457620666014,224.76451042120976,Train
290.27088122208596,249.76605284725645,Train
307.2586241303768,275.4769302549539,Train
244.45943164155997,231.61228724764248,Train
323.6588270714831,292.03232255838316,Train
285.14354366410305,269.6670712360802,Train
248.03365384158326,238.239425138677,Train
237.8094716906708,229.9313130143182,Train
244.03875430813196,234.33841528141434,Train
205.78954669311233,199.27427162911295,Train
203.76708415095152,204.34355861261065,Train
158.45806730440717,162.54650923332812,Train
171.81986621463602,172.96774175257198,Train
110.91173506431161,115.14560902993938,Train
173.06397245766917,178.79118612900305,Train
199.5372060493395,203.68567591803384,Train
154.82898032534877,166.1183808462062,Train
101.31030536848212,108.70434596817496,Train
135.71228443729294,125.37633524612997,Train
209.50405823727723,199.1237276681432,Train
184.1779863947266,194.20613827973173,Train
133.3955986040975,139.9491117463253,Train
212.23181085153007,211.5810696393172,Train
122.48086888147432,136.3088901765864,Train
196.572321310427,199.36141596359536,Train
205.47017703361644,226.60753445486662,Train
217.10782152289804,219.8890323411069,Train
112.01474067982636,136.89380667077128,Train
153.73989384973473,160.4517607654076,Train
145.32362473976048,157.08502448801826,Train
179.75623843354688,192.86192567333032,Train
89.94256056719333,104.64388844222776,Train
174.4453161745697,179.78402227634442,Train
145.70972385544405,150.52684351638194,Train
220.86344290519745,227.08504440350208,Train
238.69131005047643,230.59695593695872,Train
130.90847227099255,123.01431188137585,Train
169.58656350196893,182.03794985089573,Train
325.6748086961425,307.99842922678596,Train
353.8494286561582,308.7336721035334,Train
304.3470563874422,298.5418586293667,Train
379.6580998678855,348.3097460047243,Train
277.46943202779096,274.92460050778374,Train
285.21986621463606,283.86316357939336,Train
205.39522367073693,200.66436985786453,Train
270.5271154847475,269.4525181084253,Train
308.0047619401896,292.6045637309293,Train
296.201971304601,281.9135996489968,Train
275.24501385089485,259.3577562730347,Train
252.28415387621465,250.47989492430696,Train
353.305848444528,339.8533914350246,Train
278.7684961821557,269.5324124531154,Train
288.18940149356155,286.7049963695655,Train
303.47032495465606,300.23937212685263,Train
317.22831889023956,310.88682091308846,Train
381.8036475091812,360.8043919066759,Train
385.40711936511855,366.6539017645305,Train
256.95811295076845,268.36369453828127,Train
314.7311049677606,303.42152608131664,Train
272.0796986978041,279.5471560238613,Train
300.19135348618755,286.5380175061794,Train
197.52446115216728,201.254227321605,Train
291.0131914612,269.9615306203277,Train
309.46297012791274,300.5097079412095,Train
374.92211808293297,359.58988732297837,Train
313.4191534200389,295.8341124544361,Train
290.0550890009651,285.47099385012746,Train
249.0045339687614,250.7507470560992,Train
241.18144192152852,248.56071204322572,Train
305.9433253806967,290.8144763210089,Train
222.29598910860466,236.95002559620121,Train
325.54575724178096,301.74048467852333,Train
176.46437837665206,182.15821763135534,Train
140.31986621463602,174.3988737607546,Train
101.89530718534343,109.42359574073457,Train
175.33885957897633,197.52061504807108,Train
247.43421653381046,244.90186149188406,Train
164.88062843150774,188.84547656629482,Train
173.07096206985187,170.82684641742028,Train
142.3153119419991,170.9713497487571,Train
206.15323006847947,206.8266348365,Train
243.2621839942097,240.74718915930794,Train
180.96740742002123,194.83618890287462,Train
213.2541139852263,232.35332958208372,Train
146.17629528829232,164.14439424555587,Train
209.83879600890612,220.68695892827327,Train
220.89486219485167,234.49719562210106,Train
260.580175492615,272.7366753239154,Train
117.75576680705322,144.5867919293382,Train
202.68718185630325,219.16134647258528,Train
199.680689514189,223.79082262259482,Train
216.2315408259488,227.72563114482625,Train
162.16382001439732,168.18905191644518,Train
211.80912234585327,219.37840022121645,Train
191.66178577214893,218.34091083669418,Train
237.4703090216375,252.66834722107023,Train
210.07953979191234,210.29911428054874,Train
47.707170112932175,107.13551574960697,Train
157.03791925042748,172.37167267435038,Train
217.93135440233277,206.53930384476405,Train
234.40935285392356,231.66408662694016,Train
227.01086223053437,220.11355077741268,Train
218.7052710070921,219.53272380275627,Train
214.61792048540443,198.9542328440145,Train
134.71986621463606,145.1973741838999,Train
164.92560521612862,152.37361885860437,Train
211.479034823923,198.5220538165466,Train
228.48847236898732,217.45870768295043,Train
211.3943696985567,191.07030345946123,Train
117.4656746634524,113.44712525835072,Train
140.95705581694858,134.03091841872987,Train
166.65326989153255,163.14769156346117,Train
213.3869929808362,206.7348733821563,Train
182.00137574263894,172.86338653569806,Train
268.35145699232976,250.76481299886706,Train
162.22572268661256,161.5054530147943,Train
239.0968579624732,229.2090322861836,Train
256.75036718598005,240.26258239844077,Train
221.13016280415064,219.33023803593352,Train
211.78805539002454,195.9468644258009,Train
184.19212091999117,175.40151079863747,Train
126.74934727612626,155.52037443304357,Train
262.46796198121064,239.50395668948963,Train
148.85987458133206,135.98439636644943,Train
229.62396532788904,206.46217899345643,Train
196.13021501493844,187.750374271103,Train
262.5252175874123,251.21775279192295,Train
238.3083941896527,232.57941783668622,Train
172.75511441317354,152.94032118957188,Train
216.2729560868087,206.18015975301097,Train
347.0964894313313,331.6586797574683,Train
424.7546436397794,368.2263620071635,Train
324.51924776152,312.23074074797745,Train
358.99992891760274,327.18033823620794,Train
317.6351797509279,305.7224739727259,Train
297.1198662146361,296.30349669088616,Train
265.2972354552139,248.1685504727504,Train
286.819684438626,286.68443009674684,Train
339.5837316275143,306.5802518191282,Train
295.98901924562784,291.4406761154926,Train
315.95774974562784,293.4460346553767,Train
281.32740904455113,259.21429762878597,Train
279.0367783610312,271.62671008492595,Train
364.55943282008616,343.729872493404,Train
315.6998797325868,305.317732204688,Train
366.7031686728223,349.227334227759,Train
382.6301763282213,347.8891696896129,Train
358.7985697012689,337.7958592154435,Train
373.64943229371454,355.0064310188178,Train
423.6127522910484,401.57585611117736,Train
322.25215184410536,293.9578951468733,Train
347.1343180357684,331.8251862029979,Train
318.9388908569215,312.7443057840827,Train
258.7997656741374,264.14216711861394,Train
270.69349538892277,256.41089780307453,Train
268.73921734385215,260.71194026749623,Train
337.51782379349737,325.64655788901814,Train
388.73635256743614,377.4064640723315,Train
338.401604917478,321.2106170949257,Train
333.0355686947547,310.96462649774287,Train
326.15598245030384,309.31773349390573,Train
233.42337962228885,226.8417297882638,Train
257.2788352397892,243.91528756457635,Train
272.8067805137589,241.17869025355992,Train
307.2779550070684,297.1753989821935,Train
154.13418500394133,150.12865126395948,Train
169.71986621463606,158.96602665015604,Train
145.53722114871147,130.61297080412473,Train
176.41091444262162,157.5459367882115,Train
250.32478948317973,234.923648086104,Train
176.4200910752601,166.32140166776034,Train
169.86017349123227,155.50339696775993,Train
146.04672615801329,125.11882607422119,Train
183.49351847118044,173.61973113412324,Train
218.36465794129856,212.81221995515034,Train
185.08654852067068,170.25966499913062,Train
280.69585072773634,263.539040679958,Train
221.62071405879982,197.4037335666216,Train
225.77414673408254,208.37799345018152,Train
246.07984718893758,233.95637128465833,Train
285.0656265157721,267.18108489008137,Train
96.25181114975388,93.58084939214719,Train
185.63650246968808,168.68886757235828,Train
171.7566525603492,137.16606459401393,Train
230.95308432227395,220.03458557439413,Train
139.103140233796,132.53871919001364,Train
190.70639392993806,182.55931728211888,Train
189.22657356054373,169.22867655779805,Train
297.75761097695795,282.10968892907346,Train
222.1979494303808,210.76704756263973,Train
113.0362949928338,107.963539626391,Train
207.14185612187865,188.36946345626237,Train
286.5995735067951,289.31240115355894,Train
289.8191790259776,268.17468467738524,Train
263.03066475455046,278.17893940381805,Train
250.42873616417785,263.7406917264243,Train
221.40288489819352,244.6954514986169,Train
274.01986621463607,284.0557119407865,Train
132.52507173474413,158.33940196149337,Train
247.1594205458269,254.53008883501371,Train
244.20285040688134,265.9822115204105,Train
199.22575379647517,224.21340036312822,Train
197.0083658401546,214.48813368119596,Train
180.94298355209486,193.98276220141742,Train
232.55421923757336,231.74308486859277,Train
250.78789761846852,273.41029069050114,Train
245.3640390247823,264.9348706059786,Train
233.31081755668427,255.9054990011023,Train
296.9552602124098,300.70379465979937,Train
275.47777165095306,283.16356204859085,Train
246.7535294706268,275.21363697024276,Train
342.23204361286884,350.20931731332877,Train
176.03368882340547,217.8348588558713,Train
239.3510739915892,259.46327273473094,Train
199.3965943929554,227.22808068537105,Train
167.94350531383265,200.21731999784265,Train
93.77874316416924,143.3183400325731,Train
189.01705609364592,211.74908849025687,Train
229.96597852820474,254.39405434742673,Train
302.6993320676093,311.13362048401814,Train
250.91555466412993,265.488036518711,Train
280.5995233819336,282.89392522583944,Train
274.6848663397733,265.61499066092324,Train
238.46387253784343,240.73005189690568,Train
235.04007559744826,234.12988519489818,Train
229.60509843116125,240.09926907355654,Train
280.5730090479507,282.70372983292884,Train
163.98267096874076,170.59252136675457,Train
187.56986621463602,195.7231220978309,Train
104.15660077260276,109.46087274455806,Train
189.4648580293358,196.93513823979137,Train
224.46976248265696,219.8387769788941,Train
158.17340933052517,158.41203461593454,Train
154.50173344580787,132.84304595093792,Train
141.20773367013823,130.4775560821492,Train
193.09168737802466,193.83172080839654,Train
209.77814395436414,208.30278641865658,Train
173.89762644437792,174.73367483694375,Train
301.3774435991556,298.3974411118327,Train
190.2511201790473,184.98253392054352,Train
231.31834764985436,228.73399137657165,Train
222.13102811623276,219.94367855290238,Train
293.488091171949,280.04895796989166,Train
91.6867134656728,90.88918456048877,Train
158.4151835659148,165.34654883329748,Train
163.73346724781783,182.4954386946332,Train
241.87850677798025,228.24744101795176,Train
122.32977873908153,112.74981323626368,Train
194.2224717877586,199.68275926050026,Train
166.64144659567577,167.85469283444348,Train
280.3735131352564,273.2868896667083,Train
208.0229873771347,212.80630173969442,Train
149.45472940744634,143.9333764539856,Train
187.0274220888505,182.1958559611618,Train
230.466930696894,220.82102245975,Train
261.16401678204153,253.55831119004802,Train
215.1600035749042,217.23994056607313,Train
341.2758312431823,303.61577362957166,Train
216.47369878776988,203.8277895575231,Train
159.56986621463602,160.0715187663055,Train
139.44401687121888,162.01763929321027,Train
231.171990338867,209.1417200072929,Train
216.3379503930306,217.79923971131217,Train
192.52642252305412,192.34868645353492,Train
149.60404336789992,147.18200484759927,Train
125.23593703891646,142.15770377020596,Train
209.4532881292667,207.09309515540704,Train
215.2403300660771,210.99745613565184,Train
187.74112500514295,184.5739763940746,Train
294.9072614237605,274.50560561442654,Train
186.61939438013712,186.29434365211173,Train
206.20516471325436,196.78310314422492,Train
234.1762374919303,235.19462719300458,Train
258.85152681862144,250.99444277263962,Train
146.0447276896897,159.21653894135022,Train
179.10944696600524,176.6863913377839,Train
138.60130121246323,147.69038505279985,Train
161.84511145236036,175.62592710557877,Train
125.88893956900363,136.55005364431725,Train
232.51274079410734,223.18569264515065,Train
184.45051954939836,192.12065330471344,Train
243.51669193371913,237.12372739720425,Train
243.68327056249478,236.62196034653337,Train
174.32071840827152,178.33851639790495,Train
232.8560389513733,211.16880035212557,Train
284.2853160310434,270.2968413033026,Train
315.5181350843262,298.5037968643326,Train
290.58593725472093,292.142299637165,Train
283.9499839295988,290.9695486556966,Train
252.80118877599676,266.2325882663574,Train
314.26986621463607,303.8124044524219,Train
170.80814186107025,177.90628625154287,Train
284.70161604839063,281.6369180591334,Train
302.27905849630986,294.4748194283837,Train
257.8210233447501,255.31541532076716,Train
247.79866496305212,238.08577625215995,Train
228.35156898156214,239.42567746829369,Train
313.1204867888581,318.9867876905349,Train
282.40836403494905,288.53084217432166,Train
290.0435753232152,300.1764157130865,Train
345.6017420527359,313.8550944330093,Train
300.06132765393977,303.38950703667416,Train
341.3261230999142,336.4184917056243,Train
386.34083887140656,362.1065101321367,Train
237.1910735789376,240.43069268360506,Train
291.6936661449288,291.69598533472896,Train
253.82606034414283,266.4542112504829,Train
212.36026111974348,231.5498704777063,Train
217.45797832491095,215.9653931514835,Train
250.0055059638534,250.715454501994,Train
278.4687497024835,284.5929956833675,Train
340.1304040732348,344.5577989711383,Train
263.43795492689793,268.2631123206959,Train
300.7326831324642,285.06237541037945,Train
281.06130500496045,263.7381767940778,Train
188.80151354980995,199.77186797242803,Train
193.31161052277886,204.80367733491113,Train
250.00496872783094,233.66943843868918,Train
254.66645878639454,247.69421058439636,Train
124.8966311351593,135.97294758946322,Train
163.7698662146361,167.56873584044158,Train
110.87214023912883,124.05937122740815,Train
160.8952124212237,173.79317691720692,Train
227.49683137007992,224.01899049667708,Train
158.6971480254559,161.9009684218498,Train
103.62485617049404,113.054599055411,Train
69.77343083546319,81.7720329230435,Train
161.21298652683012,170.1069084463489,Train
181.35265674910573,189.08940713176662,Train
148.86333543164238,160.31579853433738,Train
287.69427297580273,283.03016490019496,Train
173.44489071390058,183.74285111504184,Train
185.19260435146452,186.5347337178256,Train
221.45388375081478,224.3399035118929,Train
202.41197492793455,209.8638468104823,Train
110.96208278954057,113.42536297272552,Train
165.29997339962725,166.3600804998085,Train
83.39424922495694,105.97671779094078,Train
200.2555833396842,207.57026213002243,Train
139.12090816136921,129.66267850828254,Train
174.36600011837746,173.5757616500231,Train
153.6374499290764,158.66337621287315,Train
277.0029151942541,260.69197831125473,Train
182.885894230343,191.22007978194083,Train
55.073613988840236,98.43551947792665,Train
113.3075391517045,138.98543477321218,Train
179.11709783017585,185.79964438334196,Train
212.19830256996616,218.7647307341656,Train
189.04541280982295,199.05704115114105,Train
213.29441508838792,215.92050283570237,Train
145.89836677042751,146.3905077408939,Train
142.7698662146361,150.7931257424988,Train
101.35624935069858,106.4133445736344,Train
156.32026646523101,153.17723669407712,Train
194.34752771024245,197.74067257386682,Train
117.16215555010805,126.86502581173164,Train
90.72905352387319,109.17722796884566,Train
109.24217800046902,110.6439402851971,Train
182.17745529390672,178.38003718399912,Train
154.62933001903968,163.35865434303247,Train
141.16116111840182,141.2046962244988,Train
212.57960798396834,220.33733838177042,Train
110.59705126488068,142.3567853860685,Train
158.83660015217777,169.17777007668786,Train
216.97058515932605,215.53116468268482,Train
193.76579426323065,199.73021777970675,Train
80.65493212335201,88.16927632674071,Train
128.52895652946864,148.95832550649922,Train
81.46350359756042,90.06534354444396,Train
211.617151463631,213.290558459572,Train
133.5970646732445,132.95459810657675,Train
154.4680308470744,163.35273979818564,Train
109.11974265554153,114.94380981518599,Train
220.76122440887997,221.78445639807748,Train
176.92913113269844,181.15376320978845,Train
128.1026941254499,115.34196719417785,Train
174.0933899904464,171.69367589063145,Train
173.73594122039668,175.45050590117762,Train
261.2231479640165,240.5476853966423,Train
210.4816597212574,203.65279405791912,Train
313.35370327567534,297.70410067765886,Train
154.8330990198903,148.94809405063498,Train
101.81986621463604,132.65639748961712,Train
116.7068726227589,128.70684082868897,Train
170.37224415865813,163.2287245459983,Train
187.1435893870799,187.05454501715576,Train
137.3736510414915,145.77620350504208,Train
181.0480112233627,170.56949477524907,Train
157.98252184589845,162.3836923189905,Train
155.62312017687157,159.17221090137224,Train
168.88909777992373,169.77276611698178,Train
147.8338343979492,149.62327297653448,Train
214.24950081232737,215.7232836090629,Train
150.37606728368522,159.1085301155012,Train
173.66208108574696,173.83709295949035,Train
195.73573111238,188.53359786852525,Train
253.58276518032807,247.45779435085956,Train
128.71374070802062,133.28945161499578,Train
138.18172677249697,137.54719929774276,Train
103.97023246999782,97.9004850467545,Train
182.77862990831244,190.7245718375626,Train
148.6992394556641,157.95929444997614,Train
174.72037920472368,171.19701786334193,Train
152.4740211225032,156.7238249423467,Train
235.4093737907243,226.3246765456334,Train
188.48113445121527,188.61407788105427,Train
106.75814761514495,104.73883979491721,Train
157.5944976733916,157.56807071499597,Train
228.02199420417372,222.85097593250327,Train
241.4340211825153,235.7676731730322,Train
230.8714996571229,225.46874256098852,Train
195.2655822812805,214.51658059728908,Train
232.1810528868222,210.1222654810608,Train
170.06986621463602,163.91354241850945,Train
166.61784805571463,158.24822651109702,Train
215.56976351334652,206.8456244752198,Train
237.80326412820364,222.38057238303247,Train
192.91780551336757,188.6795670407346,Train
133.5924018488031,125.57393332183779,Train
197.37848649284405,172.03548458753085,Train
187.16250729355022,193.7915907723436,Train
250.25909658057148,232.62328825988732,Train
168.8089083888572,172.31669524761134,Train
282.5658771650319,271.9457977858119,Train
199.69504502005395,198.4369680251549,Train
256.7141168201862,237.62846057622215,Train
258.62832120359224,250.04621850268907,Train
237.19378408727275,242.1605741894467,Train
227.81269118720076,208.02221932606056,Train
194.1514741317146,187.9732365632581,Train
176.4186462438638,171.3976607457554,Train
230.8135286144112,223.0295805376377,Train
160.4929286226133,152.73999078763748,Train
197.02275357760215,205.48886013984608,Train
192.61223444148249,191.88749380672832,Train
260.3774728938441,251.0163644715442,Train
256.6373171556694,250.29337700635813,Train
194.94712819944436,181.3685872178674,Train
218.10227904694713,207.0467822338939,Train
313.8487322701636,311.77076616921227,Train
385.21575317470047,335.45735426008514,Train
301.47864685512354,305.51988435208995,Train
266.40792313422105,277.89439106847703,Train
278.85801639051897,274.3169880367836,Train
301.319866214636,287.5122361084186,Train
224.4570767317564,217.8508953808843,Train
256.70339719363744,262.41843147092686,Train
290.994120389049,281.6937438924224,Train
283.01906917942796,289.3748281097927,Train
273.3142268470531,276.01722914734813,Train
245.7394038285979,246.8487846145971,Train
261.68135383630795,259.9904163243838,Train
312.72093386541957,317.89480584023465,Train
317.0188702705816,305.2155455452961,Train
345.97881924279056,340.2001424428761,Train
289.90473192820536,283.3397373444488,Train
314.84461925504,310.9530402500505,Train
333.9456311615743,336.4043315687504,Train
396.8086734696247,387.6598393694607,Train
290.30704564632384,293.1007312167258,Train
293.21584232372663,301.89855877932774,Train
282.1329066851351,283.83351947171764,Train
224.4563483532794,238.573478261723,Train
282.16913594898426,257.8485045614907,Train
220.0860562470186,232.3518447191041,Train
298.18824191386636,306.07817924623646,Train
349.8014602598741,352.8669790628728,Train
327.22089408365025,311.10401671330254,Train
307.27885311417475,298.6002821898415,Train
271.3168862392822,276.7330837120203,Train
300.65308470098864,294.04578718879964,Train
294.5244895550174,291.4387885006995,Train
271.4312196973674,274.19613922145595,Train
347.11131666263947,308.58536849157775,Train
216.4440833128324,219.18980594698215,Train
200.8698662146361,218.65658776509366,Train
164.43925924510802,162.84002826770478,Train
199.97302038508536,213.27506811664398,Train
275.7495507171068,265.5438593861329,Train
199.25920529307146,200.0139528988189,Train
210.33959022909445,212.5089602036928,Train
193.6116522601023,188.83590152087058,Train
278.5437984835527,271.37968331383297,Train
292.13379554079006,279.8899857204372,Train
205.57269891726605,206.74761213436295,Train
245.6595252230654,252.07020720443998,Train
194.53894227906787,185.82265866418717,Train
251.94729685411187,242.73360290331618,Train
279.7591945282934,276.98889308344985,Train
304.9537295753642,287.82257861606627,Train
154.32833702837712,163.78895797550544,Train
234.9231873261454,241.4380025110832,Train
240.78689865958302,248.53045796203523,Train
305.40232581586713,282.22591124517606,Train
144.97625255778752,141.6340343431479,Train
220.60488035312767,220.56797688426175,Train
243.65309956663472,243.58592985377499,Train
292.29135653090975,280.33256941271503,Train
261.196494265629,249.39876368728372,Train
157.57773648166852,163.75993531775092,Train
215.8862048440642,210.75759920541853,Train
329.30326374637366,308.64883914138096,Train
402.96942251270025,350.1620002201196,Train
321.02640443138597,304.34097744504413,Train
341.0576033598886,309.5513493911826,Train
309.36804612400243,295.8268565835491,Train
345.069866214636,298.1149552353026,Train
234.45812445832786,208.4129139980649,Train
286.9242737127852,279.3650067570105,Train
341.46770839410067,309.0076383543506,Train
296.2210089904011,285.81785372340994,Train
293.4964944256196,275.15619502241515,Train
264.0177630925855,238.30438860843188,Train
313.7335624202232,289.6833823604543,Train
352.32441820386174,341.8557641856309,Train
294.9005541873818,259.0734091560987,Train
356.70413192733605,333.0971726043327,Train
314.18496405579066,305.9474485126533,Train
330.7069463431843,312.3441414253724,Train
372.9368328711224,351.7064315285531,Train
414.03360093926574,386.8487516264422,Train
299.85464353695664,268.08822197571516,Train
334.28413515062994,317.6593106581718,Train
420.699217814373,378.0235272340061,Train
298.164100571718,280.65728927181556,Train
315.15017326212677,270.9790958793172,Train
268.1362233907143,245.18517839905113,Train
316.1956974349015,281.6106428837953,Train
379.0008996370611,369.6392784711777,Train
330.36032724325787,304.2074444858452,Train
313.0165251080307,289.1997273500389,Train
281.40487209210966,267.3780145114818,Train
248.64224450611925,250.59620610135642,Train
262.2852739674144,254.21520510813482,Train
232.85377659536917,246.53617071674776,Train
277.48406838411796,277.56255763319575,Train
167.1055137608696,178.4847238736292,Train
192.1198662146361,207.91720294970142,Train
107.67004208672077,138.47076922374112,Train
182.24272675558214,195.3287414905861,Train
220.62589201995308,217.52612039192016,Train
151.2730499267221,159.46930777444416,Train
169.84345017013698,155.9851558721626,Train
135.8005215931177,134.94948939883358,Train
204.65473915802528,199.07135339837936,Train
188.45112423677722,213.63276766545877,Train
163.20756331435993,176.5359703486346,Train
290.8771983260831,298.53119756602166,Train
187.46549845961857,186.07839836633244,Train
224.0407128337211,225.33704444115,Train
225.2559446336935,226.97797372535297,Train
265.65816613291514,259.34235725118424,Train
103.62956029447022,131.66503720913627,Train
168.71558129936997,175.77343618698094,Train
262.13862783695095,256.0964773515233,Train
185.8895923089695,194.8776089665387,Train
96.43983541033121,106.34589373010809,Train
201.02757998724763,210.5443138024037,Train
163.47538991077775,178.99192841505948,Train
283.7848923197034,277.20754496899497,Train
214.6380269143047,217.03273016888784,Train
159.09019703688747,167.51519607088443,Train
188.0784762877536,194.8901517185452,Train
227.0614467603533,225.80171647874624,Train
227.4431123144978,226.9432868391083,Train
183.14353018227058,207.74530595195534,Train
178.9461120808516,191.948933458697,Train
175.66986621463602,190.39752477998385,Train
156.1949303688744,165.20514945987082,Train
197.5447148372396,190.15985684658025,Train
226.2225053029944,213.6436339271281,Train
194.88318265128683,191.21334878816486,Train
180.9917524571007,191.54388398955197,Train
197.71056118581245,196.6846874673953,Train
213.69525805915382,205.90373232958345,Train
232.79469355753574,221.36075345825645,Train
185.21967928356156,193.68716239175896,Train
225.55148189985962,227.21683059720294,Train
179.9963320316196,192.90424708816133,Train
194.41487171533623,201.25412507446927,Train
204.28602851555084,201.51259430550127,Train
215.26042410302446,219.90490727889195,Train
170.42740306934738,172.55100658246894,Train
168.7560636839452,175.32985733502468,Train
196.77008614476972,177.1706892900066,Train
215.67077671332032,214.69627744244787,Train
224.0819071380113,217.88792766655513,Train
209.7655930826703,207.34320927134135,Train
165.9269272371033,167.556946892324,Train
221.5132288427533,223.826080788155,Train
225.9619928839906,221.19773001150458,Train
143.7533183115827,146.58928402519393,Train
137.31006635667757,146.9698140075016,Train
349.04002785323144,327.80708197805893,Train
400.5164098623494,369.83264292721555,Train
318.8449659480869,308.6442911637658,Train
298.9506373762283,290.960854335565,Train
280.6767935689309,274.90169033214045,Train
325.46986621463606,316.2666189882346,Train
227.48806779921784,230.6437691596664,Train
319.4855593871225,306.0913798891395,Train
311.07290880758586,296.370006896899,Train
290.14800669412074,279.7079321777081,Train
215.2019130365657,229.20009901869733,Train
335.00388166305146,284.9158028566713,Train
306.63512002217453,286.09170098195386,Train
315.57722796122147,310.2901314568782,Train
320.2289598632002,308.85653626513584,Train
317.27480653488465,311.0485745685533,Train
332.10512451814844,319.58826579083484,Train
311.30717954609315,305.57173800650196,Train
331.23940891201164,326.2719971340556,Train
396.37721700533183,387.3221968685716,Train
368.9126824016503,336.9441519601062,Train
304.6409292850286,296.926952248484,Train
330.78882309208115,314.7214013936929,Train
283.0645152607922,273.33871906821133,Train
225.8362463700386,228.57341668170255,Train
240.41106732295316,242.67501846358573,Train
317.6280914570964,310.0672182586354,Train
358.81283452381643,349.4199520833553,Train
325.0934185950374,305.05386076870667,Train
277.8483104975472,281.1183413576504,Train
227.32207257632996,217.81572982819867,Train
223.59945513542158,236.98146605576952,Train
240.3460318284121,232.32760304799018,Train
361.008879979693,326.12013813732347,Train
207.7903677885861,199.9142503774076,Train
160.96986621463606,170.13810712300517,Train
182.22427108137387,186.69843244306958,Train
224.92958020756927,226.46814713796087,Train
217.12652384883893,223.0504110002311,Train
197.34575545667997,196.81074395488645,Train
135.76903557679768,155.2340279787055,Train
201.8222279682102,201.7401904144926,Train
253.87033594338538,247.46255610044017,Train
226.14747116405292,223.83102981966215,Train
202.55090956762453,216.58496837391837,Train
269.43489826559346,268.2706832581122,Train
175.13039273066346,192.50238712450113,Train
217.30026443015322,221.795590887961,Train
209.3190606394619,216.8464858142777,Train
269.8816597604018,258.7849890051591,Train
187.7971084784096,184.47108635548435,Train
180.8189224535958,181.01831543496777,Train
257.0067349538833,220.23852636485142,Train
172.88628760144894,182.86482944731233,Train
238.25894648694322,236.24234499704184,Train
290.25191971037174,279.7491299679311,Train
193.62084160963116,193.9634223634319,Train
247.1751649980999,245.1415806739919,Train
246.08850198624185,246.0373484252117,Train
219.24379924423755,214.68757211265003,Train
177.57228632681836,176.13375958754676,Train
279.9700615591988,248.2170239050534,Train
294.2640945212693,266.5077217053439,Train
257.75453426444955,240.67311182321453,Train
310.52317706405626,282.64135700398253,Train
253.91672105448947,230.65542993189408,Train
180.21986621463606,175.55197625901127,Train
191.9183542134877,180.88309110367643,Train
231.74936137401616,211.72459208243808,Train
266.8323000899337,248.30685880469704,Train
236.43329204997775,219.7642023394806,Train
205.62564317607195,179.97030179496286,Train
244.1272548736682,210.79554568800086,Train
237.20275282924638,233.29639476518696,Train
268.87082930956495,238.45030194218708,Train
188.27752325415753,186.1260390497862,Train
343.58953388749364,320.47935135145093,Train
214.76164213460154,213.07024800318914,Train
266.2930419254577,242.79076533312937,Train
286.72411807357946,266.0527428739034,Train
275.70287003598406,258.08465119510913,Train
236.45383955001,209.94729549580083,Train
234.06349696634356,206.07000448190152,Train
190.51197334721968,169.29933785206515,Train
244.5656849236342,226.08788347862816,Train
219.12304797571034,191.30062539707714,Train
275.8769576280639,244.93636468575116,Train
229.02082562184407,213.91519255174026,Train
307.379114807309,271.1074290616543,Train
292.13967555040085,272.44335350652244,Train
247.60688237955333,222.88018646678717,Train
239.64652471707825,229.9807549073991,Train
210.48766183498685,213.03813572337228,Train
312.32236659328896,282.14799138785594,Train
223.11636326702114,221.4281240150582,Train
389.9633449065524,357.7528070334085,Train
168.32238054683472,180.43410694714797,Train
138.91986621463602,150.94318706406267,Train
182.0134963358101,183.11708854418978,Train
211.09336830021599,210.28042123291405,Train
227.50756112010097,226.71929456145617,Train
205.71678050845622,205.57538037968953,Train
175.6571724743958,166.9663163377348,Train
179.74308873338435,198.45708430890863,Train
208.83672586703977,204.62195226428446,Train
195.62075894466915,191.3695333680212,Train
308.3995819556367,298.6112664815235,Train
206.91145238705496,198.80602812241443,Train
217.6897438450847,215.25875743472798,Train
238.68812514989133,235.59577835442803,Train
273.1537661055948,263.9874409768403,Train
192.89381778904936,189.64413071274925,Train
175.7383337706089,178.3956570714238,Train
137.97108572744918,150.9241930711538,Train
200.62900234035004,209.6172263568681,Train
167.87178751339573,174.95132071579218,Train
278.9897708598538,266.58877627478546,Train
200.45580494919557,200.02688425592217,Train
267.78392584785047,259.3957208407214,Train
255.11752155428235,253.2797446366666,Train
151.57007060236987,169.35290052817425,Train
177.34320064781326,186.31828901603475,Train
154.32812340766208,158.29087417844724,Train
168.04198870341435,183.50885592388843,Train
188.4959894593957,191.760710587227,Train
315.8973631738439,292.0910005342252,Train
119.0186943993837,126.92853291775108,Train
111.96986621463606,132.40419658392756,Train
83.10611987903829,99.01617989792221,Train
134.70728440800767,148.36172567999387,Train
175.14694111226498,187.61377443241594,Train
102.11366929919339,119.16721188100188,Train
134.07930287981938,129.36508816420303,Train
127.15139907788372,125.02450209239747,Train
132.68912558546867,143.07438519279435,Train
146.17836294792625,152.74772726044537,Train
133.49624915563678,137.44655952000076,Train
186.26442025047817,197.65694789323675,Train
107.18277778402478,133.6450037681324,Train
144.36236430980068,155.76869285901262,Train
171.6916791915898,178.21376514964118,Train
231.60407990128425,231.02459458015863,Train
96.23234280385836,97.84072683305041,Train
107.50051911148864,124.5162494864227,Train
58.75080076153769,75.56378270393239,Train
153.72360478136653,169.41911059209093,Train
115.78164812745096,125.71721263051668,Train
129.34831754649258,141.43860234857976,Train
120.24420498482897,124.14899164065257,Train
207.72585039783112,209.81829402703056,Train
163.65487891921492,177.31490412552094,Train
79.3892742541233,88.66558301934526,Train
138.36110342076987,148.74507423923313,Train
352.8171811219165,302.38295399037685,Train
331.5242884124948,313.80937275833,Train
399.8545042808613,340.60129276352137,Train
511.1930305637079,396.84308972317655,Train
375.0191455900155,310.67925084708594,Train
251.6198662146361,230.97060992104804,Train
334.9413636530786,277.789987479106,Train
333.9526465910627,275.26627097852537,Train
354.0244450610264,308.14935174327456,Train
341.0038748108348,290.2245844608568,Train
308.6632506188609,257.2545062850079,Train
331.7734385724789,292.5344078883154,Train
406.05581672595173,331.84838711352734,Train
364.6119128085831,307.237146432281,Train
362.59363952987405,318.19613928200255,Train
434.343374857694,379.34113324698814,Train
336.67721204179844,303.6244808451721,Train
346.7992125992699,301.9676527600963,Train
379.36732571052835,322.54918744385833,Train
397.26420567031994,351.24795256269994,Train
313.8326586443094,284.3901657049879,Train
348.19201097551513,300.84199763425033,Train
374.2382192237137,304.3203395325849,Train
316.65421294595376,275.69275134739024,Train
440.2489699978077,358.2613247727961,Train
354.5158544592222,307.8759109610647,Train
347.339082260435,309.7969419535978,Train
405.35427741899287,356.60473711192293,Train
354.229865752391,314.0718766669406,Train
314.8394603635491,269.41298041711616,Train
186.09584600499545,192.57211222766668,Train
243.21371153501653,232.62961793805195,Train
188.24514361310543,196.07928839409735,Train
278.8594850531863,267.8459724918953,Train
168.9166970465869,167.26706392013116,Train
143.46986621463606,154.013343074594,Train
151.04546831549652,150.2624199665362,Train
186.74930740343547,182.31630828318535,Train
210.94656201575788,207.7816901136298,Train
163.70466877208855,167.09427914342487,Train
123.50892651536552,128.10499638201125,Train
148.94170073784917,155.31681072045356,Train
158.13514686379173,161.0611147885742,Train
188.9109149264417,190.3898725183719,Train
164.31400348757901,164.52695816235823,Train
286.8837201930138,278.2513293165181,Train
177.58153279249092,175.91674898688893,Train
186.3015121165887,186.54717414667374,Train
217.91090130756913,214.38433488738409,Train
288.0107347380074,274.90404112345084,Train
148.0263976510297,150.1508558725664,Train
149.64066388706073,159.21749017619044,Train
132.7420205880441,125.97280746812142,Train
179.079325375411,185.52873186862928,Train
142.4024026350948,142.06605739661552,Train
176.55233994359446,187.89759967050665,Train
170.07295345599834,168.28691931093874,Train
217.80490078919237,223.88996643413356,Train
217.03278186953966,210.72615036426794,Train
124.5465251257358,117.8942080752988,Train
205.97335816252013,198.23446853604443,Train
298.29465328263115,287.0603678653967,Train
362.9810167314253,331.5617787452637,Train
294.69834849305926,288.4534409078486,Train
284.72413002047176,283.7326914617108,Train
250.55708531989683,256.8543426605863,Train
241.1198662146361,254.4947708407515,Train
148.03980617663626,157.3952300806393,Train
222.49859940277773,230.0336867571638,Train
288.6357352218352,279.6292650762469,Train
249.92554845484918,242.82524951064096,Train
271.5574971724105,253.99981112326944,Train
216.06011583442756,211.7507681824159,Train
280.8339167399059,270.1204210487267,Train
313.16097102872396,296.7743527992636,Train
213.38169323228425,210.95416721517353,Train
247.9696896859487,256.352674011127,Train
229.2778315955509,229.10135925318068,Train
300.4809405031285,275.5116296485095,Train
298.4161938790919,303.9296229844484,Train
360.42878898070296,337.9771627460356,Train
208.4288210768279,207.12125042405734,Train
265.5297938599869,266.82120644697767,Train
287.17995032859614,288.49693779414787,Train
146.39646581887988,147.5480305825373,Train
216.43983001764485,218.2513808520274,Train
247.8313810301055,255.18529689994378,Train
298.8452025962001,298.5527377351151,Train
279.252199984211,268.0552178993434,Train
293.55224766622814,282.272840910844,Train
230.41995752487054,219.78859271347915,Train
186.23591239078797,193.5344124396915,Train
273.9600274484311,261.0551072125904,Train
206.2729246380037,211.95838877282807,Train
278.2457676737372,250.25665446114238,Train
188.19575861551587,186.2168865432498,Train
128.06986621463602,139.4375922843138,Train
148.52559958193518,160.21980674258134,Train
173.3804799413858,179.36147726230692,Train
201.37266834588343,200.84669327998864,Train
166.59060733493897,173.66719005363038,Train
115.74449036908285,135.082571109441,Train
211.10930962957093,207.41060438199736,Train
218.53125243811238,207.83362345490823,Train
196.5268561436494,194.95837883056788,Train
161.53564418858957,168.20255013087174,Train
241.68722603150655,244.10590253911587,Train
174.49308850361007,181.301918844687,Train
197.21297827844333,191.50108746425514,Train
203.3530879413383,205.05952884471876,Train
250.4908801438036,245.88704703334034,Train
168.042269268009,169.60729985339194,Train
166.01192928980598,166.22040483763794,Train
139.88745127030725,150.7063134644642,Train
239.02848030363572,225.03148979460912,Train
171.32873048182194,183.7161569712849,Train
184.72202601051015,189.35914189028193,Train
170.96867726766507,177.45006651613463,Train
222.47428050336106,226.01828515340512,Train
219.3158635143796,223.28728517957973,Train
159.05871637152939,149.40350712131078,Train
175.4664174920695,177.24712516901954,Train
202.44107006860975,206.51876184813833,Train
274.09634715333857,255.5395188822245,Train
201.1114461465484,201.84244248771623,Train
257.4161193821018,245.4915758726552,Train
199.21739343811737,186.94651021382225,Train
166.56986621463602,165.56455525621575,Train
114.97307933055956,119.73209780476104,Train
178.62332897265114,177.22848281920827,Train
223.73865176239448,214.93996066849542,Train
176.49549277399638,170.3080037563054,Train
101.67213681757966,102.11426548792045,Train
100.77058624416897,110.36469464441143,Train
154.28709509796062,161.2269177070162,Train
201.70082867060995,192.65934152381413,Train
152.6960905321486,153.36553878283962,Train
268.1709280894832,251.40749724082713,Train
148.63978322581335,158.79167612238604,Train
195.66044205384074,191.57557989585192,Train
223.73287089888657,212.3381265824972,Train
220.46981741034483,224.29179052729793,Train
182.20598797855433,171.86789448584366,Train
162.42489421261052,167.5928361510451,Train
133.30122573263247,140.17435439651769,Train
205.78213054813745,200.8299025630488,Train
117.18754834569522,118.79633463565996,Train
225.01920340056114,210.83806695390535,Train
179.3751669437614,173.4552947863004,Train
241.08987833854945,236.029207319599,Train
229.84094822224046,221.62658376611083,Train
150.6831963622434,152.41092736017674,Train
243.4111132904264,219.93245921142736,Train
151.7788468194512,177.74990919076734,Train
223.05445574152031,224.53586997271765,Train
149.47567736950037,168.42203774074758,Train
263.1082676677063,252.5057436257665,Train
122.52236177167731,141.65025495197509,Train
111.61986621463608,133.53171175825597,Train
75.61439737670887,88.82323711876126,Train
120.79439890849349,140.5700030703261,Train
171.8815356232105,180.90583835894049,Train
116.09974613998082,127.18428482570378,Train
68.4104191908488,88.68140176022438,Train
35.23781543802809,59.52188435928256,Train
142.42250989852087,151.44841852227492,Train
208.25437159603163,202.4024950464555,Train
120.15634279197513,119.13397691888615,Train
168.35996027110536,186.4127615910023,Train
157.82568377810225,150.58609476620052,Train
188.70017817499559,201.49655479003994,Train
162.45485224222332,179.40489970606322,Train
218.10789826140996,226.7680884358195,Train
61.8096993420519,81.42643194749164,Train
110.76688662746355,131.69067132457036,Train
123.6256668955931,140.7042950453181,Train
141.07830964114987,167.2425792920781,Train
89.61304948352688,90.17027860573971,Train
205.9855829487061,195.01020898628747,Train
113.5979860115927,126.86538249676215,Train
231.2930637801834,230.4141465579558,Train
162.1656909264305,176.25366372016805,Train
51.208062070424916,75.85469239070594,Train
152.23567532712087,151.61026159885563,Train
191.05920181317174,198.62245710867543,Train
213.4819984077521,215.88635083651636,Train
228.71086736526362,217.00480944464977,Train
201.7461700682954,205.9485923031172,Train
147.9172211279786,156.80249786124554,Train
152.21986621463606,160.2644245172736,Train
108.71207881992055,115.23490771112463,Train
150.38412684451959,163.24282252820242,Train
231.47423288994173,229.62949146317482,Train
150.76857387683012,144.8841132483916,Train
129.9479986304542,128.97830668843838,Train
99.26180247877359,100.95018525053065,Train
137.85070744127046,148.72379662882378,Train
170.78260777248806,181.93101772864952,Train
145.61873847138813,143.85418150054676,Train
274.2407247166467,253.25865734050055,Train
179.2164165766045,186.8451864807384,Train
177.5989600336204,181.69463865645363,Train
222.21591114362616,217.95535089838592,Train
239.2043088003918,230.48154390710798,Train
105.65506180002619,101.67200869428531,Train
134.2447643994094,136.89732213198312,Train
90.70468527262722,107.18797243223804,Train
173.63687917604767,183.79875557947165,Train
94.18583591732347,105.70982890438374,Train
137.12326705712263,153.71171053404916,Train
153.06049796854867,147.7658831432723,Train
271.9582841469138,266.02155335135166,Train
185.85264069139967,186.57834837023356,Train
75.02501716580372,87.21965279057427,Train
156.81480333246506,164.34112318405735,Train
139.61791683181963,161.44381731058476,Train
191.74192201437864,199.584676169474,Train
150.4159409456263,173.50817630144905,Train
195.6462734072503,224.9161197772809,Train
134.8118430281259,136.2498778723247,Train
100.41986621463602,117.69679674234732,Train
88.94614441155333,95.38461998633947,Train
121.46298596644061,140.46933517896807,Train
161.0724846061367,168.89188439565433,Train
133.8158545538784,139.78940456865257,Train
49.247613897796114,65.75322521384395,Train
74.73833331934296,89.21911850275303,Train
142.97089289823106,152.69726603032333,Train
159.44040211501903,171.50876826506635,Train
85.56721614536099,100.038500784986,Train
177.76476089967474,187.37506383722067,Train
110.51208051050799,133.40881635461668,Train
161.92608108291802,169.58990492609908,Train
193.68781022689535,193.89628884493544,Train
188.95972326854115,201.49424994153247,Train
102.22428787126142,100.24591263605667,Train
110.13776703102138,128.46773702268663,Train
82.71501946928264,108.88280000321346,Train
169.61047491890855,179.48699976269447,Train
81.78522003228026,100.04147722975011,Train
172.23661644596615,173.22301698248594,Train
123.60426375955821,130.46572543073188,Train
186.94240787789536,199.4205830236592,Train
194.5906744333156,194.11358497600048,Train
73.12161850214127,96.7614172278363,Train
158.39348553910992,164.89328132582298,Train
139.04145122045253,167.39158686239978,Train
142.67494349314103,166.60138107281458,Train
102.4763244358776,134.10714020121242,Train
142.1913109812842,180.79287273446363,Train
90.54642598987886,118.95202525408686,Train
99.71986621463606,142.4495066617494,Train
41.14539535612049,62.3366672714271,Train
88.05867456011939,121.77142210317353,Train
139.48461571825487,161.52140596756618,Train
72.29450860108689,111.9872861169184,Train
30.643935406929828,73.71855911485335,Train
10.877483161022326,47.57068789169454,Train
118.69820335455638,147.7123026835492,Train
182.73473801348018,190.3994859673645,Train
45.69305421057787,74.88579731209668,Train
159.59758490765216,175.22863356402345,Train
95.91914418338338,122.40960713800827,Train
141.44600383785263,164.91170219909912,Train
138.3567003002529,166.2279373357962,Train
163.64115435804632,181.64407821572874,Train
28.027023686588905,53.00874176347727,Train
88.26579238285754,120.7755796907019,Train
107.45940535950223,127.27332005614733,Train
153.08756814729588,171.98792258849377,Train
23.91817341509426,54.51534333103736,Train
128.01689102747912,147.75361941177445,Train
76.81271030255671,106.06159974539104,Train
201.60877931908425,213.03835679243417,Train
158.51444713537842,169.5085619409303,Train
35.107438478095574,76.05227236674445,Train
121.59195216387907,147.40439028675354,Train
243.61428438852846,245.7456537190713,Train
255.10082965781652,251.4943474216652,Train
236.99056975772498,244.92019836819264,Train
231.6442551259446,245.9461968725759,Train
161.08589852245245,164.34631657602822,Train
181.2698662146361,194.87015250242092,Train
108.88739225720164,125.39428584271583,Train
162.54564526010586,182.62800850585978,Train
232.44325998093166,227.83821562187305,Train
153.50013935873798,160.79105975888365,Train
136.8145142145433,133.99154265602226,Train
144.62710828639953,138.64466879182248,Train
219.32173241179248,209.0536935645085,Train
241.15869417974002,234.29923188090322,Train
158.148877618811,165.34654760050842,Train
274.96166326566174,283.7829445980294,Train
206.3499278182017,201.26670976306363,Train
230.98365111166854,225.53764580048738,Train
216.9534332181404,215.51405841887063,Train
271.708383316128,249.66083290142882,Train
88.07351112503238,114.04193712482744,Train
169.9582180186468,176.64323274691532,Train
201.8882160870558,209.61511924868665,Train
237.51971939882952,225.33223095261292,Train
83.63878657077696,108.08822554571125,Train
223.73728754128592,215.01249503788804,Train
152.6549738207824,162.24010994593814,Train
270.6158145978828,278.1361404212329,Train
210.5884418317546,209.0513808140583,Train
124.23823239992313,115.22423263870937,Train
195.7795657538528,186.5380351772389,Train
243.26436784542045,254.54990703360062,Train
232.80914483814308,233.2906477167942,Train
247.3594284774619,252.87015947946938,Train
273.33869748611517,275.1463639995107,Train
179.68185392569725,198.45155620135898,Train
210.66986621463602,227.52114019311912,Train
123.46259549248569,149.44765017130305,Train
199.89862157615727,211.08558171350757,Train
252.22190527792338,249.8595414121018,Train
176.61911798100994,196.81885758035966,Train
192.96518914707707,196.79813187747678,Train
162.49655718165272,173.95056305969175,Train
204.69354846627982,220.04112147948675,Train
231.076095283347,251.18232464071883,Train
187.52490111886007,203.13051861636632,Train
300.9077497579918,309.22448068006497,Train
204.38913018711645,202.73682578808325,Train
238.90732182277404,251.77504696612118,Train
260.0234972188025,279.15962967617827,Train
273.6702494447504,269.81357361329344,Train
137.18154334595843,171.65895218461438,Train
200.1533419705765,232.52575061488005,Train
239.9333997389656,261.5765057320577,Train
248.0417825505632,251.1288147637077,Train
126.30848386340215,156.58337294869102,Train
206.87722961006972,216.4797871208967,Train
188.08689175513553,212.75493670403327,Train
292.5447273110033,302.9254907738443,Train
222.75725191091703,218.73721294573812,Train
180.2865201460848,189.23491608470167,Train
216.61139369923325,216.85128031876943,Train
272.82022457661964,274.27018326016554,Train
328.19505136422373,293.50319532269697,Train
276.00687453030173,275.80972945465146,Train
292.9512908593035,289.79813201021653,Train
237.04250806676177,227.49923331612405,Train
233.41986621463602,233.81357778333168,Train
157.36606085355265,158.945241311774,Train
231.76472945379538,234.6412067908319,Train
279.3773470138719,277.5881803902118,Train
228.00150594252716,244.18985367137336,Train
210.79898845757833,220.09089397086933,Train
187.11022420545189,182.16661726586344,Train
267.17706987403835,258.4273713446054,Train
311.1845982685082,307.9286507950291,Train
240.12040351342216,230.85067344361164,Train
302.1371633021927,300.99696845077324,Train
261.11459098155433,264.0217469881247,Train
260.84683874294126,252.86238648195908,Train
315.4408258775738,312.0945854318175,Train
352.4872848912284,333.60339426395745,Train
214.50232178439995,226.37190311289132,Train
265.18814158368644,274.77991198830847,Train
356.4739464378976,326.80045863061156,Train
261.517955066903,258.4135372323606,Train
224.77652360412512,205.06542285843884,Train
208.29061802269854,216.74987642174244,Train
259.4040208567932,259.2295769804005,Train
327.6640972063909,333.98579439503817,Train
279.3083777826872,264.0003633655946,Train
173.9574921209791,194.06868646637008,Train
232.80864972997807,229.51656405908892,Train
174.29520672011273,175.63178485490965,Train
197.10381310539827,206.1965070193399,Train
183.76359999768843,185.51495924298428,Train
257.78737983567305,266.12036499968525,Train
128.6649209211033,138.1615185031689,Train
137.5198662146361,148.48317701188043,Train
98.63654155610776,112.36537153085182,Train
136.89287531368464,153.25886351108198,Train
191.71312366600597,191.64283556381108,Train
152.5255018477437,150.2445922255402,Train
100.46711641824712,104.80801712034729,Train
110.72915895499858,127.1431443955215,Train
188.30689388246267,178.15778560724942,Train
166.2023354711112,163.71037882388333,Train
135.5920560747498,139.03096466912,Train
233.43925300094998,232.4823155625917,Train
180.28608878115355,180.63615200595584,Train
167.70423012676096,171.0859714389087,Train
195.3160252476423,194.08708308971086,Train
253.70209818574867,246.4733370061776,Train
142.84402786096433,144.5400039193057,Train
134.19697617267002,140.63227987909,Train
57.25138333934642,82.58127697452099,Train
157.7448950503538,171.9431874308618,Train
136.07351086371386,133.47948101701306,Train
167.38635290998488,163.62138269942255,Train
142.03686488215763,142.46124021582924,Train
223.63262593443142,219.48547331995516,Train
187.31564631651236,187.3244044886783,Train
125.66526902426659,117.87994985059984,Train
181.75515498758585,180.16178479067253,Train
241.1711609529596,233.0066198535208,Train
227.81626977987742,228.8228635050714,Train
170.36074732766104,185.373843019385,Train
323.80815610679156,296.95298603340865,Train
187.83258248678578,172.95906769254657,Train
143.81986621463602,150.97884236059764,Train
85.72082522099343,104.49231606873383,Train
155.0620976250775,163.29108063478284,Train
229.62978321737137,217.92950131478193,Train
168.26837135407095,163.19697409503902,Train
109.61773064046307,114.11810697196651,Train
151.13345082330466,124.02824354903576,Train
212.46195734043988,185.8022656955546,Train
221.53367163341574,209.73794770648698,Train
157.33252534208523,155.47134407967596,Train
245.871813871382,245.5305786874257,Train
203.05389787862632,196.4015218528192,Train
255.72847444983591,237.57832364708267,Train
209.38546299430266,207.89236684773732,Train
247.98273418343393,242.27368391705505,Train
103.04601642766198,97.21677086050909,Train
171.58927500750758,164.9556974608717,Train
158.28527594811908,148.69810502601956,Train
255.170997287549,232.81144067151857,Train
121.06635696227357,121.73432045858576,Train
250.75959358660413,218.7017851759735,Train
153.89041535454436,147.4918420435355,Train
267.7515660670583,270.6928766385026,Train
218.64650243101858,207.48419836194887,Train
172.40571745554894,170.0649172290425,Train
310.9066757276593,296.6114758937152,Train
382.2805328771535,349.4816579933183,Train
319.98789676112403,304.69612249963615,Train
274.0226755597999,274.08094220710984,Train
277.8788357921003,279.9417094648389,Train
315.66986621463604,309.2290735298839,Train
226.40063122382386,231.74648928782347,Train
296.35629722282846,280.8161758998744,Train
285.94149686852575,277.23034688677893,Train
282.12868762827406,277.9415617570107,Train
227.89692588615117,240.2210676786751,Train
267.1508355612938,259.0686787803646,Train
258.7396683077165,263.43839330281185,Train
314.47037734455034,300.28902236812684,Train
293.81202774314085,286.88039717699667,Train
300.06233532823956,294.5824147027338,Train
299.9806040388358,301.7082733295893,Train
305.20682635802774,293.8391444475454,Train
337.35433517021914,327.9821429288918,Train
413.1017540155304,388.0657328170293,Train
304.4485778130571,295.9610547929405,Train
290.4247306037942,286.84849490858255,Train
240.0654966167366,256.5912722953485,Train
231.90394199336214,239.9930739561519,Train
233.59242060526145,227.76660458964764,Train
245.20296374961222,235.2194331675072,Train
313.80935293164,298.79926702857944,Train
332.34530326263723,327.21758068608165,Train
309.1070453675237,301.21952942574626,Train
280.3803420957846,278.0080422332971,Train
181.09649081023434,191.58293282106106,Train
217.26318254117206,219.31425343248114,Train
193.14252952148811,190.6705292363985,Train
295.8832042813197,281.6713088532656,Train
119.71087938102433,133.22625030321913,Train
110.91986621463602,124.87557682008722,Train
57.367317341437456,66.39969459981222,Train
143.59315371059304,150.3700919100525,Train
168.99984380613813,181.0711170161839,Train
92.71980982002611,114.77393434953878,Train
58.19982705217576,79.83022917487928,Train
58.96761040376684,71.48281507599681,Train
128.16655057563847,144.8309755513694,Train
198.36477656652974,196.2663580169239,Train
125.59475020904159,129.375306675814,Train
183.3175811843412,191.53444573304571,Train
149.05252825494006,151.78421385637085,Train
176.2428776417266,180.8925202015321,Train
166.9153848593722,180.46060079303018,Train
196.94252533299755,205.48154225782966,Train
44.92475897486922,58.35549589734716,Train
107.95402500864121,123.90979958072792,Train
93.72991401276622,110.82149383794345,Train
78.344769007245,85.9352849642595,Train
201.9154149364976,190.3323894059804,Train
104.63593480351818,119.40246840206402,Train
218.11924178603059,229.2993593498221,Train
155.9397646443329,169.49613058269844,Train
120.17474769594733,134.16314464281666,Train
164.71304041606223,169.10781152947905,Train
240.3897873663227,230.57670321557498,Train
195.00729524810805,199.3600854092805,Train
205.45303276233767,222.3694772351372,Train
134.05687167160167,141.0051924146162,Train
120.36986621463608,136.82637477743233,Train
88.76668339896875,106.73216150556115,Train
148.09525410885215,150.92100006201233,Train
187.08034734067388,186.80132367251795,Train
119.32218557655003,132.62643351827396,Train
165.6873542760269,160.99026537522914,Train
155.51186114773063,145.4638820403163,Train
168.86314246109066,170.59543106660655,Train
147.74471314709334,153.90178345729674,Train
125.76148326129396,136.3246522543005,Train
199.6932372546633,208.1893941432182,Train
129.06590937125307,138.97771606619096,Train
154.49760667906173,164.68234760348687,Train
193.08315139043586,201.40976722690286,Train
201.90904698194632,207.69723059255554,Train
117.23207042921402,113.46763626557717,Train
109.74059655465689,127.92289740517644,Train
26.99033586008727,65.61922032416312,Train
203.17557682700726,203.29044902739048,Train
139.64404347398926,148.31513144771964,Train
159.29524773074843,176.56408969820296,Train
113.51932572069609,128.7663278719251,Train
213.87737009956751,216.21671366193425,Train
164.43257268404216,178.26198271944799,Train
62.93970134760153,87.40355530807618,Train
126.40253430159677,153.48094057882585,Train
331.20034207780986,314.4925766478294,Train
355.94264816273034,316.15573856967205,Train
294.96061582241265,268.31577355451464,Train
322.22113908528434,310.8308125776794,Train
296.612341698693,293.1314069598387,Train
314.96986621463606,294.12817602043305,Train
201.12808289156362,199.75212814043934,Train
267.8508115467133,252.18142145921908,Train
317.81394852388456,296.4411170890462,Train
259.29967752356487,262.2804954206859,Train
285.2311803448807,263.11768158986575,Train
211.99093758397026,209.84418930742484,Train
247.50163825975744,247.8582406365842,Train
290.0179219417147,292.6635414405239,Train
289.80939284239696,267.2740771044037,Train
376.3188625460914,355.5252266637498,Train
233.94713128144954,248.63320257632734,Train
311.63880566949524,290.7833581594889,Train
350.14404175103726,339.48042898781705,Train
355.93992377766165,350.6675316397382,Train
305.3310153537607,272.9327838127243,Train
267.5635726016134,264.5089257135486,Train
403.3951440350962,370.6390780128123,Train
324.3763065763614,301.7205808053864,Train
231.3661224060874,195.73517097588555,Train
230.03480905294194,237.5156855556617,Train
274.5819343351098,264.8743336800557,Train
381.6115898541507,359.6850803760248,Train
314.3198650054811,288.80305794745067,Train
272.0333173282378,260.7862585454363,Train
275.9969776155465,259.4099093544668,Train
224.21315632121178,229.7202389168863,Train
242.01486219076747,243.54203840791004,Train
200.41696912176755,194.7895575037807,Train
206.32678006404612,213.7990156079964,Train
140.84434886624155,152.48968471431368,Train
165.16986621463602,186.47360133798787,Train
111.67016349221983,109.2233520023933,Train
171.58648564590453,177.95653824017336,Train
229.4689566968173,234.14023209356958,Train
142.7910280081357,153.20660146562267,Train
128.39172081795414,129.78050386025257,Train
122.90058151263881,128.56954802427308,Train
208.95168608810633,199.29712889407492,Train
241.6120715642942,248.29376587647,Train
153.3067916320174,157.13641424007326,Train
246.8366406477368,257.01177156285877,Train
210.739054238542,200.10193353373475,Train
215.29824205960642,208.9467838799799,Train
200.65245838813297,217.21356376004576,Train
288.8976601520517,286.54870587997056,Train
90.33097389148801,121.33618679114176,Train
163.08948783131711,164.2812544577567,Train
178.13939231106872,197.1036776817856,Train
191.73922350378052,207.0184105827183,Train
87.03307103418409,118.98020204308447,Train
197.5145054315998,201.62270999183227,Train
159.30927627264413,163.89690830055247,Train
253.0854111352413,260.6279575427609,Train
190.51522428907055,197.95528568313307,Train
96.90390816783034,122.95935969998516,Train
184.69520625018797,184.45292369954296,Train
167.22961045227845,187.6073210156241,Train
224.77146628053407,226.13074847101691,Train
157.70352278118207,173.15453808845837,Train
244.43500063136287,242.3547485754117,Train
114.88901311139843,131.38786354999823,Train
150.1198662146361,155.34504962315575,Train
52.306353170922236,73.82658360041317,Train
142.97560984066232,159.88306782807027,Train
157.96919387971553,184.4296711198146,Train
99.75069060106091,124.82447723885518,Train
58.62314174502687,85.19038221086473,Train
55.49642460763951,76.62023352685001,Train
136.63616320492469,145.89809327150098,Train
177.11003708566682,189.03485672663365,Train
135.3047550417319,147.12763150821618,Train
231.6566669326005,227.3764963375553,Train
132.3309855150139,147.5432675991426,Train
161.98849386329138,177.3169776259314,Train
164.396541329326,177.21447008861765,Train
208.99200974751,218.54576697811564,Train
45.32168234424378,68.07288634721587,Train
109.17012523926532,125.3733575465187,Train
176.12727914834232,186.9277470835018,Train
158.55025604391776,181.01459343319587,Train
75.21114691292382,91.33384308766391,Train
160.64676832323286,170.6724798415835,Train
95.62343563705514,125.25975564033388,Train
223.7908758304981,231.7237703886954,Train
154.12084997380106,175.44877708211462,Train
75.0516802784222,97.91555353734311,Train
125.47784722152863,142.33503550883975,Train
208.16150580380003,216.19679611530836,Train
212.91582888458365,219.7979096121212,Train
182.4434388164549,184.26363463082612,Train
168.42220906711088,186.62128290515122,Train
136.60319551887738,160.7569326508669,Train
176.71986621463606,171.737563594218,Train
47.759840037768896,66.52252641391219,Train
157.60361977448952,169.55122919156315,Train
184.5129216749171,188.5186057586121,Train
107.39763928287302,128.5203762515871,Train
61.378455839774375,86.1771236949098,Train
63.411662505929726,69.66393572201385,Train
176.71983860417083,178.65019991197195,Train
178.38236701408005,183.25737545224627,Train
111.79690237609887,116.79004783591398,Train
188.89741080232577,195.9803736942265,Train
128.89124752802957,134.91292734708597,Train
193.31635950199507,200.1302629201035,Train
178.74901813030814,186.3266045602293,Train
198.03482235766916,214.34557879610512,Train
40.8661778871802,65.09606057403337,Train
106.22611836351726,135.84707655251574,Train
115.8039765698833,127.24806800768192,Train
202.69709443842828,201.60954595505245,Train
37.48764468668665,58.85887836915052,Train
125.65420582724843,142.7283767706207,Train
105.7953159668658,122.8162999839014,Train
225.02958889607783,229.1580224381013,Train
194.6622196327252,197.3748292595581,Train
60.30095121168415,79.32335682086496,Train
135.1517325008276,151.57912293592454,Train
173.7758260813627,183.97891381498997,Train
225.27716368106098,232.3429529317131,Train
208.0362819796492,215.56864571618954,Train
283.9443092003638,272.5554092818379,Train
161.26951782382432,170.18806393653026,Train
92.0198662146361,120.63959364318406,Train
133.4426620442847,144.56710071654302,Train
189.22588059157135,185.79382108125674,Train
188.35910155041856,204.18019950186587,Train
164.0918566153151,175.61952166584453,Train
131.19324415170868,139.58818393581308,Train
167.41368211245089,179.68653219814175,Train
218.2612417099357,216.7920526771746,Train
176.49174277177661,179.22621537730066,Train
170.46686919307353,182.12592797007892,Train
218.14460441225842,229.26387266898325,Train
157.3117253999909,174.8640248314677,Train
188.398073357307,194.21783599520668,Train
183.6480114044344,193.23634607646602,Train
221.74481762997164,237.11728297313564,Train
159.16759250313126,164.61270197826755,Train
163.42579872226736,170.55471482609502,Train
145.3618262289201,154.43256030993373,Train
172.3004140527878,186.85970069281498,Train
195.09287239284717,202.152287778856,Train
213.9496165240722,206.99681407597708,Train
151.1030408963884,166.4930569427722,Train
212.90291216752192,219.19503369206737,Train
202.96674528732828,205.5416421000701,Train
184.78065424690337,173.57104216006618,Train
149.99199058326707,174.05760148061952,Train
138.46169098368776,148.72908437207676,Train
184.57512161968572,190.5067469656663,Train
196.69123065082326,193.46660734422457,Train
323.86018225262154,302.1079648570907,Train
94.45936481201957,110.84534052634304,Train
127.71986621463606,135.56204157590145,Train
80.09756856008076,98.65006213783667,Train
125.27464360763642,147.2727371423045,Train
172.3540203647097,178.66627796703492,Train
110.5896472836406,128.5137254715977,Train
75.3115147363671,92.46253129761945,Train
100.53229030680367,112.47557631789117,Train
162.8355093823065,161.7526422481318,Train
157.65913861670782,162.77461260620868,Train
123.94483976500038,132.54016663790543,Train
193.98339716697802,201.05515007551406,Train
142.47049355772012,157.09951190591482,Train
138.6946008945607,156.1007006976805,Train
174.03726956855036,182.64825410810477,Train
228.4306042437375,230.20050743164754,Train
62.06450770694802,80.74809538939762,Train
120.48647788495904,124.76430400681876,Train
63.001757268110495,76.52760412977962,Train
186.9493677208028,185.41555083046836,Train
134.90491274199888,136.7454558922913,Train
136.273386331748,162.39531357181863,Train
126.84354592357414,129.39415819726017,Train
207.72427985251835,211.67832774646112,Train
163.13017711297982,171.8468164167973,Train
69.3318126563141,84.58620935765718,Train
170.2884639207489,168.45751500575713,Train
385.9143856574192,355.6380087377012,Train
483.1633991802099,422.82385616178084,Train
380.6226047315191,352.11527457682325,Train
369.07099886676804,337.38974721776054,Train
356.18098383630667,325.77639312022524,Train
348.569866214636,327.70960171960525,Train
288.80648514592946,265.39277565037185,Train
325.3176131414483,302.53278016313675,Train
391.7336016963316,339.8436022044969,Train
344.6595857883566,324.9131258672733,Train
353.83812276412283,321.3377676953952,Train
339.67132699916147,292.5371092064241,Train
317.0320233327971,292.64023078598836,Train
399.0434097015692,365.81603479695997,Train
392.57542257732536,347.71739157210243,Train
416.0955461810795,382.7147917713494,Train
346.7413130802751,329.94274259993205,Train
418.4903973475379,374.23216608893256,Train
419.5159745885567,394.1343105110957,Train
435.8987349984669,385.81069738842297,Train
352.60315682274984,328.7957513645089,Train
373.53446511697535,350.7858751523808,Train
443.81852151035497,395.3933217264689,Train
367.14786421399276,326.66808458962714,Train
371.01218271941843,305.65259332441934,Train
296.11479081590574,279.98943018910575,Train
356.5412773142857,335.34008844686997,Train
417.78271067759414,395.07289846304684,Train
380.62657705936294,336.7784909568231,Train
364.79318839931534,330.4926432804011,Train
314.441100737494,292.6936815624225,Train
176.9409178225335,180.97875224436203,Train
200.35924142101055,212.0752083455923,Train
140.2008255370666,160.80861010664228,Train
177.88203368354766,194.69594528353565,Train
141.77532430035845,152.0432630865835,Train
143.1198662146361,146.02724643829458,Train
63.68680532930773,81.16229686682976,Train
139.68057735381552,158.4383767525466,Train
172.59150300010813,184.50262070015276,Train
128.40363811806267,136.08220736452714,Train
59.16200774148095,103.92383277336404,Train
24.68185860925287,44.63479383493183,Train
167.36082075767135,162.70446860346513,Train
201.5900118119293,198.05418638671733,Train
97.19022045985011,113.9570440017771,Train
209.71912084085085,214.95594879238763,Train
110.90972549924993,128.4935973397217,Train
182.75096500960325,184.97647715316901,Train
169.17951891982162,180.230756809211,Train
171.3434517224098,185.8985743479823,Train
69.88904179037077,92.30073180266336,Train
116.03092521031965,126.73206634893177,Train
113.80317679162933,126.61290827251804,Train
183.91786846036518,201.81660159076966,Train
57.878963158708004,74.00944605953312,Train
150.38150723799393,161.5164961205918,Train
123.63136814391412,130.3733732991321,Train
221.1541687207814,222.71730558448493,Train
168.04732828028682,177.97769298300497,Train
34.13673209765928,57.116829419845594,Train
175.37579617105615,177.21724652223494,Train
279.81731323439726,280.72565533036004,Train
266.00094618138394,267.86647719867256,Train
254.43697149742505,263.1208184668106,Train
254.09028408493026,260.2590832057767,Train
246.3512603774181,256.62483666298147,Train
298.16986621463604,296.41412584971005,Train
180.36899388196508,198.91577523610098,Train
203.02844728629006,223.1924074777139,Train
247.6602167357932,252.47918109893968,Train
215.68169208391595,227.75656359211928,Train
202.46232139740766,220.42267710869922,Train
204.5890952969011,220.90561802607994,Train
229.75402945097204,239.89506476197138,Train
241.31479188977397,261.5269393074509,Train
249.72905125908295,259.96958059555976,Train
257.3625935456137,271.80815483772915,Train
238.2801478379574,253.98634195915744,Train
263.9546238924879,266.5728613403399,Train
291.85223012535016,296.2430493593354,Train
354.26249766282876,342.07670624025997,Train
213.28200178446914,234.83562910883143,Train
256.72459041859554,266.14593066696006,Train
183.16967301159275,219.96732004310954,Train
221.51382575985951,239.09010157112056,Train
133.491775969323,171.4853037757066,Train
203.17258966173432,216.59281335527393,Train
242.12942736765478,250.24526512725717,Train
278.4800077430229,286.9815721710194,Train
274.0242637248074,281.99915912961035,Train
206.72436695832516,233.64553343774244,Train
150.0771455012502,161.77211913689843,Train
199.64317757151008,206.4421975879116,Train
186.6164477745118,185.12702132103146,Train
262.9699844422378,265.64526731290374,Train
132.5474388099051,143.6344898428598,Train
156.7698662146361,155.7334718363492,Train
117.3486531620373,126.35495290183586,Train
153.46614853702272,162.12439209098716,Train
169.06693662227016,179.18547576204898,Train
134.32129405655124,142.58064762328078,Train
65.84896755084091,91.1468198537841,Train
149.78759235376307,150.36530491164186,Train
153.17258793468594,155.4516054737901,Train
147.57670256448222,166.42268211696654,Train
123.90081596857888,135.2348216489486,Train
234.84752878408793,238.066040493727,Train
166.410961863622,166.0003631392816,Train
142.8517136810461,156.00646972616224,Train
165.54760917020053,179.87726436511002,Train
261.4369555066545,252.49122453299367,Train
136.32283503948142,140.09760846465508,Train
121.90003231122017,133.98191993359092,Train
125.60619503375153,135.79457397827682,Train
166.53465813185733,179.07812123947244,Train
109.45034002127379,121.26968431819955,Train
132.62684765451235,152.20018003069393,Train
137.28842463002013,144.79040585841852,Train
188.71363018780522,205.2448520099854,Train
179.7926069468877,183.6246922966279,Train
150.14899593183804,134.45802106364542,Train
161.7931206078645,167.84920478080082,Train
373.2638093880965,345.32126122793346,Train
434.82950278072724,383.0446566079336,Train
349.95895309282065,328.27882552709195,Train
360.698108009647,334.78222426796,Train
324.51897824122216,311.88290105032837,Train
312.8698662146361,291.2039303205174,Train
243.23689949375913,245.84875518618847,Train
332.9995787709619,304.0465076693727,Train
346.8842345146968,319.8692685314847,Train
328.69705608121694,310.90146025067884,Train
339.31126153134346,312.9118503152154,Train
213.52863884585406,216.05567101787992,Train
320.08934394290594,291.47136726136165,Train
347.4815643824217,339.0851795917015,Train
347.61132667071985,305.3504508017993,Train
399.3665852485848,370.86755305498184,Train
286.5719152067092,294.3910536209903,Train
349.48944963629594,341.10249076267513,Train
397.1659955510971,373.89587314039625,Train
425.06570984698226,385.9113202895953,Train
387.1299427499007,350.92487405061394,Train
327.03504704529524,321.4974665970561,Train
414.8356824470226,373.8198877812057,Train
280.0355967151929,257.4203456656082,Train
269.44482762225397,264.62655935247324,Train
324.711464405881,305.8002913906632,Train
410.82060330241904,385.4741514407139,Train
362.46441850032227,320.2146431231681,Train
301.4802747573119,282.76468778982667,Train
324.77538072321687,298.09485797522194,Train
160.93156575126363,168.0473518262309,Train
216.50394566574033,221.0669186927166,Train
197.48310450678127,201.27412044905296,Train
252.9399861478982,239.29689219255826,Train
122.53613950012806,138.2811944588599,Train
128.7698662146361,145.37215159864223,Train
121.35468846483393,142.88795508916854,Train
143.3432170554878,147.46433592839136,Train
155.65739408822213,175.33251946793771,Train
118.18201140706347,126.74355283410802,Train
193.42586275454255,174.58811099311956,Train
179.74771754550062,172.26652877202395,Train
168.27320195138498,168.78468942582023,Train
148.20741191445416,155.41488379065646,Train
138.29146275262804,148.44347290280695,Train
201.0549133406253,211.71330614222032,Train
132.4495020938489,145.0121422669263,Train
160.71112510650835,168.30269522118118,Train
169.43004482197787,182.7377075723262,Train
202.55022167336142,207.69994978984147,Train
144.98930401409058,129.82120600985684,Train
119.27949827211901,145.46312136208107,Train
72.47002468317395,95.42880922611386,Train
181.96654812981012,187.24277139938013,Train
132.72074768848563,136.78050697128782,Train
174.51690071935002,174.7980365944736,Train
135.49380532114364,151.50461985955783,Train
203.78034786792185,202.37281628634082,Train
173.22930218356697,181.85495067589625,Train
89.15372669259901,115.95382065208989,Train
144.83173305257614,162.7448425448615,Train
306.7699418885379,302.99953250563914,Train
269.79336669962663,280.1725751998013,Train
272.0494117648177,266.655662073213,Train
251.55353095975352,271.29292118907927,Train
215.27213581223538,237.81790472989186,Train
264.91986621463604,268.73884383684765,Train
160.85745488981848,176.52489187027115,Train
220.95147963293078,224.7481009051276,Train
294.55306830431357,269.8630657565721,Train
230.1671603896864,248.14916343221705,Train
233.9377948706295,243.6409521752614,Train
236.03707078515689,223.24025022528144,Train
245.89054800205554,251.84247954904373,Train
266.28895704435956,273.0461029487212,Train
246.92466978905387,229.70397000548317,Train
344.5595702853658,328.21834086158793,Train
206.66834345637574,219.82711699833433,Train
277.71846618471443,273.3951661238967,Train
313.226360752304,303.1182068402551,Train
338.2705934063966,328.70743799881865,Train
230.11791993899126,235.13059270636046,Train
224.03523506473834,251.2727869145732,Train
289.078451911137,298.5732155257906,Train
278.11552165251675,273.14211242280595,Train
135.1922383973705,161.33838926425793,Train
223.35447052561048,234.90757753551944,Train
222.73580805444692,242.63081547755522,Train
322.736469333085,330.00633461396774,Train
265.440458924233,248.30751281715328,Train
224.53449019581694,239.0988679812594,Train
246.7573787740012,235.2496081302356,Train
312.67296369387066,308.300830658312,Train
385.7531744100402,327.7085283070511,Train
315.125986776429,306.9220060980991,Train
271.60119137240275,282.91466290031593,Train
254.04788736407562,267.3372813996652,Train
281.01986621463607,287.34190724242364,Train
187.41803604546874,196.59629678326172,Train
242.61899420831435,255.340295281453,Train
282.750859560104,282.5099520332823,Train
259.9143921032548,266.04315327238226,Train
268.25113322845175,257.7720924816655,Train
218.74920042205727,213.65508471581626,Train
221.87919670597512,229.83604792170192,Train
297.16051669647936,301.1358361690599,Train
278.69966817571594,269.63745205064123,Train
299.0787475136292,301.09657691839425,Train
349.9131004843588,331.31980681811046,Train
296.7206458800599,303.4089950907924,Train
307.12959774768774,324.2908114259107,Train
399.00105519351587,367.88643855748126,Train
316.93580404824434,305.6792637099512,Train
290.02380041110064,286.7850971784267,Train
266.29320107790215,265.0899836425021,Train
228.50986660780822,241.2381485693664,Train
152.38482621284317,180.39860251817143,Train
238.7258506070911,243.32056425381236,Train
298.1376797087013,290.1583140066123,Train
342.09376906606894,341.51764691579945,Train
271.5175719109716,267.9419803639717,Train
312.8832010342163,299.4729583282286,Train
248.5247092259681,250.7386646250388,Train
141.1764234697931,174.32399803712627,Train
176.16315226140952,187.59431425411032,Train
143.33644908984752,157.25123872225436,Train
157.0493984800719,187.39021281256248,Train
92.28697486409999,112.40573322747514,Train
103.91986621463602,133.8194683128499,Train
23.21302718305725,46.70998559003528,Train
115.00425867632742,134.87390833312526,Train
130.6873680803592,157.68687784265208,Train
70.87472643349899,122.35105256687311,Train
12.201845721127825,57.95263535063048,Train
39.99981550323342,63.08471611618488,Train
124.36613414694548,148.47311908567565,Train
201.93530019890738,202.61942544525135,Train
79.72930211937181,104.50456778479013,Train
161.56248349542443,186.26148303537047,Train
125.11380170082049,141.90693526346,Train
140.2258733599317,161.96442488545614,Train
140.26432996828686,162.5349170058929,Train
177.5900685000397,180.82046108307603,Train
9.800501721714454,39.810935593674856,Train
83.03346864011255,126.91693374532824,Train
77.84683059577742,139.31135527933154,Train
130.39861151884742,169.73833245998424,Train
31.59434871308413,56.32893414880662,Train
148.64840451822653,156.85883069369288,Train
79.18601858841936,111.0112938057869,Train
185.97917598360692,213.42995375841627,Train
125.30621533608193,149.61743570413208,Train
45.77697000642064,78.03168599877544,Train
114.28147376548702,131.2441154864802,Train
236.60617655828543,228.41222984703788,Train
277.1073778049466,259.3199602399456,Train
258.7871725736384,238.3097964899393,Train
294.1844840543539,282.3014510738754,Train
166.57230707474798,169.18694309100502,Train
222.91986621463602,206.5890283636615,Train
159.98392530739198,143.7927951895078,Train
207.97747193292344,204.78671316829525,Train
276.23072343440924,256.75910568932096,Train
185.34216340964863,173.38118650825996,Train
173.53975968088247,151.13527592953753,Train
127.7049798818421,120.37218107146793,Train
187.03264542906697,182.09750735088616,Train
237.08016290846382,223.06068989523553,Train
213.23275496929216,196.21627213785092,Train
311.148659888614,301.94783515286906,Train
229.15506363457945,215.6786702227908,Train
260.661856891437,246.69214537054833,Train
245.27462001698711,234.53829227250046,Train
282.11443163525655,270.8991989831912,Train
134.85465096726068,123.3853127934373,Train
199.80211543499234,186.68011113049738,Train
188.2981846785118,165.08223350331826,Train
241.9205456371197,230.6482412162459,Train
166.608655904288,153.52189973361428,Train
192.37606151298039,192.4151811442209,Train
183.00897457672284,182.19550068522466,Train
304.2150910759142,299.96138759727023,Train
234.9582812203925,218.45736865954294,Train
168.49255363156925,145.12289991580644,Train
176.12911040626312,180.6655603350137,Train
208.11369932780363,215.71302528290903,Train
214.9992060502835,221.0725325507536,Train
214.05561310160743,211.76288955393724,Train
300.99889932691246,285.14909329454196,Train
155.7036869873048,159.17975090176006,Train
186.5198662146361,198.41004799377845,Train
107.95805106144456,109.59016208174458,Train
167.18127802550177,170.7281714220428,Train
183.87225920077597,195.6946693179063,Train
138.47747608905655,141.83863115962626,Train
103.45128609292306,111.05221354121548,Train
129.1583369860795,117.78257170333418,Train
140.9890699567437,155.29622531392354,Train
207.40681027122616,209.26236306688182,Train
169.37945644904264,174.43288173177496,Train
278.74056345628617,283.37570964842786,Train
158.41214717762347,167.52153816933154,Train
205.00246167735963,208.6364471466754,Train
201.20633662445002,208.30932578345343,Train
259.57536982464416,253.76724050433552,Train
54.88978850798051,69.51587612599155,Train
130.1672681181746,144.22688036339338,Train
147.50005919943922,162.42302341118085,Train
236.9394565809193,229.22082210662006,Train
118.54358649090244,117.04822749395878,Train
196.1689446914257,199.32513240357451,Train
131.82146335035551,146.71705633160178,Train
251.29370482210197,253.52114615844548,Train
193.28720634322332,200.66934137359334,Train
131.59131048286463,151.3149082004651,Train
266.0298377314399,244.5690178979862,Train
257.6293952513505,252.72055392967582,Train
234.6250673306756,217.63710172876344,Train
249.94028955233142,244.55122581622257,Train
170.18848784538838,175.6830876354564,Train
162.71986621463606,178.65917730620222,Train
123.26489680126215,114.90289489491344,Train
191.58067493455633,187.2887295338133,Train
238.22281752058984,232.74410090758454,Train
177.2458617948373,162.74076485671574,Train
145.09491804800322,164.3177274721112,Train
122.60285909911426,119.63340522636179,Train
205.1821095524467,199.8257551172256,Train
239.99145848312577,226.8406467674682,Train
173.08154807383806,160.02752968758418,Train
232.16747255554168,233.2167050490452,Train
187.75163111688622,179.5726807702422,Train
239.214725262196,227.58765852399296,Train
236.20324909473993,232.41301349259325,Train
261.218092462529,252.25210479391097,Train
127.68216403690977,127.35534175855811,Train
186.5136463268208,187.37421994130884,Train
175.23849525192725,192.85005650116216,Train
212.94817811897877,213.7838169111063,Train
83.65621621377095,121.04859044540238,Train
235.92271811863262,220.02124152816955,Train
179.94582669824095,178.92347640537207,Train
269.7701454578502,258.4158676429976,Train
237.05859573892587,213.40302668931224,Train
89.97423837366686,101.61643150546053,Train
182.03736315294998,184.70311078261741,Train
132.98148363844476,152.20129835316578,Train
164.57095005824903,186.81442564202254,Train
142.86837949040086,162.73653976334072,Train
313.4492814119327,302.18119321711106,Train
100.58466928968615,127.5137039182908,Train
71.36986621463608,111.6025869582977,Train
76.53475800142488,98.87534238502019,Train
120.65526600427911,142.39625755324928,Train
156.54035557580312,170.07652385841982,Train
117.8935667700766,130.0608469105823,Train
62.7287268213002,86.82486841365622,Train
106.00289122823206,126.2315109446344,Train
179.78350184748987,182.00663660090734,Train
113.51683890106838,132.0252507136159,Train
123.02111313310387,133.9790652351474,Train
191.62450597577714,203.62408620147514,Train
119.11331082702058,137.80814875354798,Train
119.660453591469,144.45691062143612,Train
171.07107111175404,179.10956031144227,Train
225.29047230177514,233.3621217927126,Train
80.98962870884036,109.93831095967384,Train
95.58366475159181,120.78217755934885,Train
54.84205223603503,70.09500921866125,Train
147.48109212219066,168.3702775427832,Train
104.71321294795702,123.97390868561502,Train
133.37843081551904,148.55064701194718,Train
100.87921573803308,123.05722659685684,Train
220.17128764126366,218.03368366201445,Train
148.84234817367386,164.55678646246608,Train
52.52969380186228,78.27649703977126,Train
138.8743688199284,152.7945630483079,Train
195.693327549824,199.3642417846394,Train
244.0255083551428,244.2110347144052,Train
214.66937730774004,220.3939034311954,Train
262.35558145452586,253.4307936748116,Train
194.29245116497847,195.46300311091113,Train
179.5198662146361,180.69841837240298,Train
158.24228139309176,159.27361204496225,Train
198.94018177848614,191.13591708896868,Train
212.3345833329973,214.03476331100717,Train
205.3474594026688,197.14211831608478,Train
167.25767179251787,165.8962283620015,Train
171.41555028394345,182.7085934934878,Train
192.36607262150733,190.40467251491853,Train
186.96074860711107,185.9192729544357,Train
183.2670468582861,194.92011650048033,Train
244.3057348462051,239.0180141496195,Train
188.621130966394,199.53679067003196,Train
198.95463344604758,207.20245650529225,Train
189.84344306602188,199.4269050159924,Train
220.90014942262016,227.38842761665856,Train
187.92999148960763,183.4013519916352,Train
186.93248411348628,188.42347605241073,Train
149.57796419005007,164.63329427450105,Train
200.2735335333487,204.8627201950993,Train
243.14118246227514,237.19837535553455,Train
249.24206003240442,250.72316759103265,Train
184.1036358242412,171.6228942144083,Train
227.48825272595627,225.60755770358753,Train
242.04466609823453,234.0690840498971,Train
147.19422337685978,152.01296360642115,Train
163.9055101272142,161.92175374495596,Train
136.39167340226683,151.14151503381515,Train
223.0577312826519,221.5459930065856,Train
150.0788343820658,168.25422532144907,Train
251.47303881109167,258.2406625363991,Train
99.23452994947185,113.33887726727983,Train
108.81986621463604,127.47138415679127,Train
70.21280040957973,86.07423562957109,Train
138.4524932081693,146.75849358671422,Train
151.1502619607408,163.85761199196043,Train
123.47123598376974,131.3061686505254,Train
45.611079960218945,76.2518520003621,Train
47.8214073866059,69.66885825691097,Train
148.41595456935693,154.24664431527765,Train
160.43344446400098,178.14579769577603,Train
95.39845461735798,111.71613947498257,Train
176.74191156628933,185.30320421651186,Train
137.36698846396706,160.67048260469593,Train
165.27747813904762,171.99202912107822,Train
170.48769492572794,177.702923341586,Train
198.0690388819354,202.5646889609145,Train
49.79230336345293,67.56085732726356,Train
106.43389572657986,124.81904074664727,Train
65.12231007397808,86.75745327809291,Train
203.66571165698576,201.48946381136204,Train
76.39799802764672,94.69912651970395,Train
173.68696438218996,169.92349007620066,Train
115.79751581575312,132.50657941334717,Train
191.80179748114995,213.5871130919732,Train
172.31888819071855,182.05323721814727,Train
48.86721613593929,66.82236181830915,Train
139.59257731727965,151.75728251587225,Train
325.5962406126033,309.7219937270418,Train
345.6824507429897,313.90222524622493,Train
275.68913880957786,281.76911810809645,Train
239.71149406741742,260.81871024944144,Train
301.12399013684063,290.34662257533125,Train
330.3698662146361,313.10959011154785,Train
228.53044838086362,219.63632300658196,Train
276.7129361387605,280.4354672743952,Train
322.4020546833068,303.1379990877055,Train
265.4008934212667,259.79071358432043,Train
251.70876156781713,250.97492117640067,Train
189.9449636372101,212.59643504253145,Train
279.6399908919251,268.8077867555056,Train
305.1542407956533,294.0679184757065,Train
267.3164824330388,270.16083854648446,Train
326.06229499937535,320.7640910939263,Train
320.319082394489,312.18954998449277,Train
288.74509044549086,293.73006731636855,Train
326.7555285279753,322.16920244821813,Train
401.5158155307055,395.75985603499544,Train
296.72628302438926,297.6577908316517,Train
293.6114058338197,295.21078198125286,Train
321.32493486552795,309.01705097552974,Train
263.79447115796194,268.9779173743054,Train
246.5061400308286,232.12497175736715,Train
239.55898068443895,248.2860542204976,Train
299.03507784619615,284.447640347083,Train
334.5426924378664,330.2637825268703,Train
318.83735859800777,310.9410698347746,Train
275.6124884657154,280.3550269853931,Train
227.43036142858378,220.80544538345595,Train
267.73566173724697,254.56540253978176,Train
210.09652572830174,200.88713261892983,Train
203.9497448422032,210.04819874111797,Train
190.2749062603365,188.2114541182043,Train
149.06986621463602,153.79763510742612,Train
172.0121372532313,153.5714980968008,Train
212.5535078182413,200.84988201989472,Train
229.83743378122296,212.13925187640808,Train
186.65794052014368,183.63686818571696,Train
110.26017648182756,111.29098722265807,Train
136.11405845406333,125.04573263153195,Train
171.1259142750842,167.38077224382948,Train
231.42653694488533,217.99331912534223,Train
162.54462023653087,154.44393015479858,Train
266.6947366407661,250.07616399700905,Train
165.04414358478257,170.67762963269794,Train
249.67367396671224,238.65615930028207,Train
246.3533002925282,232.70171388315325,Train
225.7022114034528,218.04867740969817,Train
190.57041678052002,173.9040424448093,Train
187.38400768844926,185.86426212888318,Train
193.91650890165226,191.22047524399804,Train
223.1981689615672,210.73298936806276,Train
116.64859546802833,110.72712112457282,Train
205.81966066292412,199.64621076916418,Train
177.49391221910048,177.1442524164988,Train
255.86805407478903,246.4672107232954,Train
246.90387288816277,237.10294731602744,Train
115.7189197075487,117.59865870412106,Train
188.70803164162155,190.82230433348465,Train
298.72724517646316,292.1748562385638,Train
335.6803247953982,302.7992621886594,Train
291.43063741005454,290.5432412440853,Train
288.41459905545787,292.47847150076973,Train
240.53872238276585,254.79405757738482,Train
277.16986621463604,270.43350787708505,Train
161.44703200598403,167.7363751207951,Train
233.14368126225446,237.60936489460445,Train
281.9497660872256,278.54892540355564,Train
265.9504370720323,265.94110430807336,Train
249.04369986547917,247.29681538922574,Train
212.35883396638337,213.51967678696775,Train
222.77469347752165,238.42039390767016,Train
323.8986937630484,304.78550859507567,Train
241.42934833495582,245.82403646236483,Train
260.882247648854,269.64538902783585,Train
240.37677948637088,236.6899991203752,Train
283.290216778356,287.4000573740981,Train
333.97278061869457,336.7754997080292,Train
369.82912085461794,349.1127413339221,Train
245.07232423021463,239.82399043406264,Train
272.23268044968347,273.6066749581907,Train
252.83079690571742,261.4296099242183,Train
268.5467594276082,263.2969179173889,Train
142.26915804915708,161.64082800194976,Train
208.21647616141667,222.21303052508318,Train
273.4582945644056,279.7055879809931,Train
319.1045511076816,319.12707928186774,Train
272.79447601563305,260.26185893427174,Train
233.16843840169392,230.59510899840728,Train
155.53534671642956,157.91830771203388,Train
187.47614299941196,198.9572013602009,Train
165.6599614931868,181.2244269925564,Train
197.5854090909194,220.70175537691264,Train
125.46431368347646,134.96869718634863,Train
173.56986621463602,172.3235052835648,Train
96.08218107240091,107.85518361203522,Train
129.5090112816362,143.4713779529844,Train
163.37490643826513,177.85278627271504,Train
114.47807457792564,125.99087874336199,Train
91.51293563397022,102.19593608398033,Train
77.93314944840014,89.58287398808012,Train
111.5801804910369,134.39583768705933,Train
130.6526155527249,148.6744225791974,Train
121.42848350151742,127.04751107577354,Train
195.80294042607392,202.89382320537254,Train
110.21748969434567,138.591301574226,Train
131.88133413616924,148.61170330856234,Train
193.18844105413208,199.0550940828449,Train
174.81946879211307,192.46053598213314,Train
85.12254620821523,90.79211586391574,Train
90.59749759650155,116.5256421745539,Train
0.0,43.53959092160223,Train
170.55171079406387,178.5544454290697,Train
104.25908071375426,115.59194306073734,Train
123.71739659371109,142.41770565186255,Train
110.17341205881095,127.4295767844215,Train
207.4094959999495,210.02919049484973,Train
156.54269733744331,171.56276026410094,Train
27.363128380063486,57.9588961386977,Train
147.92418788087315,156.6808308616551,Train
283.54966507766017,288.8483786931762,Train
350.1640550871158,308.8032839492805,Train
269.28293095713934,275.2804255909875,Train
304.8826117786675,308.33291733383453,Train
240.12990207068964,246.83544656070794,Train
266.66986621463604,270.7989730716719,Train
167.9253886037267,177.52565762805577,Train
225.03772456998303,232.39483783887417,Train
310.0833259455218,293.3001760579037,Train
259.58748869336074,258.8100681818887,Train
232.70851923082617,238.57592131941453,Train
189.66270378457483,194.83933631456367,Train
224.866349960651,232.60062983999833,Train
313.7448388901498,315.45193897350725,Train
268.3810373426687,255.60687576131443,Train
330.72852212773904,327.02011393367485,Train
235.412647444149,243.93555204116424,Train
271.6166565041376,280.5560645451988,Train
339.977912142809,336.26773115292184,Train
345.3142292784654,332.14725382283376,Train
257.17629183971945,250.27105863014611,Train
256.3801910109196,268.50208286818304,Train
390.03274599703286,361.32247671476745,Train
263.1663947001062,256.14501733543307,Train
230.84182984976042,218.76115570383556,Train
239.3151801541559,235.70790102387016,Train
237.3676517427078,244.84677282780154,Train
339.2236322014853,345.9692309134849,Train
282.60354862001145,276.81613775067945,Train
240.9331317208697,239.46707835322084,Train
253.79981633546433,238.55332018144506,Train
285.59395306015733,282.7102002606705,Train
314.63993177413096,302.8444560045189,Train
277.7500581100967,283.14954084475835,Train
315.675072091572,305.7926922891294,Train
265.2798098219587,256.14275443964823,Train
251.96986621463606,249.4711534701653,Train
182.28830353970824,180.95742380680986,Train
275.32632171606235,274.70830675439163,Train
297.5598193797656,290.6742681613187,Train
265.3664141081955,267.6655855546787,Train
266.7909366571233,261.52213383960697,Train
186.15384849015373,197.26923380780812,Train
250.2333853221233,247.9445857352092,Train
319.01071782168714,320.6098499061015,Train
272.99803295002084,259.41142047896386,Train
293.7693217805146,296.13596219303565,Train
280.2262901004,283.0712867206143,Train
290.76924213212385,296.7914128429197,Train
346.3887464521395,332.48655633762576,Train
380.3078374294361,367.6188333254061,Train
224.75339096291268,226.01846478531004,Train
284.1969244511889,291.6798783255899,Train
310.83149792688755,305.4012971013012,Train
284.3188606005618,267.8188700251299,Train
219.53251698550113,217.41449657802224,Train
249.6439209089079,240.2652696578079,Train
279.70597029947265,273.8421372731079,Train
340.0540199648055,329.97528421855185,Train
275.7370415900522,259.6372361939781,Train
252.24827632845137,262.19273274158303,Train
257.5327005416246,250.14677766201066,Train
270.08425254087945,276.36328228752063,Train
334.25168480380216,301.8706006489093,Train
241.81082379237571,264.33781669671066,Train
296.47723151402295,293.0349051746477,Train
216.267930733851,238.6174286950209,Train
247.7698662146361,266.40662727769825,Train
164.99168853033183,179.89845059616204,Train
201.0664731705581,225.06596034601054,Train
258.28362078066147,268.91174957121694,Train
225.71814362306012,234.36557283750722,Train
205.7209023994936,224.07732885452447,Train
146.5957768219231,186.25777512858454,Train
234.25151240133778,245.21093148976288,Train
286.4689764239487,290.83255451527924,Train
223.41218536258248,233.02264679199718,Train
244.27598761812297,264.67476431131615,Train
292.19212311746367,284.7071622843267,Train
275.6452372280351,285.2328184523908,Train
312.5430369326705,318.55911318538836,Train
335.4201441970838,336.18430926680605,Train
216.22812212372247,232.11616443611868,Train
246.74669684801265,259.0956013474402,Train
223.67308924037667,237.6759701690436,Train
169.61679831012236,194.06449814783133,Train
130.66275955977437,147.6376750361071,Train
185.1439556481777,207.09944477100694,Train
238.6832093990366,249.36108859021493,Train
322.69408286855327,322.3864990288686,Train
265.7077847718532,262.0292957587984,Train
269.61231900754467,272.78737076253475,Train
208.8777776054073,217.29785886546549,Train
197.3453628921646,193.47990502493215,Train
241.012095799024,232.88875753754343,Train
219.71748606281304,210.62926441726378,Train
332.6662226523643,304.9387938197058,Train
189.27233783171,182.94226274710982,Train
144.16986621463602,155.98010569366895,Train
142.05831153140406,144.83927430186455,Train
175.9542435808623,174.01266661042013,Train
203.92911096205546,199.31434435932076,Train
186.96971717420234,174.4819678122275,Train
164.5438931889937,161.40552601121664,Train
199.55102000198477,194.75437378518538,Train
178.59588361303054,176.19750856283562,Train
182.09408513333696,183.4532750257286,Train
174.2473593294947,171.4358422687936,Train
236.3435295282265,234.28683055627397,Train
200.10193066692347,192.68761692990552,Train
207.5370867753471,198.43450287898665,Train
233.63821389279752,218.44442809310374,Train
288.62118161954766,265.80455040751826,Train
178.1896064716222,172.33458548669688,Train
175.2643294484921,170.30993520614282,Train
137.7604006023552,133.87674383107904,Train
208.1272762630275,207.08671110463766,Train
184.24740900963926,177.98487420394233,Train
235.63829338102883,222.47264713236584,Train
183.39839123315224,180.8519090795073,Train
247.44277480458317,235.01774129852686,Train
226.44961356439546,221.3352027028678,Train
123.459577263645,118.81141448189823,Train
186.18957666353543,179.61627984580858,Train
266.7370904598434,247.7265585215513,Train
232.83591034410207,236.21518493251892,Train
253.7229551990651,238.51904600343406,Train
343.06534957145414,317.2458432767264,Train
239.15721740638162,222.43027533542357,Train
186.16986621463602,185.61511918479547,Train
220.87923664145475,203.49466082026427,Train
223.84334422933165,210.7437495701452,Train
247.42316677662876,240.64718699477632,Train
237.24752147505404,221.92795845719814,Train
190.4977985346368,181.37142000573678,Train
218.6335736848465,200.41087660374006,Train
249.18127859144278,251.79946056785224,Train
264.3035840172372,243.29554231219643,Train
229.026283651528,205.6064215239294,Train
331.5480279794544,318.42456150620364,Train
215.46016770910626,204.48948776865083,Train
252.16511656072814,226.8349069431683,Train
265.13164296123017,252.40361289207485,Train
286.741613138567,274.3092575225676,Train
253.1819473631455,227.05787226748518,Train
220.1439260992247,201.93102434149316,Train
176.76555544404494,163.1040495342367,Train
313.44801388230627,271.80968151611825,Train
193.10039856472196,189.02933189430942,Train
294.4502268223406,254.08383929230538,Train
220.89711316940978,209.95335445788643,Train
293.0987360515734,266.2255655793205,Train
268.95933645253194,259.2722165454184,Train
226.0513168143037,210.1842780528266,Train
236.93747841522912,227.44055134703456,Train
328.55676952478586,321.78084024132676,Train
375.7821256204321,346.3940687599996,Train
315.93016038468477,314.0037543368867,Train
261.2425857166194,273.2674738711391,Train
288.1221750667617,287.085211006474,Train
306.91986621463604,302.157383595658,Train
224.8198359884959,225.00406418790163,Train
295.59853430545377,285.90582807914376,Train
301.0391696213112,298.7490611633842,Train
269.96281499943194,273.98902240152813,Train
276.72605352431253,276.5762050228187,Train
266.0901723305327,255.80394825359292,Train
255.49973937434515,254.8430850622569,Train
330.055411440297,323.73457107965186,Train
310.3721967099574,307.0277224422511,Train
335.5086962355627,335.597932235052,Train
354.5700289699321,334.7015518340929,Train
329.3670749476504,320.49807637091925,Train
328.19962048387276,328.3341262335201,Train
390.351881360435,383.81747821114527,Train
266.0266395384485,271.7918289100381,Train
319.21594779124644,312.10965109766096,Train
280.56789390906135,281.31319504373636,Train
214.69150877182585,232.05890550147188,Train
228.5412137816921,201.55994036505217,Train
279.1700477986482,263.65005801175596,Train
308.1345143319866,303.004699879671,Train
352.47573140663206,355.24265149974167,Train
311.5372877824021,298.6296182942802,Train
292.83771140270693,292.7053273477747,Train
278.7252292954076,277.9820105532727,Train
246.4691210510557,238.7494435648083,Train
255.30186453460806,249.9917492652063,Train
262.25211428474574,248.79449947192944,Train
331.8946619753666,306.47584892084046,Train
225.76502380924927,210.79680864988936,Train
190.71986621463606,190.61028404229143,Train
202.46930009065613,194.4046667140388,Train
225.5925521203929,208.7804783154509,Train
253.41195221506825,246.0240468131988,Train
237.34619337664344,218.42417480613074,Train
225.6790738385001,205.4043544049335,Train
186.07514258017665,201.10611873518286,Train
234.64434178875192,232.13768696947878,Train
231.20703510809182,216.3044891954327,Train
220.47271000158202,214.9385255977637,Train
273.84246654313233,261.5337836331182,Train
224.45716229430812,214.3823739593657,Train
235.95139649464048,223.52755390775755,Train
236.4812107103892,224.36765467011998,Train
247.44389469060366,243.4809208801077,Train
204.0125128126952,197.80646825543158,Train
222.2782502563381,201.3113371273365,Train
231.05026360153457,224.52239870821035,Train
238.82954233080795,235.5175199796818,Train
253.3472676142462,242.71159524602004,Train
342.280502890652,299.8785180111871,Train
217.3302875901686,208.89597112561532,Train
264.9976198917888,253.12691863364074,Train
267.0323384330795,249.77747179880564,Train
237.25474403307095,222.69200901716695,Train
197.5877782450967,183.46500043153694,Train
142.6050064745474,156.6746234103288,Train
197.0232774331347,205.25333929127657,Train
152.0145744536755,161.68388083992454,Train
245.56884243225863,248.64379650327396,Train
114.971839951746,123.99086378228114,Train
88.5198662146361,118.91465239049357,Train
80.95808139590794,99.27199879610208,Train
126.13611701762872,139.515868479848,Train
167.79263024900666,179.4696763902102,Train
123.40375655781438,129.51835538212404,Train
21.30612418907782,53.601648200785995,Train
72.35961439359912,99.08407098084969,Train
131.66186378274645,140.8031660433761,Train
145.8845802523374,158.24729071087077,Train
100.33350286703717,114.81834554385439,Train
196.97546098568245,197.55618265095634,Train
135.30636327948494,149.82360937894762,Train
153.46887517517752,161.44841135962676,Train
174.28738849875,181.8829408276681,Train
194.14294793869323,199.26080371687502,Train
133.82374888941212,127.91136962559412,Train
107.48197955081939,121.13813137230693,Train
113.28838418557362,118.83315023459734,Train
150.91837770051808,167.68392192518874,Train
110.52220608597763,112.28714284599351,Train
126.18931364905478,140.6937189148716,Train
124.17046712754123,128.63881206463884,Train
211.3505385553715,217.31149293864866,Train
187.47052951418192,187.50481751107156,Train
89.98299402047564,93.7725735226761,Train
157.11052695804779,166.4814663431023,Train
237.96075723004853,233.8986129520556,Val
226.87245383450207,188.53576104059445,Val
167.91033674858,200.3546542987636,Val
123.55888956903252,178.13227047540892,Val
296.77852887974586,224.74830875470764,Val
291.91803944590987,186.8960986910164,Val
340.1217186854916,213.77275772774763,Val
380.2641342859506,240.0628290791623,Val
230.05120771902017,194.78222652970257,Val
232.1450557713598,232.01226192108706,Val
166.25254647363369,169.1174612481577,Val
193.5757213232734,236.4108463329372,Val
297.5676952277436,179.9643139009226,Val
248.96112802062936,193.36726665571888,Val
277.45443424756184,267.86241967796,Val
196.36377634643458,219.3823917938232,Val
257.0296248912998,279.792437486383,Val
258.1739643759573,254.6649228464578,Val
195.32144958014257,298.40518244926074,Val
201.93678108270018,255.53796848606743,Val
235.16857540525734,252.22707504821372,Val
412.1425313956486,281.5408970775492,Val
284.3683894454615,304.95554368508533,Val
266.182744141191,266.7041568966303,Val
226.78987218795766,290.42378602736886,Val
188.01954177616608,277.11526870928003,Val
221.0923886587696,249.96878729430574,Val
374.9693615609248,268.0397095286861,Val
246.4942207374571,254.8462559103428,Val
269.81023256258163,302.65749162329394,Val
215.7394807851211,296.28898832541734,Val
249.32143417086394,227.38999818126433,Val
275.65630933119644,188.78918521488768,Val
220.27122247666767,248.41587184444276,Val
222.55855290122778,225.60367740807246,Val
288.0138979533699,280.32443741393087,Val
362.2681179078296,211.6874057737753,Val
377.0814800622463,276.55100048619903,Val
268.906442923998,257.35096692329455,Val
308.8494733159213,186.6744386710075,Val
271.78415103063276,293.20072973696585,Val
180.38433280444488,237.71754545840724,Val
230.02118962597874,159.00731596985486,Val
268.71968006073223,186.7804461384696,Val
241.4979467855012,239.40211440738727,Val
346.8131310978962,211.98160540024261,Val
401.4545495476083,298.5858538070917,Val
240.8196787673677,228.8147546948767,Val
213.4012506900421,237.80820193080328,Val
225.1745329308347,201.69989473414276,Val
253.3624694041692,151.35981483485057,Val
265.82941758978023,177.98603313777474,Val
157.80364334407346,242.06054626239037,Val
365.1336264413097,205.71165071131048,Val
202.3891114709592,218.88249304339442,Val
186.83942604116203,212.98194087766373,Val
230.76649236870475,213.89443811783346,Val
236.3017275473706,204.6875696803139,Val
205.97281161552098,186.06222840306222,Val
181.8014301147443,238.08705994446782,Val
255.9573102412291,214.11942457679856,Val
264.5734394634683,224.64371255045143,Val
248.28183926921835,214.7664467256255,Val
213.10715053902015,186.56224131813283,Val
210.17534020348418,246.41120405523782,Val
245.2220221573496,213.27794272549858,Val
235.4259382381426,210.78119838397726,Val
221.36396877274416,219.65739997836778,Val
173.7505859918439,177.0572726278324,Val
298.93423791917326,225.86374217046384,Val
331.4191895026753,189.24639033508328,Val
369.4681429111113,205.08191468931855,Val
387.10811020009277,256.2200237766536,Val
235.88712315011662,183.16581180356735,Val
257.21913730287224,232.00150308387555,Val
277.5612729232307,209.33359419984447,Val
199.47081173292025,159.86775612102116,Val
218.9086429889678,233.07852948700523,Val
225.4786018696005,195.83024862812795,Val
281.5601589555821,270.72186688742687,Val
195.57533048009884,238.96915711944752,Val
163.30045280749144,237.28592937690934,Val
180.47150163569063,181.00874870174377,Val
163.33755108087,128.2542452558168,Val
195.09838847325182,154.97188113989782,Val
161.04022691924166,232.3566549246094,Val
243.5806206929427,197.58506262873314,Val
194.27808485156845,197.97294637866995,Val
222.77819158640136,215.44607588682942,Val
145.4772196124566,206.44450885684358,Val
176.51901153505952,191.26462485569067,Val
191.94614704176414,169.98746094957986,Val
139.82361092905592,182.8044705717946,Val
137.39087202102286,210.17081544208742,Val
256.1824793981217,208.2453219405407,Val
145.63213883789967,197.57101291276823,Val
187.90018225490337,201.78487149127164,Val
156.1309921136127,233.39325097725688,Val
244.29189512607024,229.62069912244073,Val
261.42424162632204,208.51403108847705,Val
204.14925196391877,245.72455668246275,Val
261.5232957265299,227.1094218561454,Val
305.5143862316939,244.25421575436934,Val
286.0279783809984,212.02473834178397,Val
306.7940084549266,237.01455129243863,Val
254.99149965187758,258.00409997008836,Val
218.20502621028078,202.16752709867907,Val
217.86889180168805,241.14352846015558,Val
269.2759805905587,245.98356129213994,Val
215.54254917074937,148.68485532034734,Val
243.03188372000955,219.0901919019325,Val
286.6313121117751,229.8581154736826,Val
285.46929478905656,210.9667814289875,Val
361.78167998671364,308.374618268561,Val
206.6302271922177,233.48146188598162,Val
120.14319169403937,225.66364444512843,Val
128.28459533816522,196.4886374328934,Val
118.0429972784843,163.1230519113332,Val
178.36602889245083,156.319056419138,Val
127.68882158050215,242.59192980664466,Val
234.05350148975182,203.44773493251546,Val
161.9935793266284,216.20762162147827,Val
129.73368893782595,208.94599590156835,Val
122.86090099821477,199.77473938475185,Val
149.55446855284714,187.25833728320865,Val
185.5737270573037,198.62898468745882,Val
135.35879393430542,179.36144563908627,Val
156.42604726428917,227.66556074692426,Val
161.17315295223767,228.85453077064105,Val
190.05593135205402,191.26035761251578,Val
124.06646667160065,192.38799297595673,Val
147.4496234733653,237.14676897701767,Val
177.05180662595006,233.75266238115918,Val
169.93621044698915,202.41529121519525,Val
129.76268730387517,216.21775809130628,Val
144.4723453409041,182.22031966945798,Val
210.72147361624016,221.68770905672525,Val
265.0166615023111,194.41556305293676,Val
237.4596681514155,220.06028078704261,Val
283.5747513978686,242.85999583046745,Val
177.5801208548813,191.43895039378356,Val
174.4187299699294,225.02350727992027,Val
165.50559716538845,211.9137160509788,Val
121.84337395529829,157.52264135439106,Val
134.76042390603345,208.12369582333883,Val
165.6487006020842,195.01552721644688,Val
160.04897542301308,226.47453293794138,Val
242.73270992092833,284.7301718562649,Val
102.97088121303298,235.23116305995592,Val
167.75333383845822,201.4288778272188,Val
190.3909470178916,200.986916405709,Val
103.033386207394,155.7851927369555,Val
229.88215017473743,195.36306266773363,Val
192.53355620295008,215.03067679089716,Val
342.9444437487877,208.33736729055283,Val
248.7615658720402,196.88337535930722,Val
221.8767064018187,196.28320564171062,Val
197.16558226447344,223.12152433593423,Val
172.7516084122413,226.56668793237387,Val
126.66419904938788,207.73769613300604,Val
88.5491830801988,143.3387447382296,Val
150.05938182719672,185.56552515160007,Val
255.56763045389891,204.4539563350329,Val
172.94795117191137,184.56716468654406,Val
212.02994709328416,263.49639767734334,Val
129.49022766414342,187.91278174525712,Val
131.1006700418419,210.75298750134218,Val
141.1524868306914,216.52041679074117,Val
83.62554080598092,224.47906453958478,Val
101.40245093718198,197.67823048385205,Val
186.2838944754411,211.84800921682327,Val
235.16294254218263,218.11156792067322,Val
273.12228150676026,252.11626561751277,Val
256.6879269038112,284.42652495602175,Val
147.42158550557173,194.39143573929485,Val
128.65272504060715,229.90786734155387,Val
139.22389759911454,212.12340212178955,Val
61.01026865685321,131.22671298039444,Val
94.64999070291177,177.20862134811426,Val
190.69421873513647,205.36549306435455,Val
144.228936173764,210.9470409065896,Val
282.28552041735685,295.2814288398879,Val
52.882406581724524,200.8462595319884,Val
195.2091872032502,213.9894768690742,Val
214.52724628707523,240.1469256257144,Val
95.50938136013747,219.32503873413856,Val
181.29071442745217,226.17418600500804,Val
269.86349645977197,219.86513367896487,Val
213.74788544251103,210.8334596005415,Val
325.33959130645377,262.30259735399085,Val
278.47351993608265,280.65018199816427,Val
207.71872715122436,217.00714924945154,Val
191.41443102709067,220.87712677660477,Val
185.4782132052484,232.3458541361224,Val
189.69062554480777,159.31969752814464,Val
194.16358326110105,167.92807431818392,Val
202.7583147877719,181.29609977595743,Val
278.898822819855,252.82236005549288,Val
151.12326451140729,216.9913017185692,Val
258.8459327675648,230.7468855407245,Val
298.000351061999,276.2194746712014,Val
175.1764214451464,298.27097456474314,Val
222.53383736911212,237.08114959032096,Val
384.3884176169564,234.8254069058134,Val
346.78575941767855,214.08462565989257,Val
380.4316787464782,271.9972730003096,Val
285.7851664687511,287.28116694650004,Val
302.23691244614304,213.33026717847616,Val
260.6435512872771,298.6672700079413,Val
168.21059520138238,269.91549930650376,Val
292.79081109922384,196.48698940938243,Val
296.6180742544077,198.50108883036367,Val
391.21826010274594,226.66663310805598,Val
318.8420578087366,224.94379654472678,Val
373.07256454333265,311.26159558421654,Val
231.2028942950215,213.47813550816255,Val
242.76429276348372,279.6591108079612,Val
245.11422015091483,244.6764819240693,Val
173.42668553061486,231.84073510430622,Val
203.73043125730177,212.29387977501102,Val
271.43392451361467,272.37655914411886,Val
291.19830028966203,216.52156545897031,Val
365.6746182601002,257.42731908497893,Val
219.74824336927816,260.34483651233717,Val
295.3646105055053,194.12026275664184,Val
246.73964942154632,277.2976287753922,Val
173.13430396456522,255.56175786498721,Val
219.28307326380423,192.00660627717488,Val
223.6560633693759,200.34671856823877,Val
244.32932147149126,250.2371167160435,Val
348.0011110348454,214.83489108595148,Val
378.40879724335093,313.52985487528036,Val
231.57801815816129,262.7065527119505,Val
224.69773807261993,221.3885825696307,Val
248.76113318720542,253.9193848261693,Val
121.63527126670137,234.3528521630484,Val
229.5762117064379,236.27162624891616,Val
341.09863188931035,239.52738799360407,Val
287.19066790521106,204.44036300431964,Val
302.8976708195962,243.0915006053582,Val
298.0051936984876,287.18132576945857,Val
241.960406312373,198.5933985676544,Val
237.80746039010654,229.8731479030909,Val
193.01823124971992,233.99706477625216,Val
161.5670596655664,147.46607566442808,Val
213.41666714153797,168.85476883069464,Val
371.79927709547167,215.60280941372304,Val
243.71573429297132,167.68795376696104,Val
344.6824675270045,294.9502379079983,Val
190.46150062590365,213.36218808502719,Val
192.43552746962607,220.86111631011843,Val
244.12667382499865,206.3670652986859,Val
138.5013273505228,212.94655151786793,Val
225.8741633782597,216.2812511092537,Val
279.6533130996071,230.8014648937349,Val
257.29753116274577,202.7560117052025,Val
304.6989827229429,254.68025324180365,Val
297.0770543466903,269.1364767563676,Val
238.55727608529327,202.5868326675121,Val
218.47512512709875,210.1440716025915,Val
168.37008623863142,154.37308509061788,Val
213.55949991391824,175.52211398077412,Val
321.50423047091715,228.89698140559233,Val
250.03516875916787,172.62655043940796,Val
310.47111799247716,279.3951346610033,Val
146.53080378535674,212.4830942682104,Val
184.42177639123784,240.2993599146463,Val
199.42351713296446,186.24396486322166,Val
154.18928200022506,146.740671520267,Val
193.2314835144815,218.8905755313082,Val
216.8366338682053,265.0495078754964,Val
262.2010841636901,216.31929864327853,Val
182.31454743634765,256.3233677449545,Val
186.47425836673912,231.99082812786563,Val
188.98362449286955,201.39127549494404,Val
190.0658896745684,202.3158043848249,Val
195.8275539762618,207.44143368785086,Val
158.69319809028048,189.40815387488323,Val
174.82539072495004,209.0272717409314,Val
228.2162085455402,228.96708419101745,Val
179.55039094207416,217.51400332810633,Val
187.50252295501957,220.37723517498546,Val
185.43359340128552,236.62836081957875,Val
139.07896193081135,208.0905304428747,Val
160.6756113243468,210.86853376281562,Val
87.93590712601242,118.65251392300588,Val
162.16502574022041,193.66450996075955,Val
122.80445560926432,235.11930997652766,Val
272.3953954374339,193.04628042579225,Val
193.3414619299524,202.61829096201728,Val
242.4195558261357,196.4617063811217,Val
153.26724439871992,213.19158011615826,Val
145.8193589425253,230.3216762445993,Val
172.07505392036927,195.90568874185482,Val
95.46198634688403,143.5883337633337,Val
112.6176484662416,182.63141419374818,Val
149.48545829490456,190.40921378073523,Val
179.51174855408442,258.4239243917288,Val
112.81162193109951,198.69259039078736,Val
160.57356686919934,212.42641790668227,Val
184.21397942498749,218.60345845245038,Val
66.62408994583103,140.85705964619896,Val
229.51661949192146,194.96504316706236,Val
122.06736578138101,215.9938685860449,Val
286.0684175890543,200.87254493784738,Val
283.24893281899926,209.77552623036735,Val
207.89109358808474,196.0980600764831,Val
206.51669526151204,210.719768714127,Val
189.69025193887808,212.64431254394748,Val
125.58053728277437,136.26563001866927,Val
160.22306779064797,189.03633566153064,Val
210.085120405721,187.50417037523968,Val
206.4286425435168,174.99820482503756,Val
243.60943243720533,244.9824798991776,Val
93.57482690315817,201.47582826217908,Val
271.22236035584433,212.22488359188105,Val
287.6145539410155,189.05082215103556,Val
217.0080435283963,128.78236076503075,Val
325.03207269233496,153.252013784756,Val
355.0456571829949,209.73305804665307,Val
293.46754380671416,201.25280357534004,Val
258.1395703828766,227.67934887470784,Val
252.18294725601658,250.85549551479826,Val
278.62765400448416,203.3500117998867,Val
324.7674142568777,222.24821215471454,Val
279.1903970103655,175.3911506263906,Val
253.44154959484496,223.30143704952573,Val
169.26384745360002,205.47666106917598,Val
177.54608848650605,197.30769438918068,Val
94.7763763730422,203.8549114871878,Val
215.38287513515303,199.79221269141001,Val
219.47553082291068,209.13979822551948,Val
256.42867566614194,193.66244174065747,Val
273.965747571669,230.1047630230958,Val
234.53130271353734,245.1832375013861,Val
195.7941070085258,203.95207603902423,Val
180.7238764863508,228.18411092522254,Val
176.55621715591803,219.091891030547,Val
117.85788107131313,154.22321962364626,Val
144.76505950483838,176.46079923063354,Val
153.66307043900937,167.66935675607394,Val
224.8442001250728,205.44849611659762,Val
107.78442513239733,196.22929180681854,Val
310.7400359992481,268.46473719611123,Val
298.9136319238636,261.6256729840466,Val
231.73253365074473,246.860582992775,Val
280.3802683597854,241.9463951478618,Val
371.6354768542537,264.4058218663834,Val
341.21511048099563,275.1033154203557,Val
303.71897137855376,301.9421537690795,Val
319.34723497281516,227.61888756060532,Val
300.90012107271536,297.7517995436868,Val
251.2491895110643,262.8903657410752,Val
266.5549911618865,224.23828953316053,Val
283.63045877777284,221.5161507691854,Val
297.0932363511239,231.60130172336565,Val
365.05445540576744,314.41640970856,Val
238.07119847966635,221.71351597757842,Val
176.48128093384952,240.19204721082576,Val
212.4791203989456,211.36999360279427,Val
111.5262489149276,241.2722346779234,Val
220.33915704855445,217.62948398211594,Val
323.98476042872255,230.9954920035742,Val
250.27449112215749,208.64992940822148,Val
261.7710307058678,251.81396601840697,Val
237.24429170183691,282.39972690679343,Val
221.8383724909326,205.29690502727058,Val
199.0292135407414,215.2180343396422,Val
157.9006761332002,231.5591944380141,Val
203.46514121749527,150.2918553432167,Val
198.95692259585292,178.6136258897229,Val
272.76932808234835,205.12139640898263,Val
326.4718347033238,188.79401347240437,Val
309.83799107051107,300.7305125285809,Val
151.68163263173932,244.82154754286856,Val
205.67985511025358,229.269879938997,Val
229.93607317486484,189.6390444693673,Val
176.6646044419241,122.93905550592874,Val
256.98905972140665,198.08610058476282,Val
290.40031797801373,226.34264835667793,Val
342.1270565689049,202.17753317621447,Val
339.4022792857169,206.19765400854922,Val
308.12569042596107,194.3442870633969,Val
211.63242267077595,228.7747091413806,Val
204.4156514838042,227.11923050647465,Val
208.19742577627932,188.8963718494909,Val
142.2040428228021,158.28187263154663,Val
182.69335037294465,190.28469555286978,Val
297.2150498755482,199.75955764291425,Val
236.6974622622075,198.22016705051283,Val
237.33936150207722,221.20010367376597,Val
170.0778849866821,214.49281810096315,Val
325.61508722164484,303.5963544726837,Val
348.97851302577544,258.5880567894595,Val
279.62631255943785,259.46210507673476,Val
299.7484359925516,241.09412694747363,Val
328.08481103181975,276.2470134213109,Val
466.4909084888722,245.16547025530633,Val
409.9837547838747,271.24652292963816,Val
418.8453872640255,269.20321279783315,Val
365.5182470769787,216.44477801514853,Val
334.0885709294695,313.9361933936521,Val
282.3541539093834,258.37335472164614,Val
279.8885565992124,247.5423096277377,Val
338.6225824400254,239.62078337581195,Val
411.61200514944267,252.59507044008217,Val
362.2431062640052,229.071640762105,Val
398.3915586528364,314.62893604495696,Val
292.1598336434025,291.4939984013103,Val
200.60524629017152,223.56487148018792,Val
217.8803171425678,174.29996565040466,Val
232.7149489574616,227.15846981894921,Val
200.24225403362126,181.90977156230178,Val
251.96186814293893,221.64698288861337,Val
308.4940567898329,202.27850089978514,Val
284.0803010983546,216.1100887762023,Val
325.80115971017426,218.71971350867673,Val
224.00408632473057,193.89571505324463,Val
206.60537182292498,255.38314139119325,Val
228.15422318540595,203.28241725731613,Val
142.77539750641088,153.3642257982005,Val
175.14574132534835,217.59388899145978,Val
269.98743757450484,207.0170562052212,Val
177.04003598189718,192.10314334147225,Val
222.6834800734958,268.6592845324756,Val
190.33368274790624,207.5745421964022,Val
243.27426846623456,275.72210581150847,Val
264.1212884373223,268.25260284017895,Val
134.13487449433535,293.78889278127104,Val
173.85379279521035,268.71597092963407,Val
260.5183244780361,271.3203986587002,Val
340.6754166182173,280.86277764794005,Val
304.572136900345,276.78970704518696,Val
306.1502467251197,304.6026064619509,Val
263.4411398173938,238.80741025159523,Val
225.39129732925022,300.48744780332277,Val
232.763486474942,261.8621821669611,Val
182.5826716366802,251.9195185544719,Val
218.50738335459027,281.22625400431747,Val
302.02831505859075,265.0968261874449,Val
207.55890554458273,199.21037952295617,Val
275.8512464481504,329.63903279602476,Val
184.14452019141675,275.57865649078457,Val
184.39614820713933,234.02929472168313,Val
210.46632476450395,222.92459899106532,Val
133.94470230240518,237.12203690223762,Val
140.4423595148795,193.15748031355642,Val
319.55996937916393,252.0345609622548,Val
261.13693040349875,203.0955494891468,Val
254.08907944426727,213.24107204615282,Val
234.92887900271216,239.14591004072713,Val
196.3587882732226,201.47545890260398,Val
189.6616179388277,232.08217294979352,Val
216.2565687875372,229.53196349507968,Val
169.24079552251789,161.46169207944402,Val
178.98106112860825,206.85575562014486,Val
213.29900038394237,220.94285656015632,Val
210.38976224281075,198.80660454878034,Val
335.479725996334,297.4973116735407,Val
158.4034036762877,232.98623423239843,Val
218.1835355421835,241.1693859241497,Val
224.7999107239758,193.309971967153,Val
212.54255991379273,135.72173106922688,Val
200.21483793762124,193.62792584326402,Val
277.3339105277855,226.2862516494154,Val
291.58254218988714,194.80986595777213,Val
273.0349039861873,215.23125533974462,Val
252.06552210657048,208.44738829896164,Val
182.5891426933776,236.92052209103548,Val
202.8547140529302,204.46540689438982,Val
199.57185740957533,188.59578353643673,Val
180.0756062951219,233.2768470760722,Val
184.6571290421681,203.6446320562119,Val
312.6472835063931,194.41301492147167,Val
205.72050694842306,235.7313424046026,Val
211.28818893970154,193.41184539029578,Val
224.86740757373204,238.3545187468182,Val
273.03391400892815,257.8460998032445,Val
305.32403725500296,261.92042060377366,Val
205.6745513877116,300.2270566754573,Val
248.74705945463865,232.07754261353918,Val
362.8208648018941,275.1271077962953,Val
376.7987766648755,275.97607658814286,Val
306.0296382267744,294.5627155361771,Val
274.1460479100687,229.88518983620753,Val
282.0815095948088,306.95051303345963,Val
232.98464950940706,205.178254519124,Val
286.5604222375775,277.43764217359495,Val
296.9973255400554,213.79567041846332,Val
359.3043175433636,323.27494826092834,Val
241.706181214396,283.98087048518784,Val
197.722787124522,239.6627992374835,Val
192.3523230242381,173.2180172649937,Val
205.87718872561334,232.62180576832714,Val
155.36058374393866,198.7203988229939,Val
213.06915764826817,217.33353364874773,Val
271.50169162713655,216.00363312238946,Val
334.05352629920486,222.9162667771149,Val
387.76931675450436,270.37036471269306,Val
175.01462064357918,192.31326037231506,Val
179.12307468081008,221.25839963521292,Val
200.17898418264798,206.1361792901302,Val
88.82792797226912,161.9756772464646,Val
126.52405527901891,231.68984687577094,Val
173.36550886847363,212.40444528125997,Val
208.79897222502441,259.1920783872734,Val
143.9093377590874,243.61928342444077,Val
163.1064081658192,214.57149612469544,Val
185.8807284526816,179.2337972559332,Val
112.64685172059369,222.13140843333127,Val
202.05153728115295,198.9987013140466,Val
174.58324553506992,219.50526172818923,Val
262.45968441798885,209.58378531568601,Val
251.01522138324324,218.45300882696057,Val
296.8883178396935,221.7476855759275,Val
154.6851497087136,194.04137326502328,Val
159.20700482484298,229.31846437163514,Val
77.2023625270661,161.75005311837882,Val
116.45109411798009,224.42736153341676,Val
208.05792565110218,218.5804940557166,Val
118.36921592215722,196.87501573734542,Val
173.2831518303943,204.66538068934352,Val
140.06809676933548,194.6736395535901,Val
165.12937999055714,235.3700425817279,Val
173.37161383460767,190.07185455671168,Val
177.95047599456876,144.42633998802717,Val
201.48956269171143,159.71921547637106,Val
170.70741958537462,214.35411288069363,Val
241.9005671550047,206.9692140525209,Val
200.0338634388115,210.07858943795767,Val
245.6929889068963,200.27427753951787,Val
152.8902533740163,194.1301749845217,Val
165.8532699766824,220.431272018349,Val
194.99792786192782,185.6404108378728,Val
108.35505589482565,167.01354381814704,Val
127.09581898275829,219.52161126830975,Val
230.01706856218232,208.8025084301638,Val
191.453287540595,203.33216317307418,Val
193.62927493654868,194.54996483220762,Val
160.3664304391306,215.5804343798335,Val
201.4872544250979,186.8527004692429,Val
247.88874451160234,216.00802925019204,Val
171.57386154488552,121.19806449610239,Val
235.1892489499,196.56470506308153,Val
425.4343253905636,234.5450569192609,Val
356.63494110069354,193.84983037723913,Val
282.7562559154069,238.34924443868567,Val
311.413941094835,208.6807234866568,Val
199.1742980837692,230.9600320229046,Val
217.35259269980415,243.0663667083304,Val
225.57786018190785,199.63324586108834,Val
147.94881320474624,234.06928161479877,Val
177.59459228718066,183.10942946273076,Val
354.9164911743118,201.5225429313978,Val
235.4129935296923,208.51704604983848,Val
243.04041792480717,234.1204485925761,Val
171.08893428365474,218.43782658359484,Val
299.48687288537093,292.5620780624467,Val
302.9940938678694,278.05206359758057,Val
216.39058718402492,300.23353690517223,Val
226.2323963712937,238.57051924965913,Val
394.82493806912316,281.20468593084405,Val
396.7124056179331,277.1809482566867,Val
400.2015183579054,302.0533340810654,Val
296.68798996266094,216.22298651975996,Val
297.98699223067877,305.83784583551414,Val
269.51102883187525,270.05938377638716,Val
246.16335165368807,253.5610786436946,Val
313.34886487606127,246.57871443246174,Val
357.0155222816446,267.03922099623713,Val
305.4121307862124,239.19479486604217,Val
355.03532233107626,320.72947928872435,Val
230.42506608595593,280.9856431350934,Val
249.84279539112094,238.42565743663798,Val
263.29134986699944,278.58344527127895,Val
133.37496167212242,276.4116410594441,Val
244.2479658869063,207.54884229770326,Val
308.3288565488,233.08691042935655,Val
307.3315612227377,210.22752624125937,Val
305.85730646078474,261.99766426442415,Val
308.6216135499374,283.74429968000226,Val
274.05019149061445,222.57533509462658,Val
241.15469921660423,234.65506591460115,Val
219.2527656845146,139.70810198835886,Val
243.94408895152563,177.18691761128966,Val
277.4264521482165,225.7494714216945,Val
262.9087212742744,168.30407375419807,Val
361.8958503047733,314.8282571470298,Val
193.73025529390924,220.08652282617933,Val
325.21903923776455,253.49263960182822,Val
337.32498108703135,258.6514075697619,Val
260.79120384149127,251.16902082128377,Val
267.6019063814145,206.75309298817797,Val
411.9498368066505,241.09488958644496,Val
455.1064892328783,215.80744708284257,Val
425.4920091095757,281.2744815167453,Val
372.7235801683006,268.11532465156597,Val
338.0897880177437,219.95985104778063,Val
335.11131211957616,293.1185017732492,Val
295.28891414818844,260.8439105100694,Val
263.47597455921186,239.38636981288715,Val
332.5169002817198,198.41947768388027,Val
433.61224359488574,230.94787494522936,Val
385.2167565074801,216.7036519542391,Val
394.2858238001389,305.76687485948054,Val
274.9552458551759,291.4289844041095,Val
194.55683994016567,239.8137213734869,Val
213.58382713830474,204.754692873613,Val
131.9915568173684,247.8784639013589,Val
143.6031738844421,202.00186079816743,Val
288.4373372758307,251.29219775816264,Val
249.61943934888671,208.1580567572435,Val
285.59539293636783,241.7079228190014,Val
203.61212284791407,247.8334465424953,Val
210.32577353511897,189.2419021107396,Val
182.49613190758302,245.05747435649806,Val
176.52968082320209,140.36432325518265,Val
192.8525689143608,220.78491409472906,Val
241.39346399233062,210.30866255569336,Val
243.13322644436846,197.85833010577372,Val
356.11369000395274,318.90502350653065,Val
158.24828627170245,226.86106231348572,Val
179.77032145933268,233.97718301150934,Val
172.66737152063104,214.98834569693506,Val
208.93641560517418,152.82559844490095,Val
240.2295136167208,157.08429572323243,Val
206.77370758188468,240.74488911721886,Val
264.14954514067597,200.29670731583076,Val
210.51129353907663,243.5548838739401,Val
184.2415948373252,212.8908482178302,Val
164.65315630465142,206.13190379257517,Val
203.76842347996768,210.94066814010017,Val
204.24318635350244,196.14237155793185,Val
171.00422954369208,182.7511462540421,Val
210.85414519957038,227.44513887431404,Val
223.80991240197574,248.25489036809952,Val
188.12946376843425,196.7897984891381,Val
187.8740975732312,200.64227834815472,Val
200.9680056534637,248.88097086622827,Val
317.31066256236363,299.7539661568573,Val
325.58370256346313,244.41109835963815,Val
274.2262588037767,304.0272547082396,Val
281.15819240223937,257.7790928154829,Val
426.9359233542993,282.09581968546183,Val
359.04420356739934,291.6677823983176,Val
422.9132582762661,304.5087441719224,Val
282.2306321379303,245.107310402452,Val
295.7620906609159,314.416484804939,Val
263.3173516612842,245.05631064296094,Val
328.9860590738452,219.00835318755196,Val
243.59395070852304,213.43588630663947,Val
352.16035309175373,314.5271445352873,Val
265.0751673763198,284.98179147921866,Val
204.38964812076574,232.49379420207865,Val
216.42054439696489,191.80243440666044,Val
162.86296236091974,143.99116592254973,Val
223.65713209528695,156.9152774821085,Val
215.04594931586973,258.49922773643493,Val
272.7499087333356,218.18344972402787,Val
215.57774981062073,257.56100459203805,Val
197.60515238655404,216.0749702615952,Val
207.91403681682766,199.08320308947816,Val
204.06655565419896,215.2982692345705,Val
182.83167800068907,196.71684181883856,Val
215.3421571175781,268.03386655059,Val
192.35196983570037,212.5541645573166,Val
274.6186445154898,224.96196838075335,Val
199.27874365608392,223.82849174778815,Val
218.13814215233162,189.6299810193254,Val
201.21001990857798,229.66753226646483,Val
253.60857353193177,228.33333922423915,Val
269.51153091715776,184.43881531802842,Val
218.31537069452293,116.58762640343313,Val
248.048739695503,146.05016650668617,Val
537.7221595942773,230.18363234727755,Val
340.4076715913212,191.12515693226658,Val
295.94254933529044,201.79332696031335,Val
301.730983696981,210.75662345900957,Val
235.2235184804719,220.74537035033723,Val
239.80203480942384,236.91450219279636,Val
237.44161810000293,186.55805765026773,Val
192.8925544371893,216.6887603699366,Val
228.07390742307905,197.18555530305017,Val
269.33078157270864,207.49626330630954,Val
263.985601789122,200.94357092776224,Val
218.3390199048739,230.0060252272208,Val
219.2121992468255,223.9092301369869,Val
222.19475824492935,198.009174778378,Val
157.68084871496114,148.72135433562534,Val
211.9973413763252,151.9733107819945,Val
336.2909781275566,205.48959632785719,Val
243.63527431435045,227.54416446201654,Val
224.08898871823834,208.95443514767294,Val
183.2341776350652,207.4677223126557,Val
209.86981218509771,206.34881751053726,Val
164.31933889468198,177.54020941004015,Val
162.66587400840982,238.20803324864445,Val
188.05167621084496,205.28127982519504,Val
215.26944108854894,214.09747526521735,Val
294.97091277100066,212.12078763257836,Val
219.31243090427762,197.5824415717402,Val
222.19853520038063,222.9093659293733,Val
134.9275076551184,238.55211783156508,Val
162.29795175979083,171.93116516104445,Val
163.46305252691448,186.40371873019896,Val
169.53023063719743,191.48345433820978,Val
121.306863173418,233.47267332345007,Val
252.60484307597778,208.74595265632772,Val
209.5510255853834,213.36531407403623,Val
233.5562406859175,212.7289320756682,Val
125.92880613632386,197.2416844380862,Val
127.99795974125246,237.28655340528442,Val
209.6707135259822,181.73135141853922,Val
66.15773557786692,170.73527521512736,Val
103.07307017003322,231.8894833670695,Val
195.65541754572587,195.78094333924173,Val
140.50393275479755,200.3602958177743,Val
159.35928554708227,203.07735867576278,Val
142.86288370228283,237.9216890948667,Val
331.39044132615464,229.9505254023372,Val
350.6030803568983,194.6794224949144,Val
347.0449172983677,143.78644027217825,Val
422.2036870046255,162.0123443580584,Val
322.7855148276139,256.2344057971145,Val
432.28560916079033,212.60407472475893,Val
400.5861175712179,201.57479910879866,Val
355.5365824947312,227.52929668480158,Val
332.0578355592319,198.7785021288818,Val
322.3603534915303,286.3314737670687,Val
352.42400464255707,212.2083011003075,Val
441.962326134253,241.21441590083202,Val
342.03669322202234,234.4650126313134,Val
365.66551362046056,182.71244925704312,Val
335.2774830972951,247.39980723115065,Val
184.33381138991876,238.96688944593265,Val
201.69447331115663,195.55761659531456,Val
162.104401080507,139.44777976247016,Val
193.12688440072995,192.02381659672804,Val
225.96460839410082,223.99140791417608,Val
283.90759109360783,183.44848793583094,Val
195.08617153197451,200.21204526503385,Val
236.9553930509765,201.1138812804493,Val
183.6781107622863,191.29001447972425,Val
183.96821056062458,207.22978548302262,Val
142.79024048874814,182.73482305408984,Val
162.35628952800178,203.64675652716193,Val
270.76156195724076,202.08355345573747,Val
176.05198767351476,206.74455960062764,Val
191.4913390412057,219.4222474615416,Val
187.43923186553576,237.67401141243815,Val
262.32577405206445,212.90535554711317,Val
282.3632211921599,255.44536415111972,Val
166.38298790103335,278.5201751027676,Val
232.82586231640806,228.13724744115743,Val
285.88388441269586,261.63236119721176,Val
357.99866760704333,219.0723355327794,Val
312.63586761835074,276.2145004011627,Val
251.54347071923434,283.74595391978494,Val
282.74249774819,188.7041290844742,Val
259.0520871856033,281.4343345751738,Val
234.76619719785208,232.36047316818804,Val
210.76899211568724,130.0180521969213,Val
242.15722343100776,187.18816307589105,Val
340.95738792364824,229.59272164084342,Val
243.76901618778095,184.948631560631,Val
348.1365443502948,307.8525836699843,Val
221.8476299815788,221.4187403587806,Val
173.8187928626929,241.86405699086754,Val
196.7320065930368,194.7117732387724,Val
213.3876571107567,143.18443043012633,Val
205.21011295425774,160.1634922863176,Val
195.48774789932799,242.0928041612578,Val
266.3646818303221,198.22584692156093,Val
224.30964848323055,238.5124193141895,Val
206.8716459887606,235.45527704751007,Val
198.6323906156225,205.82123939061734,Val
199.95177075050262,181.64606588772466,Val
210.55816533812686,201.8937626792399,Val
164.70577857082463,177.31283641271148,Val
188.4392211550209,203.02557290869368,Val
253.17759041657354,224.72899433468646,Val
189.49432041397867,216.69397040114964,Val
191.1273806379681,226.6770658590629,Val
198.7384173796152,222.20780998099949,Val
179.6727021760866,242.66985030066175,Val
210.99873146348142,183.51253782031137,Val
220.800717872924,137.67032525399608,Val
210.07217123866315,157.1753990650291,Val
199.51992067359515,231.52761090469488,Val
297.2501914300966,182.05361461989764,Val
270.0378553562592,191.0910441042892,Val
223.68203586041255,210.37289322107804,Val
186.0959241040876,225.6853693018462,Val
189.7523435211953,215.62999848120492,Val
174.49438065144554,186.02748369199696,Val
103.27203646384265,174.16103966344951,Val
168.14067156317486,187.35456013447578,Val
260.1760457252492,206.5768358636178,Val
259.19916438999985,195.8921650241857,Val
218.31860259122502,207.99985972784006,Val
147.82973082504114,228.95620012972694,Val
138.6330146584117,225.14910033803014,Val
142.3224151768097,223.69701500910435,Val
114.75220183774343,164.70094688299153,Val
155.93796763017707,201.40262084951388,Val
246.8905435793946,221.4109410912149,Val
273.8482262048577,209.69888494599448,Val
210.4389650808585,221.13893847379293,Val
263.90912631744567,200.94749432127995,Val
146.03634177078538,201.29567794194344,Val
150.89905666721504,210.37634908315195,Val
171.26458166185077,230.7991834613589,Val
91.65301057365258,142.7674433968294,Val
110.57444905145505,190.5853293328325,Val
207.03367958974513,193.60710157180185,Val
124.05436138413413,199.12583176986155,Val
199.97101736979775,289.0747994899559,Val
105.5615090199451,203.20483409693458,Val
175.13135092436633,214.7267249884928,Val
187.85425483588273,174.69996606500834,Val
179.42347711721078,231.08909664472662,Val
160.49592167336112,181.5461393473386,Val
233.5480779291122,220.75461205222737,Val
271.27947696874276,200.36716567570022,Val
229.12108901343373,213.87017700003113,Val
308.2302221535457,209.1068899760921,Val
183.17070645498885,191.65852892574887,Val
178.92125216763156,231.87736910301984,Val
94.3392228587691,160.5360869094549,Val
118.65909208346633,225.6351722164364,Val
224.6067012065929,204.3912581114682,Val
182.30228760849494,190.6328165727909,Val
185.45970558959354,253.22772058753105,Val
158.4147022458694,215.2066426927617,Val
137.2996124434295,225.73909668743582,Val
161.17266615166773,182.10911669235674,Val
127.25814700283279,211.89551242025158,Val
174.40216510091017,147.9919237402477,Val
150.72337687788354,219.68060066259258,Val
259.58768574722126,196.6421986658669,Val
253.12631359235772,205.38055310453328,Val
209.5700106662413,209.88052544107273,Val
177.0559884421028,203.7022684883343,Val
140.34879548854,231.05898926289112,Val
183.98452654935343,195.8404841013581,Val
65.75470163039657,153.82816165596765,Val
114.61700910416465,200.253102605355,Val
189.23540269310587,191.53371503131154,Val
195.82812508243686,179.17098254228384,Val
171.33455914096743,252.80175438811023,Val
123.22863148238741,198.94485358154267,Val
115.16721920107756,212.61674259306173,Val
128.00442179952034,213.26279854673675,Val
35.96214149246468,168.32024464800404,Val
108.85335985456955,222.52518163732978,Val
120.0194277009657,214.3528235470907,Val
202.81614688327218,204.81243004995,Val
272.8138266984928,239.5003255237828,Val
210.08000026341614,215.6377517131429,Val
132.2508680745785,220.0510844157191,Val
107.32809183538305,221.53683685559488,Val
129.86371499117593,214.59989775691272,Val
44.8984746570805,141.54351895898535,Val
73.94242081412526,182.83567151331113,Val
168.95750112290563,197.25587365586543,Val
120.81287665348735,191.2545629664971,Val
214.57484374097777,303.8005083787997,Val
55.879463387252954,202.16357312422824,Val
192.25183631144503,224.04216096100927,Val
215.56309174894136,203.16104001758936,Val
168.8806648918456,244.01014327951617,Val
131.75593778593202,203.74139027685163,Val
317.782654030294,252.13913518531615,Val
264.0715418540277,206.530067019533,Val
358.3494121926623,246.46954458315295,Val
294.58649387406524,237.40766633147388,Val
225.0433756168748,188.23529537016714,Val
189.46259335540117,232.58116827710307,Val
214.27722247647137,216.11651405906258,Val
144.82982830370048,157.04498093350782,Val
184.51512554847983,202.03777587744332,Val
246.13640556911488,199.79200872649514,Val
217.10367416037874,207.70222798784968,Val
352.1714107262509,295.5482525538459,Val
139.80026683384045,240.10142552173943,Val
200.0735205227547,237.953719370262,Val
236.1760096963034,216.02621675019824,Val
175.9849839888471,288.65076706730974,Val
163.3545787510769,234.08678829147917,Val
248.53841825674954,275.2651075578658,Val
297.0476211162244,231.7539806812404,Val
389.2934926204066,277.5247208594356,Val
212.94997732133942,267.3326609862714,Val
243.90088372974574,191.48386685596427,Val
214.53005064004466,271.67825445999125,Val
175.81840003148704,275.35446605607495,Val
198.0774509662972,205.07508457712825,Val
207.99384575352025,212.4010826542795,Val
188.62672699721145,225.18933404791548,Val
255.83592139220332,231.57226257891486,Val
372.95308520944576,284.93630263674794,Val
203.23826710557037,278.7111169686824,Val
240.45364619765854,227.64556086560287,Val
265.1265333566579,243.66017947707616,Val
179.8034742473547,250.75086223178974,Val
241.61999765388023,217.1306498279964,Val
324.20031248013413,280.91046598803956,Val
336.2341828517849,223.43931863777465,Val
314.02687419820444,256.809900076347,Val
267.2780624680548,282.1243006537013,Val
278.0212911132603,202.11670305058826,Val
241.5823076551215,278.68852470486706,Val
197.14504398702223,261.85134099978114,Val
266.05719659701117,181.98919479349922,Val
274.0742928626896,190.6944294785591,Val
345.7388569401936,240.00035615216095,Val
354.19347426688984,224.81723865181698,Val
365.0139468481357,310.2289999253365,Val
231.07389670918207,216.98253029379018,Val
161.94555318439188,236.16018820530135,Val
178.9553308962734,182.40370785769187,Val
178.29084474875052,139.30630342591053,Val
169.46085979123504,146.1772722938538,Val
151.28332830471243,233.5302508529468,Val
268.38197587351794,199.1494239691822,Val
184.0860835762706,207.495737141129,Val
227.81153600683214,189.90014890886226,Val
124.0878335696985,197.7406187945538,Val
158.10562064818834,185.48580512218905,Val
152.82635874944046,188.10157531512792,Val
80.92866316418684,171.39038988941337,Val
129.58417056877545,201.15140726742013,Val
236.84906015425565,196.11550899909932,Val
212.16011042059853,187.48112014265342,Val
182.95596244815673,228.45903587489047,Val
134.36114228088368,230.1053619781524,Val
165.74612033390844,225.5651031065579,Val
199.7050037491066,206.17851147583522,Val
184.0433796344523,222.23825419457128,Val
189.7951465055354,184.52824366177418,Val
280.2649817786515,234.46713669849635,Val
278.009072394062,208.25403682844765,Val
308.7533224748119,218.78882552692525,Val
305.5481011978303,231.76951238719892,Val
216.10501040602912,188.3539259283285,Val
209.40762794109983,224.84634813952053,Val
212.6547933221501,223.81863198496615,Val
99.83606058968431,126.18045663715019,Val
166.79505829428348,210.66490943032176,Val
292.431879795952,196.18753079484057,Val
158.25852227285526,227.7209679844401,Val
211.10327135457993,279.30292297360506,Val
117.67203047868426,207.14287116001893,Val
299.8875955003872,294.3394235078338,Val
298.69927555050793,267.44853201580327,Val
248.08755979857096,258.47961552705794,Val
296.84136094358547,258.3448782225932,Val
247.53505918783316,274.59360606208526,Val
367.3432977925725,289.1783085879405,Val
359.0721450333232,289.2710738635767,Val
361.8872416412158,304.08316343808536,Val
312.5082504104712,232.82430587586018,Val
280.9775914314671,294.72917792147234,Val
241.6724861697084,281.9604452600052,Val
285.61778231774815,253.60289592930442,Val
340.04525428007224,269.8258662289172,Val
235.43260401785338,230.81303454302702,Val
369.1114252216671,312.00893629162783,Val
273.8550883220613,307.31053109282783,Val
143.3497558585035,225.14792982843812,Val
139.5498358580069,188.51220981582117,Val
143.7006632069064,227.2184977098607,Val
133.92589837365094,188.79553142389568,Val
188.9207392974231,224.31111613420273,Val
270.74290019957067,206.06965940335942,Val
218.2140575788591,216.9037272116154,Val
292.51481792257704,223.10739648114983,Val
134.6108592962712,207.85658577410823,Val
144.62479162509413,266.790686326998,Val
200.40993115557495,199.44566994121587,Val
70.91419220742185,135.23594205425658,Val
107.8465305508906,198.18386541171475,Val
127.52586743882573,199.83371000724665,Val
187.00920288307248,282.23134240612086,Val
90.14731901683376,194.0265656987125,Val
155.93816272210898,229.9103457389729,Val
163.20558703197304,180.12741391700558,Val
173.85505687409898,188.04417306389206,Val
185.57647720209536,181.13686422048005,Val
122.6264157601518,218.86774712534358,Val
234.1566789342961,205.60267305918973,Val
237.1378190606535,207.0411315998567,Val
295.88634561502323,225.2793628103659,Val
128.20910278803825,192.24520522131056,Val
147.87458411126266,224.8651639961423,Val
95.7286408290866,161.50742749582406,Val
123.08684195956627,220.42927077615732,Val
224.26733712681357,206.5443203556918,Val
161.72090841453746,204.88240432700533,Val
156.1232182092958,234.0681816658655,Val
138.5059827054334,216.33711475000766,Val
288.5836886390419,286.810699846277,Val
303.6819105663955,226.1803631657985,Val
223.99923593402386,248.6634623176286,Val
187.90919047331423,226.8200385372403,Val
261.0239541629624,270.7896239414855,Val
387.8068811459237,231.29061735481164,Val
412.15220127529295,282.26469864619764,Val
312.6427269818336,283.845712054191,Val
336.3275737389639,182.27091333193366,Val
306.6778594477426,289.6476523668597,Val
257.40815063596176,256.3923091416529,Val
310.1564122253096,230.28419999634923,Val
293.3605318652551,222.27049728700314,Val
349.6898761927625,238.54238259869632,Val
258.1997309073838,228.85931089474553,Val
448.5555384756557,316.46270447155626,Val
273.3363597094641,270.2964067511491,Val
179.74679764497833,204.89157955227176,Val
195.40439184666815,189.83600527613154,Val
171.32101642699772,271.9534062140108,Val
115.81341042842786,221.5463637098047,Val
255.36272898347283,252.40675179591614,Val
282.0697773422065,221.1996902191302,Val
329.2188758719917,250.78130535046805,Val
258.55988624906104,266.18104116976343,Val
206.6959101962276,203.1183410493448,Val
175.53733947064927,221.4791263009344,Val
161.50219250997094,282.14061015426574,Val
123.80327190181906,142.76647248534871,Val
160.03598057195737,185.84667660055283,Val
228.8692134865681,204.1618513318846,Val
205.00325720639628,219.05640755632632,Val
342.96644867843884,295.2996740155266,Val
138.5778870801061,213.49393482761937,Val
157.6857559591561,242.80482472939264,Val
148.47640247180505,205.82511962455408,Val
84.57728108505015,220.7514910107437,Val
124.09235560017379,161.92517762141463,Val
216.39965131295114,248.4831655249387,Val
222.17616410872148,194.5382550926209,Val
259.12909334124214,232.00644579714958,Val
287.4540992022887,264.49636071943377,Val
192.6919172619053,183.41538460950423,Val
139.1533172947535,224.05416202478122,Val
61.734404839849134,158.70516420165708,Val
99.19356749183102,198.02009178815248,Val
164.08313955009135,207.05668598151144,Val
117.48165928739951,185.2258178908002,Val
271.76922139767987,294.5334913497956,Val
96.19095838439105,193.58171741178157,Val
156.1337314200648,203.68075841287734,Val
163.86615675401393,198.7492412602691,Val
58.88700157816075,180.7519729107056,Val
124.66995912622005,203.74125319213982,Val
131.70933221700614,228.05980939363704,Val
239.2452502747003,198.52118616246509,Val
272.7672632341498,218.90623305739842,Val
198.65200009737288,201.77298160508965,Val
180.90104921828532,202.80688083456545,Val
142.29417356412927,230.17341672149297,Val
128.49048499853583,230.94366646079445,Val
68.55031878881022,138.15485861592165,Val
118.89533040831617,182.518822889353,Val
224.63102749705976,199.0523583483939,Val
183.42383543594337,176.215623793739,Val
262.1774875833189,234.5865020746558,Val
97.52328662128335,206.19937783741207,Val
164.79178742776065,233.17013352003588,Val
183.84243656078633,189.67853536463755,Val
169.69333084413387,156.98697561127545,Val
192.20441832894937,165.32623216442462,Val
199.67834016169394,251.5602396341911,Val
273.2492771970354,219.6313402727623,Val
190.97804790220164,222.7922639172861,Val
169.0689498112787,214.30747139624194,Val
186.94472349488248,205.08960206183517,Val
176.36677988110551,192.56112780617943,Val
217.94547823833278,198.24206714354787,Val
143.20320463499638,196.9405928274639,Val
182.3591510295238,209.83119981010495,Val
217.95087225446645,241.473273598908,Val
190.77028578986605,207.20402402268238,Val
171.47788008929643,200.6517772964412,Val
190.2592477841557,226.2803642070733,Val
129.7254108290773,244.36577638732615,Val
162.00137936222436,183.19943064695815,Val
164.40428387807975,108.2809849240518,Val
165.71864535290632,167.753014463144,Val
188.50199609335522,228.30195818744042,Val
251.2466884669588,191.96589650401936,Val
207.44387215045322,216.6369116034675,Val
237.07129916610458,204.1976547110492,Val
126.4934563999633,227.54405935935804,Val
127.31229534026144,212.36582018286074,Val
150.09267802422949,178.6117878084613,Val
80.4198773689289,178.50636175284345,Val
106.22489599611454,199.40122231256154,Val
204.19865124506856,200.0807454532661,Val
134.14530496633677,206.6770549967851,Val
161.51320012150865,216.44709540086353,Val
115.70181912291504,236.28836830767307,Val
343.4705813512816,302.9772821246922,Val
373.6223799348608,259.4630443959064,Val
274.43099190732494,293.8965987900491,Val
352.40774136806,231.49486677500911,Val
352.15759081027807,262.6281508030158,Val
452.8145095180497,253.80786547661913,Val
424.03934172149906,273.18046123420976,Val
409.70428201417405,279.49962425861156,Val
343.7346705803128,198.67670542372264,Val
384.72107927790046,302.16930442702744,Val
316.10757336323144,241.80039822573283,Val
367.9704944647733,232.74968736106572,Val
411.13588973144374,223.92088176968795,Val
447.7713758168504,320.77474949602333,Val
305.8960330391503,299.752238114937,Val
132.08073116292707,213.6260463854388,Val
161.8963806456797,217.44336591594862,Val
73.64596712854626,142.13323697630315,Val
156.7061038498196,180.73629649683133,Val
84.22574004742604,227.71699248332152,Val
300.7774562482326,201.60233173388306,Val
273.9295620304471,203.15364205859584,Val
240.0552457494164,185.4836400838177,Val
183.02770577684487,207.4790966660401,Val
138.20878175785452,213.7390928855491,Val
160.36674575146338,199.08257504586211,Val
83.43067243090596,138.47212955216804,Val
118.41652959467517,172.6947815573838,Val
189.70017869297504,196.6232671260215,Val
163.96486498187681,190.36449604959907,Val
199.95003171157103,270.9914868990527,Val
89.72975485517037,198.06632352862928,Val
254.6623501812437,282.63521635974075,Val
267.13319795914884,262.08231032745334,Val
178.71081035545842,305.7028264744334,Val
271.2159865157548,254.6503424956375,Val
304.3234930178705,280.8456172983536,Val
305.069893544776,288.4945093891163,Val
313.0906712375601,286.73456856734197,Val
307.94278625230214,300.0432605454741,Val
252.1227489895329,242.0585709645879,Val
237.03393467614347,293.0633440083642,Val
242.82157120617168,258.7767236060853,Val
194.2371411030437,288.20632381062075,Val
248.9524071176193,267.0562071704526,Val
249.70236574102645,266.842576100911,Val
198.75176919427403,241.31316089491793,Val
292.17980862672016,307.64771414567053,Val
188.0387834158036,300.54877603130905,Val
148.56731141491997,243.32584304789196,Val
164.8775395438738,188.968797666095,Val
140.38166919716718,131.84616452775597,Val
148.37848013019405,155.14320660963253,Val
189.475493244714,229.1827451070873,Val
228.41114254427995,198.06839569220415,Val
187.68368969518133,197.91722535512866,Val
219.38565548041106,195.21481145691052,Val
167.48915238525527,194.15124437930524,Val
139.41959826770338,184.52114836251997,Val
201.8871986403687,180.64720305283626,Val
119.92065708162522,169.6914373074291,Val
108.02413089323176,196.79870897191716,Val
135.4600667312455,202.53447852241345,Val
159.8025432493952,228.65724599997122,Val
139.92045006918022,228.96342057104724,Val
348.5076725964217,303.97193878382245,Val
334.70613725996395,286.7391680227753,Val
281.01974619007456,323.172881226303,Val
280.0593130794474,228.17014700360141,Val
362.8098644912935,274.9313306350505,Val
453.1985736896636,264.38219457890324,Val
436.01169523923534,272.5630775284013,Val
361.56495848026236,297.4202185520078,Val
357.769540485918,207.21631413376298,Val
349.05911024271984,306.1596264430226,Val
255.14078501788003,259.30795331209555,Val
319.1405278572142,232.0384250878694,Val
332.6542956617611,272.8083501720793,Val
383.145989289218,246.55427615747212,Val
323.06370253440303,222.9645120457898,Val
449.708765677922,314.42911297191284,Val
320.2941967920944,295.7680575623097,Val
152.42398579629173,220.79851726214582,Val
154.83865426763077,186.7466217168427,Val
159.6408784220723,149.2548784666717,Val
193.6314622332971,189.0243649406706,Val
162.21702010962474,225.00994583575832,Val
227.52626702953742,199.6850045111652,Val
182.81860874373012,218.25221451592503,Val
216.8018387733408,212.75955768784507,Val
118.9657770255254,199.15317222837734,Val
147.35831498895294,226.71065337710442,Val
180.68363161147624,185.22381918510666,Val
110.12124288788134,132.09669773519076,Val
123.02526485422055,229.77929372498485,Val
164.9505546434282,205.57212749169395,Val
160.1732253316488,200.67545056115839,Val
140.32784159820193,231.02727120856878,Val
260.1523631724645,274.153342489826,Val
257.8207362242292,222.3285517366598,Val
205.3691672953629,230.33666740512103,Val
222.6075111370996,236.30237604396626,Val
296.22974220580693,274.91812841879766,Val
370.43954851469425,251.13213915759448,Val
364.93579025126627,276.2576992570578,Val
264.777607982656,271.97140167685234,Val
281.52865329364573,191.76513782199518,Val
252.19785753284398,290.35921836323297,Val
207.72933877791633,252.02598083662105,Val
248.06829719083174,234.97421655635367,Val
241.93160228895948,216.3901892576496,Val
240.56165076850675,246.61219499279147,Val
244.82879209027772,228.18424799186312,Val
415.6305726043476,293.97358413232394,Val
248.46898223318692,260.15940942424646,Val
266.5306224040504,282.640867397239,Val
299.4888963697654,291.95318235542175,Val
208.20814140355344,248.88932975929612,Val
279.726181754554,237.32781337531912,Val
244.07620077182258,274.52758272167824,Val
412.54283552461254,268.96304773267985,Val
346.99419858585907,283.64736237743904,Val
334.61786437815886,296.28479500005307,Val
262.8990294004856,274.29321634558465,Val
273.45945676057363,298.44301928878275,Val
232.32920011625663,290.7899766370164,Val
199.82806730312888,282.75567463747467,Val
274.48277964556314,257.8744894209943,Val
254.6541289441752,231.28220927566127,Val
307.508939430959,324.18078002332146,Val
230.8680086786339,251.93372892169148,Val
120.73754930957011,216.20868173236502,Val
122.76797817180892,198.17739293828345,Val
63.456391578865464,195.6981283867962,Val
94.19124066917587,186.08461364825627,Val
201.30825334418392,224.02370142114003,Val
207.76392927238658,207.12682472905936,Val
224.91790511976785,218.87874692398526,Val
254.58840270507454,247.63882499059292,Val
135.20181445719166,198.86309981040185,Val
105.62480389804642,235.2761099482345,Val
148.71079137773583,206.59264258080842,Val
38.127598660849316,136.85242919736996,Val
68.77337301254448,189.57051978652407,Val
161.11434327362804,202.92189078353047,Val
91.66042357710548,221.86971104127505,Val
230.531502558817,277.08611829135367,Val
62.011579418980375,195.47947197558335,Val
221.1758119073353,239.8187265670032,Val
230.4828023090284,200.04074381090788,Val
243.2345259307225,225.19490226575283,Val
170.58641507034633,182.6552432432249,Val
292.50439780364826,203.15914923237648,Val
307.6129380134319,190.7118114817454,Val
310.24662817892585,224.1315202450068,Val
353.95714496545463,226.5173219594308,Val
203.40372388560462,199.47429862946785,Val
227.54145697154914,226.36404598615837,Val
267.6655625532437,206.13630241885812,Val
157.35968757258493,149.83133950032757,Val
164.34578218518985,227.7222741013428,Val
315.3519062617105,203.35438093227953,Val
257.789852071588,219.8617997999071,Val
271.0100336366861,270.37733822069544,Val
190.5530216827447,244.87805862868777,Val
185.27808840249543,226.87521858593675,Val
177.95918991544085,214.454695129103,Val
142.9008044226845,249.1217211207271,Val
142.14273978167034,192.3938645819203,Val
322.4497308908862,269.80086431220394,Val
247.59941772759151,205.9174902618715,Val
298.0192362695383,233.6124459007487,Val
309.4178963633177,253.89494189971185,Val
241.89730513967112,190.52693113165353,Val
164.6369001865039,238.26287535529755,Val
239.47087781230366,228.3391350334516,Val
121.84948316500981,155.13413223727542,Val
132.67904575447963,215.76724808682164,Val
166.08529717751213,189.76780981759777,Val
293.82440705081865,290.00559535888266,Val
143.65014837222984,242.86911854459797,Val
211.2552922691634,218.60767319110138,Val
224.60090902445654,208.24878359756087,Val
127.81467556121734,204.7844072528238,Val
161.65648909871055,200.18039188063244,Val
238.80280561465088,215.068796260627,Val
288.0043270301156,214.03973553687925,Val
308.02461276491056,239.40058993107866,Val
241.7057283909782,282.0418613978883,Val
236.03769598497516,211.8893286230538,Val
195.55388050176282,207.1493469094007,Val
176.75306095129227,224.2353790650683,Val
148.07988391371208,152.26815898164347,Val
187.13938021210606,177.40624892310404,Val
275.30524703080755,221.12504151135232,Val
285.05293759449773,190.19198137858513,Val
367.8419979508134,291.6435324426637,Val
147.62768674852074,205.15773301679764,Val
117.01043958435238,236.85480601980134,Val
143.92402842420677,177.36958879845415,Val
176.3294912113269,151.21060387910572,Val
159.43311970378184,155.2222758116591,Val
102.75365094921986,223.98841523738244,Val
220.8909733692928,196.52041540340366,Val
166.97437575494743,206.60667405661792,Val
210.78945849374531,212.1284824046167,Val
108.77410779786774,196.14084439544632,Val
112.53391176653597,194.37442841742066,Val
142.66638218902298,174.18144314072418,Val
91.52241824340769,181.7354274494458,Val
91.06311939642652,233.2594493183299,Val
171.74629598263598,195.43560069839702,Val
125.04678554870654,201.3500211119531,Val
151.80523332100702,207.62711713402098,Val
121.96592087687512,234.93968134119643,Val
180.14676551529288,228.93771176176577,Val
188.3905283270796,193.46356220496324,Val
226.15837179575112,150.81976662587104,Val
227.72883119950836,173.89146497847543,Val
180.06362764359199,241.93727899430738,Val
299.50359617083456,213.18490427718356,Val
185.35768185932056,248.51171062290447,Val
180.083846935887,212.41458387406917,Val
180.6351132680231,227.7191638595877,Val
200.39501304192257,208.14778540546678,Val
194.62936459161136,194.70185327956523,Val
169.61903115424113,176.3510488900461,Val
224.41360257941255,211.7444212478428,Val
202.96654317272322,249.15399663233035,Val
227.1414127044817,186.4891404925189,Val
173.72182327339178,226.12498199155127,Val
241.14997254713978,234.3171027405665,Val
127.30722490850425,231.70223146078223,Val
142.7405577785526,183.37504847439786,Val
113.54582934977222,217.3705595517079,Val
126.42120223267762,196.433932262978,Val
204.24940569931152,236.88190462815345,Val
258.6769302313942,190.45048748093714,Val
199.8712279470009,202.57026941758508,Val
222.93243996663617,208.58804809820708,Val
161.9053260849649,216.06444993079964,Val
137.15089372835135,205.2278596920236,Val
186.385749820334,233.07810905473568,Val
46.834710778931964,151.65332519904538,Val
104.94019431320794,190.60030956658034,Val
163.23442478098573,197.54532815986542,Val
160.50215914007015,193.03751149385445,Val
158.3552356702348,236.50027552920773,Val
122.41671860963189,203.0522564450011,Val
303.891439143803,296.7501754814733,Val
311.6907998848764,283.23306555491655,Val
268.3235534460568,302.56575703095854,Val
280.84522475143325,256.0214205174954,Val
351.9726795628386,281.1867170631537,Val
425.3827330947523,284.51544525259004,Val
406.02148751079085,305.97530793127,Val
269.0281572611075,231.6834297619135,Val
287.34208573673965,306.5734128092863,Val
331.13138201462334,261.5148825013613,Val
265.2381384560779,234.1361206166096,Val
302.1525146047552,249.20082215595468,Val
427.39366050988446,271.8805387592563,Val
248.7709890763406,215.160988029797,Val
337.72108310148894,318.15837247378613,Val
250.99977769241255,283.00260901427487,Val
204.10990065204462,176.4285549211645,Val
230.8223244100746,204.10522100396906,Val
130.9147874075628,125.42830983515482,Val
268.4974654389797,209.16346251869953,Val
269.9140782749094,214.0676340419651,Val
351.39844424450916,194.51518499223877,Val
308.5687809616255,210.45375944425427,Val
237.2052824541797,221.75770332790395,Val
228.85037319319088,237.41305325746987,Val
196.1778928222123,224.57706042500197,Val
216.28093409533906,211.99718476380446,Val
140.33291247868453,138.58946831077668,Val
187.50590828432559,183.65342310389985,Val
183.98406651148494,177.9044887064048,Val
231.0713700840169,246.34459621390604,Val
154.5698629831707,194.21474261228036,Val
259.30469420626895,261.4188547141045,Val
279.3802875889487,261.5704696242812,Val
202.67357181545154,290.4777971817321,Val
235.59850348915984,257.0641011760219,Val
291.6935317256599,281.086815674196,Val
328.0979884353975,229.49012530346556,Val
324.79048001156207,265.94530830486,Val
295.4462751342911,295.4030555189633,Val
264.7982488307755,199.48618089298267,Val
269.1173474485148,286.58440109718157,Val
246.67680591184947,261.8564028732932,Val
233.78029618954758,180.91363411174768,Val
255.57463766784747,246.10725332124937,Val
339.5585549677807,264.22485728759574,Val
246.0876987212452,218.48004060030038,Val
331.17746192738457,323.8264529736405,Val
225.28763862815867,224.03089629330907,Val
139.4679866537075,227.4980020212918,Val
158.4682942947439,169.9187104250621,Val
166.30257921389216,218.2654442783589,Val
174.5514495479885,171.02401133363813,Val
136.9350105341682,227.04074972996685,Val
244.27805079085337,188.46240758172223,Val
184.8501007796867,218.35525211473364,Val
261.22992941964594,215.35663809404656,Val
145.8105966953606,198.76648143381857,Val
124.79774129955237,237.01878691001534,Val
68.99643942908023,174.23301866138783,Val
89.06840743403502,228.19227565924245,Val
203.8966791915589,202.34342280474394,Val
104.97374749115694,203.3560646270818,Val
153.04453382255872,226.82024850559608,Val
123.91837815283048,210.3927376518533,Val
247.64894810418443,263.37685296540405,Val
268.32246576542946,246.37975060766357,Val
183.73258360845458,254.59442182058032,Val
241.51962014763288,203.3324288430951,Val
312.5975320288856,266.1846411038446,Val
369.36960751264775,229.1046381279664,Val
385.9393340106945,272.5358378135456,Val
292.4085824057518,262.39156055705826,Val
313.1394800318311,208.9850419461036,Val
285.07281891459957,303.81987653778555,Val
191.06540385143145,250.4094593782853,Val
216.6827188608344,229.6051693348203,Val
282.35396597812155,230.6916299849847,Val
297.37203660454827,242.85459890544467,Val
327.3292657817749,214.24676844857615,Val
372.1130716367588,317.08573673962593,Val
259.31286927519636,272.55493111319186,Val
270.8994799661634,234.50612173421857,Val
293.21070189200896,266.43482359018395,Val
175.81129289669508,266.0672292791436,Val
237.74975218322422,211.73246724790926,Val
386.2106229747002,230.47919323991232,Val
375.9352277053566,267.4214368488822,Val
309.18658269974344,282.02380506249557,Val
278.6393541657849,186.0547082569509,Val
260.72050866106815,301.1436064518003,Val
254.96476482921935,222.56600395193985,Val
300.3395404989403,192.3712202207451,Val
326.42392997932683,203.15596917143145,Val
346.7968766621546,311.03440179325435,Val
225.2651918119725,262.3655776517005,Val
244.68885441806447,256.13797225512604,Val
265.4428263459311,266.5403407465107,Val
167.32540466179321,288.554072856861,Val
215.285793716321,240.89672200265758,Val
244.06481814756572,275.64003426277304,Val
335.84592626466554,234.13855845941023,Val
301.32902972804635,272.9725539477877,Val
252.52023965777107,295.430536062743,Val
285.6956622690983,221.13604618876698,Val
254.47242937435107,298.1823216628556,Val
227.02038519210046,249.10130233323653,Val
196.32276204412761,238.0562665281123,Val
255.28822471453117,270.32513761810077,Val
281.34161158855477,271.3177298213463,Val
237.30374548910663,214.4818857278177,Val
313.16824661395987,324.4445920424092,Val
203.84796036844864,226.67335656353487,Val
199.33403829644803,227.0841754262722,Val
200.83279658276112,197.17736361487948,Val
205.89167798483382,141.60003134574032,Val
249.1472066396528,174.3690651244966,Val
209.931121971525,227.4793178915348,Val
272.03714639152054,201.00559934811545,Val
252.04886347686266,206.66641530064305,Val
237.694194429655,213.38656940902402,Val
216.9834046298558,200.79835090498304,Val
202.76745300327258,194.35438794371444,Val
195.69525663101365,186.23335221760013,Val
163.77821949789262,184.01902393962865,Val
198.82693478863627,231.42428318101133,Val
215.61511215551798,213.6894746263551,Val
224.45453813694843,202.9521503305153,Val
206.9804637967645,228.87838131970426,Val
204.09683330871025,238.37846466423434,Val
254.8669029972956,194.97906330657625,Val
254.027001733492,187.5809718978485,Val
207.4286465835841,128.6375960962794,Val
241.32782211488643,159.08390950791372,Val
292.5816838793163,207.83537038627287,Val
372.1540544565611,201.45894833196422,Val
249.86454545301513,208.68215830030158,Val
256.316636826264,204.78406732830456,Val
239.88354525960995,211.20844463781893,Val
212.89964569141125,229.202416868075,Val
247.9339032766585,168.23451313661093,Val
189.79594942962368,244.38185821236982,Val
233.71791567552748,191.4360018572403,Val
253.87620009805767,223.77768326644247,Val
255.814179247989,187.00811412847872,Val
244.77177346565392,220.75800548055068,Val
293.30954953895554,277.69513992923316,Val
322.5270871827146,252.9711873422307,Val
237.932514036319,278.8163376333666,Val
305.79013452849216,225.94708625397448,Val
264.3941243729742,272.5436189323695,Val
440.46989543373195,233.09640593180129,Val
365.2600471056161,274.10842608737875,Val
357.2272489981133,286.22699670433207,Val
304.01973116531883,236.43881149045018,Val
289.36392051264033,312.03966896171613,Val
250.39968736040123,182.32009534525048,Val
312.11718171776886,281.23578886202284,Val
373.1128173800872,251.40911705344817,Val
266.53075599391127,212.16150582114452,Val
338.630975018499,316.7913116018856,Val
269.25114759819576,275.9796135448225,Val
230.7875633975762,217.66126179264432,Val
234.12882109839344,180.46978694886778,Val
269.88567183243237,155.97749884059456,Val
296.85126323332804,184.8126019092576,Val
213.16046287508743,248.6642021563071,Val
297.8008656298376,218.4751270942893,Val
262.55750196869616,237.9992939273815,Val
219.181061855953,221.84251417348915,Val
224.8905419817575,216.5977041058089,Val
235.31165342261303,198.6855200734826,Val
220.40650560093184,197.39233529464562,Val
202.9588913182783,240.67244271434726,Val
241.38477663443,213.27360040318067,Val
218.99894451014939,241.73596418029604,Val
240.38535490984694,203.82490756920694,Val
231.043608227243,199.6865162584699,Val
239.892587928313,240.86594535894244,Val
147.7868370524151,251.58234421871364,Val
147.6832630902363,179.80532702598316,Val
148.41721687520155,226.69735320055423,Val
152.53403966689186,171.3362190247709,Val
139.82669437213534,236.81518999280183,Val
236.39531903790618,198.78121123172073,Val
152.16343417072187,204.3362364083619,Val
195.24972733400648,209.5516305471971,Val
120.38147911922331,222.10070005248545,Val
131.52898926688155,221.7832402332238,Val
132.52188323791313,212.83163369121186,Val
59.97874206115969,166.92815302056317,Val
110.15184226839895,199.09150440404613,Val
240.35344714083288,187.05634594646153,Val
192.36434277419886,192.69438336923986,Val
147.87802806451637,224.8049839286217,Val
120.10673200190075,219.0579304054542,Val
215.58030708654343,271.43394336898996,Test
243.98450345571976,248.0498480743691,Test
228.97485612701757,185.77737394411778,Test
208.25894267327274,272.0641845212505,Test
370.8620341771149,198.1379091373937,Test
205.7376692509711,196.9289741873881,Test
180.52019419573628,188.75838905189104,Test
251.59960774095663,223.92336728064325,Test
230.00643690592625,210.35044523316995,Test
183.62074462915936,142.91757310600872,Test
74.78922034049211,111.71351881767501,Test
219.2664538556615,193.2600577311193,Test
557.9969503446417,221.62539960722987,Test
142.73205866622416,217.0450550846424,Test
255.62301002037324,200.51467391791095,Test
220.70214264584615,283.5572419704713,Test
271.7695441707264,296.8146103264835,Test
206.39514747640055,270.95479077588004,Test
223.53793853615204,289.0226706533308,Test
307.9823977812477,259.7867446441602,Test
279.68609439377127,290.2526957744185,Test
206.74559119670297,269.78441682299723,Test
268.10169093140803,278.2929596607205,Test
253.4163292354733,303.27224835253674,Test
186.65041553571675,276.73722719299093,Test
144.41819290654456,271.734603883,Test
248.41307605507117,246.72438632853448,Test
155.4675585350816,276.1385237985669,Test
345.6208581451932,296.8681753911787,Test
269.4756198514012,318.24336828812477,Test
305.4587374181915,219.4979744217571,Test
327.24406551925955,238.2696463329576,Test
263.9469255432125,297.89734666854235,Test
437.2470401372175,228.27239674395497,Test
248.00122652937154,212.42726701957324,Test
220.54772925933761,242.7891244757672,Test
290.80769810242964,265.403609483383,Test
302.2799098873306,202.85420569776016,Test
201.0590821234415,143.2655694850403,Test
160.49898570458004,161.16537793063623,Test
223.1631113874828,225.9028815177874,Test
704.0847441343078,242.32520815196548,Test
212.78085080953664,212.08410567142238,Test
318.6438547217448,219.45868590055514,Test
220.55396572762362,236.9333983744753,Test
219.43060152923,187.37745751534786,Test
261.3954311705886,209.48706910847523,Test
198.5244535581503,231.03150716064064,Test
445.28583747993775,255.47890699596994,Test
241.82166690263438,223.52555967345407,Test
179.28746576814984,173.60449978323734,Test
185.7563640842144,221.72179779692192,Test
194.49749930896616,239.3485077238814,Test
201.48542027280052,173.07674385569848,Test
170.85447278562245,244.4358217373541,Test
217.2452156955635,194.1434044354309,Test
185.6123693521514,268.5363620936312,Test
405.245415799599,210.39697606042728,Test
214.57020184991697,297.56254979082354,Test
264.2678824508043,248.43198234951774,Test
241.3926298973386,179.63539653942215,Test
215.08619874297824,278.72324008798734,Test
361.3042839065897,219.51309402633706,Test
223.17427102471243,197.2182216377164,Test
163.84523170122355,187.80448718637336,Test
210.7002381469799,218.5679291897734,Test
218.86055511837645,214.31604885599998,Test
128.74660271404647,112.14308997906902,Test
107.7224386783576,119.33491335609138,Test
213.74270764570625,206.8690374726077,Test
518.1507720385283,156.3498106452202,Test
175.45491869233777,222.00324105269743,Test
267.06080780651905,212.80146146969696,Test
173.40842985151147,269.73124907392315,Test
190.70908864237782,192.60914405980327,Test
187.9908829718803,201.1882035171192,Test
140.27097148137213,221.0452235940879,Test
398.02853562992766,212.7267655525891,Test
166.94575096288108,209.30548509172752,Test
141.63123610721527,177.2356447226979,Test
144.3075106590268,192.54856783271367,Test
152.57856261574926,219.35753933095864,Test
107.47803870123315,157.0229165200965,Test
104.91522691010661,207.9453806606945,Test
109.82377474681127,192.81912285239343,Test
313.53923501743634,228.31166058759584,Test
125.51492311362406,199.58160735230842,Test
206.469030681303,231.84360842310124,Test
217.21155461553835,316.35946740701166,Test
256.9417863290597,239.88352305446477,Test
242.99419395786686,206.42205583186248,Test
212.8661215854663,224.84899836949498,Test
284.5379728684537,226.07858648902618,Test
228.62624729125534,207.60755866884114,Test
187.30845874352374,191.62459956166987,Test
252.88206601894586,263.39065703663016,Test
229.7694460569375,232.86225250280054,Test
161.01864592230848,147.83788841529406,Test
132.7781662191834,168.33497462707876,Test
250.30527311315487,249.56928794414716,Test
492.37755151443275,200.21010447751948,Test
214.9567179600955,221.85015389782984,Test
239.19034112080143,216.62269415803664,Test
153.84744900013476,243.74362716712204,Test
143.7830042006413,196.95949073995547,Test
156.71804280872084,193.9153025365833,Test
111.92314083771936,219.55270909325347,Test
409.1998220603605,245.34370491588936,Test
134.04218899594355,218.22102902332225,Test
112.16930125116937,138.78981747304687,Test
129.69931372177217,203.80347164547624,Test
123.40509604363265,233.65549715182374,Test
108.79397805442096,152.14621534986853,Test
77.16627607220457,223.05607262591678,Test
126.94540934554672,202.11354992195655,Test
260.48403778529735,219.8684170152848,Test
105.18884953866412,235.9545521538825,Test
184.15370482518716,235.6822810559085,Test
146.51207826899605,306.96571961694593,Test
180.7542691205462,230.68589042676302,Test
193.699338101087,178.27517549912758,Test
136.2369312319993,273.8061985175884,Test
322.78168562095664,232.08863036957135,Test
150.09975871122657,197.5656508881112,Test
107.82343105425234,184.59295848801332,Test
198.11843027027572,242.03423709127458,Test
156.56846796536445,202.70067293740902,Test
96.35018814772425,113.2810192628069,Test
72.8667416229254,132.09951817085744,Test
71.99738741386676,177.16836931009792,Test
425.20179875002617,229.11095267255678,Test
117.17039918951689,207.31660015026029,Test
156.68196364258336,215.51699555571162,Test
161.70938246198,276.201143233271,Test
198.78494259195236,214.77703738398097,Test
231.17302793704255,189.8806284834545,Test
139.55781963738963,211.14870578082432,Test
351.63837504255974,199.4801675017204,Test
190.12974156364183,203.94294641142818,Test
125.7365719168506,133.5330365993605,Test
232.2923018693502,216.62302798562945,Test
167.78657001250053,210.74785343934988,Test
134.7068133414504,113.46851897809591,Test
134.5209097255409,223.39899206323963,Test
80.25742929559424,164.2245358759682,Test
449.98468058726405,181.40405870892783,Test
86.0706643461554,198.13681013339863,Test
362.68287301807146,219.2003415797629,Test
146.91939324619602,301.0313752529689,Test
141.17859509831948,202.03550767757494,Test
179.51324790901435,195.67800136930845,Test
83.88544478782384,269.0901778429975,Test
308.4992479280968,229.46821392040775,Test
130.5654974890807,208.82068971619066,Test
50.03589619426293,189.03604735673935,Test
186.29438921211704,217.71027465001154,Test
141.72768856441024,210.58152195380026,Test
68.66910664274282,116.09263816157042,Test
96.56760785557272,232.70416711340337,Test
55.05977288428737,204.70511984514792,Test
371.49405556539796,228.78175344961215,Test
74.48298423383739,204.65849106587703,Test
160.84488602857454,227.95535261859914,Test
149.0436979760127,310.61501562187425,Test
218.75458398030628,233.1092543353297,Test
184.81981186897562,223.77903950546403,Test
187.06274612815943,229.2341658187056,Test
274.55832748529247,181.0255751932018,Test
244.78339945537851,202.87001517334454,Test
155.2984435095236,193.8574180001546,Test
245.17569693192578,270.32501614766215,Test
206.65809936478854,206.75014004779834,Test
202.10090592005616,124.60608152175827,Test
92.81229302470466,160.66578606646084,Test
157.06706129857412,245.2107402127356,Test
639.6716246440085,230.53477682399134,Test
152.9924431774956,210.60656502317445,Test
262.6009376638578,305.4198464152596,Test
248.39866055228777,317.7074825010132,Test
327.01766635111716,231.96745696768886,Test
297.9368558825,250.63615285301185,Test
286.2723962416269,290.4341691544772,Test
399.3053472758636,209.25636606307796,Test
288.4875768956248,217.11968220705936,Test
259.4937299846183,228.81086106445838,Test
335.6583992606678,267.83048542909927,Test
323.6519710909781,243.75432470270383,Test
218.3363149559396,132.7258512694437,Test
203.88954129748427,249.4630550289823,Test
208.81069160118307,264.7747657173641,Test
191.45949793385955,230.1383065972313,Test
417.7445386237568,298.31451788540073,Test
216.86754110582817,313.47111796413395,Test
306.521619736816,226.14276031909282,Test
314.37552585092016,228.12869591269762,Test
267.6226915921936,309.66755138536615,Test
352.27930503391656,214.16707818976542,Test
247.54131095970715,255.2784069597206,Test
227.8727229270948,257.00821482829866,Test
267.101436863178,272.3906069841877,Test
269.2382897177381,210.2344040589828,Test
187.52396256027973,117.14839685656499,Test
141.25298807382083,217.41112054570365,Test
215.91494367475912,258.89491886583386,Test
703.1563738199447,246.01439140105845,Test
163.8994335890157,210.8992870686504,Test
255.96944755795738,239.3545090226843,Test
184.2121180792134,296.39831543479164,Test
272.36806164034044,222.6854208841649,Test
246.13454673254319,253.70771173554346,Test
223.94847168697999,279.71028258501417,Test
335.43132744166735,189.07897645255562,Test
259.025429652347,189.4072744036333,Test
175.31935832389485,250.24584744744132,Test
269.18767841036333,261.57358473531843,Test
255.93300551086864,206.48577409534727,Test
198.4991446459928,112.49776709394334,Test
140.79054140092248,212.14163215955935,Test
194.17480733229044,254.97506134643268,Test
696.0182531992327,203.84837710372625,Test
167.57861117398022,209.4736946069056,Test
322.78812751773273,304.7238636081088,Test
181.54564406530807,312.30327235722166,Test
239.95665066228514,233.48653368383484,Test
239.86361593284994,224.77222706749927,Test
205.50197088963245,266.2293781779916,Test
324.25003692197186,187.9854028081368,Test
253.08658369543662,194.02775052578505,Test
175.71160895465127,195.80713672215867,Test
241.803525430558,256.9172081459364,Test
233.25317650048174,227.20189137348436,Test
211.48896535230134,117.64628530419384,Test
156.07537951964753,227.85085864475417,Test
202.15642409203306,230.551132435902,Test
707.1675727863608,183.28968754231417,Test
145.19147151688367,221.9077734744339,Test
297.2761357593114,298.24551393461536,Test
192.74535034942878,254.96207850808668,Test
188.2925025072068,196.12387719665614,Test
208.77432507989985,191.60246086044242,Test
152.03394461547754,232.2634878220989,Test
321.9844317169601,238.60375108646704,Test
213.0054018888256,237.4722333353122,Test
142.14465852623152,180.8800257549526,Test
126.19604472813792,237.04599923040143,Test
158.38477965279532,222.4453919414866,Test
131.78133702200438,178.75420392044427,Test
142.29547727127647,240.84717293938783,Test
163.3527405961074,184.0006450656848,Test
275.84592952129856,219.4601978012179,Test
129.30743281866933,220.70458234890847,Test
262.11643895921895,215.29826784261158,Test
138.40566106303532,308.3018581863804,Test
168.53670907158357,229.86557650630476,Test
218.28617582515244,196.2561124925143,Test
102.20971192980367,224.76774918753568,Test
330.01446392252416,211.90909008467708,Test
161.8363230131566,201.4851771049988,Test
102.90500301039322,165.01771148925118,Test
184.41456283989214,213.74970585821498,Test
144.54096522001205,204.48501706710275,Test
144.9628418014379,111.92497861194292,Test
121.73639465773188,138.87504724222475,Test
56.701105827427526,179.18884936411166,Test
353.26090496017343,237.22089641493696,Test
92.01878210448294,196.65306992800043,Test
199.0353558704866,226.11981078508126,Test
176.83782258258717,315.49994499768223,Test
189.6765916614637,213.09754880380052,Test
242.29140723645122,201.84468211916044,Test
141.85405000680294,274.07859130354575,Test
332.77665428768057,218.85261911199282,Test
179.21253171668275,206.1062491316774,Test
149.52605111393225,176.91276668137516,Test
287.70621591915744,232.89785754131626,Test
162.68178673811474,221.22072223950502,Test
136.62656357605394,116.64686896876516,Test
127.66191788391822,226.4689958162334,Test
82.20251094568263,191.01206115998465,Test
481.150479653786,183.50913163031242,Test
112.47704895044066,212.76468102588012,Test
305.49659293646357,225.74724055793232,Test
276.46103408734666,239.92318434604374,Test
272.75074382669317,197.58562612416117,Test
336.5108829448275,195.36954269560837,Test
228.43385619040112,239.49946937967,Test
324.67443217635173,218.0130667582235,Test
287.9266814828883,229.23056084345117,Test
233.84563420429458,174.63102963295213,Test
196.2082381524252,221.27158290697295,Test
261.34549395570724,204.25952337559033,Test
201.91458999388036,159.95607965919686,Test
219.19681511684976,227.51185370481988,Test
251.37235649344984,187.5769620453035,Test
193.72815437883855,257.04025105067444,Test
388.93213479256553,224.83008329823707,Test
154.21336563506532,313.2309014732513,Test
188.65495132665347,210.18655591931255,Test
211.50179539750363,219.04465362072875,Test
141.94352972211698,231.15167814018412,Test
280.59521244812936,190.87636572571836,Test
208.41229630961314,196.80903461873373,Test
137.72088551266626,182.692543331708,Test
265.92959420193415,265.3676674767636,Test
161.87596712198518,194.86530737980382,Test
136.06456794182012,123.07518957082188,Test
97.47584158404884,99.41537249198282,Test
116.411973257972,202.72652645725356,Test
484.9573928116722,241.1105538821488,Test
108.28490151971809,198.7269519914174,Test
215.39492296462,234.64726158352198,Test
282.80023861027485,291.90295331895385,Test
349.9598275160513,286.2235872991954,Test
278.16502559902983,286.75078759562814,Test
300.5770375581594,279.668482242268,Test
364.0682759508238,206.7231230034937,Test
305.6709029931397,228.10019513046242,Test
270.17759604647506,256.77581224292635,Test
315.29838695726454,287.79998961913645,Test
342.66825654896905,273.1975237393368,Test
261.5058334524277,215.30576512070272,Test
190.27989036606004,267.61905643604996,Test
265.486710857809,267.1978036146868,Test
692.0225711835402,253.06308793143734,Test
232.25417285381053,249.9955580015814,Test
404.4434324516774,310.26528282230123,Test
172.32240171065828,307.682310850974,Test
232.34985236048206,227.02096952721308,Test
227.52453252303044,226.16213048213652,Test
220.76015059944623,262.1652411223568,Test
339.8824083934752,233.2875331738836,Test
239.4672802798807,191.14634609833655,Test
187.27226616969824,189.20263640045155,Test
209.656258565976,261.64764373931257,Test
235.67582882528197,217.26109567125928,Test
164.18851682777867,114.06704753419885,Test
134.23308246178928,231.7050296044271,Test
128.93517008486452,214.0116120514273,Test
659.4834470805718,221.57536157618793,Test
97.2613584307812,212.94001978260374,Test
272.96495105315717,220.4639604917041,Test
203.9970785396611,293.28331216562225,Test
242.15395570609292,203.17674307108058,Test
264.34582918277954,205.75245572159207,Test
171.90756476834719,224.2617179359177,Test
495.0953218191511,222.78723867331502,Test
230.23702201973933,206.12993718258826,Test
181.75086641816202,167.71306523755115,Test
262.881753484424,225.8692888189672,Test
208.8396819180125,222.71222152154968,Test
164.21783501043691,132.17810541121418,Test
140.8536920993003,222.20758048497242,Test
125.72112529073422,174.70645682286536,Test
604.5330364708001,242.7263014099325,Test
140.66892513589332,206.87643202614203,Test
428.71248390279567,217.04507281834256,Test
308.00158245731296,306.36396847900977,Test
372.5939042858529,275.7204170832959,Test
326.05621465079764,300.7066877300034,Test
366.4650880989309,290.1294937718562,Test
328.08023189162503,236.86752813154135,Test
361.6576502578727,276.22705136181594,Test
311.7518926813756,202.63465019440076,Test
407.50614914051533,263.4579509491435,Test
344.11489262951284,263.3300516349876,Test
298.5777275202664,197.07481946736846,Test
277.69011309888276,246.73406614744826,Test
257.40045268787003,269.9049887620681,Test
720.0518809205787,256.7207935558852,Test
262.36626810871485,237.68119798219487,Test
417.9205415893161,303.8369464089029,Test
194.38946147280143,283.9727370854549,Test
254.43033201952926,241.20905832218588,Test
221.52222082690508,180.46052994330478,Test
192.91326421077326,229.9598265423902,Test
414.7495869143558,200.89747013599674,Test
185.81301310359248,214.15004692943177,Test
167.2071869909632,197.00014356568929,Test
223.0284746885469,213.17759602974962,Test
203.97602654860373,196.15036220844883,Test
171.00862434900992,110.88996156392233,Test
103.02781451400628,133.68254773513604,Test
143.3763051112668,171.76027352355226,Test
421.2809426357211,132.090269379016,Test
147.51185067301688,206.32992562525106,Test
226.28250168015649,230.1970021843329,Test
234.79701594788912,306.6591653482434,Test
284.444140786982,287.32024328985176,Test
233.73035433274032,280.69106061764455,Test
218.49821537930399,301.7552845086867,Test
256.8119228529441,223.49844503434466,Test
267.0007412350345,277.94522943811046,Test
215.31770529763114,269.41245103230005,Test
308.25485426137624,258.51965531302335,Test
257.44880751773474,292.71981971626576,Test
208.16570078394085,216.45762755965075,Test
175.46202211502646,277.4588903303502,Test
190.4275838299896,239.2008810993647,Test
550.8698897632494,261.94953916177946,Test
159.94954438190788,264.0260939728003,Test
317.29824405484453,294.2218972314078,Test
193.43090542151145,310.01819986061196,Test
228.76141032936533,228.68933883479625,Test
220.98892205640655,208.5169704203705,Test
155.6413412706917,228.80217027529238,Test
284.7756999560052,226.93407448401138,Test
180.60460568541504,216.9891376992346,Test
144.0090671216487,189.149937819544,Test
246.6011614197244,258.48881576823914,Test
198.6595342429391,206.67217310862597,Test
147.49190153502474,145.63966238317624,Test
121.50086150760131,144.81806176259346,Test
153.16741817487838,260.26035464319654,Test
456.72228870269004,183.71431501068056,Test
105.92503848083881,222.73815168462917,Test
167.2067458180111,206.24944950817903,Test
195.6717249261706,263.24840911780456,Test
223.37417523160005,194.0732026753524,Test
255.93826802225078,192.59775287754775,Test
170.29035649909477,238.41547097704316,Test
457.59754004020874,232.3022651417679,Test
228.80747375391766,233.6538031132968,Test
170.24364529344393,179.89522151398643,Test
198.7904759315884,220.34972698340843,Test
210.6998576414365,197.9043563395923,Test
139.91278510387122,154.12014967446,Test
154.74933677744394,216.35437128041042,Test
142.84033477722065,170.14906844934825,Test
472.2114337681173,214.1443031607749,Test
123.16004338573538,214.5893476310344,Test
426.60536783333527,227.68544744771756,Test
276.84635114485053,316.7892994680294,Test
306.4627481378395,221.93119848279233,Test
277.3867647375384,295.1787440810386,Test
300.69118682383464,305.82957301002716,Test
317.7490983893741,238.13622466694275,Test
313.12778724604726,279.2361501228582,Test
270.41077099611414,267.1246672893748,Test
330.5033740148749,270.0301294407072,Test
303.052984274295,285.94654185561393,Test
256.1397224283968,105.77532669934504,Test
177.32726064882945,221.9131477568098,Test
218.88338441307275,250.5165325967803,Test
705.6089842958651,256.5803552484525,Test
229.356666318401,232.22819471118763,Test
385.0191545516939,307.6004506126827,Test
180.06540452582183,277.07912223793824,Test
201.5115403432138,251.99654243641635,Test
193.4067708421162,174.2160572924632,Test
158.8874087883401,234.23899661712753,Test
384.87017397871216,225.4167618664224,Test
158.9581192921241,220.77132952971738,Test
134.91040918556627,123.852479360061,Test
226.08338894613937,203.60935957304312,Test
170.2863614451577,209.3461563652711,Test
131.05474286456942,119.9405526835011,Test
67.34952514385103,189.0611917037452,Test
146.5359524164672,198.06399794826956,Test
345.5156151609316,213.66959192352863,Test
71.7369621137641,221.1084234610595,Test
211.8164056401657,213.18843234176674,Test
141.3024908298222,270.4574506630099,Test
172.50886710729918,248.47212641222708,Test
163.08786126815687,176.6893995073404,Test
144.3709829320086,205.34172823058765,Test
340.70481231559825,209.3531775064681,Test
146.19382849229532,193.17226666573416,Test
112.53136346112626,107.21927261982235,Test
188.91667314259894,213.07106198075434,Test
139.47717332559986,205.42681028063328,Test
121.18594910358625,116.38655744545531,Test
99.61375753141516,178.28667592183984,Test
111.10252240604069,182.87831724377295,Test
249.3081659245557,233.8414243602445,Test
86.06064288001971,233.90517899916472,Test
185.27494008718864,223.50353762239848,Test
193.54223485890893,258.6187359798838,Test
179.78182447821678,209.53581437518216,Test
186.27607302596422,179.4424559317272,Test
153.0516577697968,207.41665941631462,Test
402.2582170830073,213.74132083905917,Test
175.41350825212666,206.67266936831297,Test
126.04485960310998,117.72401614123127,Test
153.74094707135788,197.22456878823417,Test
154.20561197465787,214.51873920414198,Test
104.09515130363386,155.6645255612412,Test
98.338863555102,201.8210472666583,Test
120.29603548074908,168.67865688248423,Test
329.4457437726168,228.9520347170372,Test
108.04475615511107,208.44728245084505,Test
235.60747515966443,217.83210843609535,Test
209.40509121646582,225.21721894479586,Test
243.43325793885114,205.44618699896694,Test
274.4714008295563,208.63347197747714,Test
196.8718800533965,235.29538291307597,Test
444.37591292185715,218.11636122209555,Test
237.09761500253651,203.5812057528358,Test
176.1873068400817,167.9212013839131,Test
248.64488275235664,226.7363150918786,Test
213.7558100522262,190.46030869769845,Test
187.62005468808178,153.7479170255648,Test
128.26855357643046,200.04429108024013,Test
163.13796452560882,165.75786778676704,Test
463.4394517552656,235.6433713640021,Test
160.62916722344292,225.6520258706356,Test
440.52735316849385,223.73744400735683,Test
298.92527825539213,315.0182923622499,Test
342.9222100697866,288.3351022331661,Test
284.7035828418941,297.0898415518957,Test
308.4457107251129,292.8010734319324,Test
345.5648514601561,261.57750215846414,Test
321.30131439338675,296.5745287863665,Test
256.267710218213,222.64006353208913,Test
368.2972448351346,258.2876350596366,Test
275.03847008022046,260.30750467057646,Test
276.25017903427266,162.52400142657697,Test
251.1913723047751,267.43293825768313,Test
272.8757894680105,266.14572358049236,Test
688.014015616391,260.33568328292347,Test
208.26249155846412,249.3132722259789,Test
397.6319807191318,306.601553700862,Test
216.39586209476843,309.973974911673,Test
268.5903967409279,216.06939865244286,Test
255.68042633583718,251.50568607083554,Test
240.1337970786155,287.28368271115374,Test
360.9794641603303,192.67744752310287,Test
295.52125185531895,234.1567862632371,Test
218.93123763866427,234.96228051186375,Test
284.707770487851,277.638071450024,Test
277.07591820893595,224.65850609253738,Test
207.4633814765895,120.51160702559974,Test
143.0228908185677,164.8037238936198,Test
217.1354036817097,236.36019660329282,Test
724.2008772160947,231.82243036939735,Test
162.62254416711258,220.45691579739727,Test
421.14023869172934,290.0710652938442,Test
294.09706431173,319.0158915871684,Test
365.5515308262562,234.37934714552907,Test
336.92336486226986,254.98892379745396,Test
364.36501479233016,295.5977449880132,Test
382.8061753392233,213.10531085450336,Test
333.4658994481802,227.27670010808794,Test
311.0000312968506,248.52166979848536,Test
354.2685059424075,274.73200484433556,Test
359.7595392068203,258.8193077639428,Test
300.34800991224654,151.2598694238056,Test
245.70964157779872,155.86480261347606,Test
300.7276189381124,268.7429628705069,Test
235.99423481474506,243.4315290820551,Test
455.32155699160467,253.37877311359327,Test
204.0848053248888,310.30445570316994,Test
221.9724471216203,246.54271930964717,Test
217.53718092712015,231.48484249145545,Test
148.38213927863842,247.0003597104931,Test
289.92943973883126,227.16139785279617,Test
187.30353547063777,223.53389764072435,Test
123.54895208375018,189.66838812008595,Test
210.9820208745255,253.1420817274582,Test
191.35224285216606,204.79439385531634,Test
123.95787365845187,145.91728350298806,Test
104.25611668705315,169.3660231464503,Test
167.65610084786874,248.1093345583319,Test
531.1045494233863,182.04012641748412,Test
106.72040379399829,218.05351633704979,Test
200.69840689460895,223.25048611408542,Test
202.40907591237067,247.3207798771338,Test
192.50833109703473,200.5589968258185,Test
201.43065131378313,199.81819914398997,Test
186.4514298626409,213.6836303116719,Test
447.0187900645812,230.79127251132883,Test
196.45999303975486,190.18247358526844,Test
147.60503587405788,137.26160300487007,Test
150.87744045556224,208.49975540538233,Test
162.4402437356572,230.68477516060932,Test
164.48276924391612,163.07708485291533,Test
132.81400302200018,212.51862516284282,Test
171.67015213154497,212.3515282494563,Test
480.1043541644084,216.2426462556938,Test
144.41844917880502,248.89026757906694,Test
255.2060849842836,240.4603191243938,Test
302.9888173293017,311.86575289728563,Test
333.4324350015247,281.6490566005212,Test
305.4100030959817,282.800943837513,Test
301.7070276443799,294.4489366851455,Test
393.14264224294527,237.9877586546514,Test
342.37220018114124,271.08663734371993,Test
284.1926289182686,270.19548880058295,Test
355.96086367193743,264.7977152490569,Test
320.18435415189896,285.9313990915485,Test
252.38690594664692,255.66535375864134,Test
199.28653430734653,259.02099444195085,Test
272.7486064230276,259.62540361165634,Test
215.59624462393933,251.0327336670659,Test
456.5086347827023,302.31777135058985,Test
217.35785552357052,258.2021312524391,Test
216.40773657135918,189.31203324387167,Test
247.37143637068758,198.81751914893158,Test
158.93699899508402,224.27095869125577,Test
298.966597224328,213.96519725441456,Test
222.29227801279256,223.2640503179435,Test
163.22385652377562,117.39910767759608,Test
139.58089980781182,226.34189979975204,Test
189.7061994601651,220.04187108696718,Test
145.03455377933184,179.44918101339698,Test
168.26296844101546,239.32938153967902,Test
191.5662605100789,201.08386248049212,Test
343.83812821558575,205.5028725184098,Test
149.89399876598807,271.9824863248272,Test
329.5041876999421,218.57148975034679,Test
249.40517328708202,255.55445854666425,Test
258.9103892947612,204.3446762369862,Test
296.9947455834482,199.5544954792419,Test
229.6864255919075,248.271247404957,Test
511.71023660961066,198.08677604163572,Test
264.3648843570409,231.02385752456655,Test
205.43649089177995,182.09656020207936,Test
248.49230814210568,237.93617011987675,Test
246.44269329977095,188.37539874110018,Test
201.64620538606823,148.9260927278407,Test
156.56162004919585,209.5794866976001,Test
200.1770918183085,167.36626629220737,Test
422.4874497441749,223.48304987889972,Test
175.3564951145156,235.06741842984115,Test
475.0948429783231,229.97503940481727,Test
215.70095820175356,254.23845178903193,Test
232.73552150630923,204.15035811202222,Test
279.78298842641726,187.44050585534495,Test
181.12653377540613,232.21560954472838,Test
350.0182652521313,227.45668096264595,Test
226.31351003440662,200.73094041488335,Test
189.16412219796274,181.7994584491825,Test
165.66363924304267,217.14165854138193,Test
193.71627622523687,210.45034221718294,Test
166.71444732836517,176.73542400474952,Test
130.2693729779902,232.274468329099,Test
181.06192794706976,168.5491689746494,Test
471.8319455217211,216.1723625317717,Test
150.29539842289998,254.0513211918686,Test
440.83282853119204,230.95960185907413,Test
140.6547985220767,275.40220500831276,Test
172.273597543977,218.43425005145536,Test
175.65020987532722,176.18831059487937,Test
119.23864724901244,206.54833762069254,Test
381.27143204898766,226.64204288341426,Test
131.8064089592228,200.31073523056713,Test
93.53263963873502,117.66802257841063,Test
145.12706621565826,192.89002460100306,Test
131.28745458260462,213.78300668472164,Test
76.24384117383431,141.18713265755574,Test
58.26859706848039,191.56901895691547,Test
61.82074258536895,173.56395659891504,Test
249.6734802838664,115.63720888050108,Test
82.79212911494415,211.95973078754488,Test
174.16258940930953,229.07083785357642,Test
352.14840073032013,231.51265469126668,Test
363.3357772784152,205.01905125516203,Test
378.90219951995954,194.0121265233296,Test
340.6314198229126,248.5041085619846,Test
534.3000265810359,226.20227177970298,Test
339.2867715462882,240.4916613914904,Test
325.4154194480389,114.06184536985369,Test
344.20790398126184,217.67226359322805,Test
319.24223118474976,219.99820216593565,Test
281.4141248031659,225.51479245223317,Test
330.2094605946717,237.71493597813972,Test
336.32595493791985,222.6674278058752,Test
313.5466656669777,295.26637810683815,Test
494.3224582006999,239.07869090367598,Test
177.45594150234598,284.21955178831826,Test
212.26774652641672,194.03614262821827,Test
209.5139283356444,193.7813202081396,Test
151.167167421373,233.31454027305432,Test
365.2429368037979,214.51464271334368,Test
187.91841291388548,214.91239911651033,Test
149.23475605397113,183.9007369398235,Test
187.95757019644094,233.74241210015157,Test
180.93580013093873,245.67932333910727,Test
131.0443649108427,173.3267842599173,Test
130.69190033506823,222.09719483401506,Test
123.16349131845934,178.9109539713584,Test
352.42748230678615,237.75567080579617,Test
107.17527787146153,206.86546586409736,Test
334.52173773655045,228.4115359850891,Test
233.5277422189813,291.6081686038751,Test
311.71277890290145,214.13059271012142,Test
255.906197610505,281.2852727936136,Test
254.23373596811783,279.91372395468045,Test
351.91999764502674,217.43183085032138,Test
295.8463754329859,216.23630501957817,Test
231.3806061193213,259.50867531390435,Test
300.84645567329835,272.3272629075936,Test
306.2690497554006,244.30676221042245,Test
230.90063075262003,126.84890233776288,Test
146.77879064008306,204.20363709689673,Test
256.40061871657315,247.04386996471086,Test
176.0692550614526,223.09155851993248,Test
391.0280843957347,290.42482107722844,Test
186.8637114023879,258.31642288004537,Test
210.6844244136586,194.1389635537951,Test
212.8651122113119,195.85109423439266,Test
178.77507319987816,219.55598327768317,Test
416.28065389732626,214.1320296533859,Test
209.20064086270483,223.6636748201419,Test
138.00212362733816,182.1434754089546,Test
134.32911367321822,217.91451030719438,Test
170.72865288523718,235.44550099904248,Test
127.52946421159646,162.41074315168072,Test
120.04341884219778,211.23604650664808,Test
176.3851932900194,181.57050572518494,Test
332.44525992152217,204.56757566525016,Test
149.4576047957837,221.18148361689592,Test
255.24529791996537,228.58397571889748,Test
183.24909321634524,285.16600291647643,Test
214.56357239208913,202.02713990203844,Test
246.80277106504238,206.4879744774455,Test
163.95263179562568,234.83323320585347,Test
486.9563265006885,219.9829622257062,Test
214.7703166945278,211.20264308997454,Test
165.54914927173147,176.83843088531805,Test
246.86074311505183,207.53522504778036,Test
200.72388431222032,212.91838878994517,Test
144.14551950762956,146.13406459517714,Test
123.22557228662421,223.5473181406019,Test
111.68195554455104,163.86478239141633,Test
532.4045535855009,231.1794552375979,Test
109.74748325302392,196.83138808342534,Test
414.28842478435126,232.29964606031132,Test
135.5344725911512,303.32301835542586,Test
179.51242138681,209.43505875150942,Test
226.20824203329897,205.68257011866325,Test
111.13221358142556,232.54568765642478,Test
384.73792667792327,219.84633382666547,Test
147.4679013249792,230.14620377166665,Test
85.05050053242964,182.47281931118528,Test
188.97240402658414,213.7797505112068,Test
160.67042991334128,221.4870761946187,Test
112.74552203092037,116.78954664122524,Test
100.8877629712237,192.58842803395132,Test
63.294846625679696,183.78119250349465,Test
488.11202618875996,224.5922665520468,Test
105.42240751788657,191.152285940598,Test
144.9544352653934,232.22846148581476,Test
167.87452667834074,282.6457375371168,Test
202.54183162746418,251.13266430517356,Test
182.7239732229321,183.88971020273206,Test
150.07584530580291,211.34743321671172,Test
330.25324458200805,200.15777173327416,Test
158.04840484958976,212.84153463776858,Test
124.79863858727029,154.57154734456694,Test
179.4252873486758,213.23688618623808,Test
162.65233480264706,188.49850221769435,Test
133.23326742829278,119.88916340811483,Test
60.373416094083254,122.62983904714768,Test
75.25173505342991,170.82999629127153,Test
335.5733080209344,221.32492885649063,Test
77.49401471288792,209.50373194284833,Test
156.61065986207564,223.4523873197034,Test
136.4271791181393,282.7305637883618,Test
170.5956888405063,235.91258307397496,Test
204.7617151477236,198.84908561493282,Test
112.88726559030232,231.47771259194153,Test
404.3491912925102,214.28660531805997,Test
148.9934063783158,208.1231639660368,Test
107.79601482393149,182.14584088842017,Test
178.90481788511647,199.47594487260636,Test
140.36550478200746,224.85909509114734,Test
117.91276958499529,151.63789896004482,Test
103.0830814297702,215.86387846085344,Test
54.626057858975145,176.22478098836663,Test
437.43980167658015,216.426868415641,Test
58.088458377231035,196.80961217944966,Test
238.46543511017865,225.93543755250002,Test
105.7210147371294,303.58644713809997,Test
118.1995503993885,207.4103544880236,Test
189.42003199126117,202.09481612927377,Test
85.29728205645652,240.08164601946584,Test
323.94928882455724,220.37028106953616,Test
113.96771276604423,207.91879516900937,Test
55.37267160393432,191.0744759084042,Test
168.6823860874006,258.7985770493162,Test
128.0368898349223,198.90683988377623,Test
52.13187755046022,110.00585163731061,Test
77.31966170350793,200.82766744932425,Test
31.67467655225684,202.73711869293933,Test
458.4496826597858,182.3617751109778,Test
29.93802577952566,198.08606648323328,Test
148.72290797813488,223.38790174488318,Test
173.34161268976266,325.0324322376338,Test
210.73124287711158,238.9064504318359,Test
238.70682288403776,216.22753740131336,Test
169.5939379141111,291.2178127729038,Test
319.7359755149832,233.56640340931972,Test
197.0248893219363,191.86049851527443,Test
121.90174665872114,221.14306266695573,Test
231.43770884419737,253.70957375226064,Test
211.42228523487282,216.5217275376526,Test
129.26009513583074,148.47893817665675,Test
97.47027794529343,173.42456271075545,Test
157.87317220749162,220.863889477114,Test
525.7604873675837,189.33472484806276,Test
97.7718267344204,214.28686027695457,Test
177.59084852234201,204.27139198920275,Test
216.1054317585302,299.24985056642385,Test
241.67883198005785,236.2293589853138,Test
277.2198906474971,240.86427693929807,Test
210.16118396366238,285.2909657412978,Test
358.3755110757432,240.62880441769596,Test
202.54230161209347,217.97302445403764,Test
171.35212974780774,257.30309558227304,Test
244.57053636511358,296.24380889860294,Test
245.01737173277803,231.34482070773845,Test
136.97063679162633,123.34659260970236,Test
169.9677008510927,222.8640752135083,Test
199.09140157867336,260.90760471574833,Test
622.0740943634812,255.53215502990594,Test
140.99587927794573,215.33815271348203,Test
237.56961100047621,288.9302027874025,Test
226.08040596689398,316.47137506611165,Test
301.2571251273939,234.15162851838764,Test
303.52042505429336,243.40254970771372,Test
291.6932668492158,300.19621759203227,Test
351.7024458464425,221.10553744841516,Test
280.7846220917139,204.04487617165017,Test
227.1080079718906,255.3854386981196,Test
298.0722143246427,264.0429343392493,Test
301.08966865927766,244.02941951920462,Test
186.46384651162305,156.53271659680553,Test
182.38939394595255,137.7577334786894,Test
207.1457076766837,259.30793010880353,Test
744.1235050644872,237.23453785909237,Test
173.13319035544413,219.50942714417914,Test
353.4862754605049,288.1947242212264,Test
162.92348443874397,284.05365809929776,Test
197.89137247481298,192.56548862499542,Test
198.19742470181237,191.7039726889112,Test
132.08940355683998,208.39450204719154,Test
395.8075670816055,197.94403159103553,Test
165.71476570090243,237.42164882961322,Test
132.27939433119076,193.12441302493946,Test
152.81958988894166,200.11001917253907,Test
158.2614527212853,220.04730809765135,Test
113.6585250980663,157.0783557760208,Test
105.58226493664785,215.1832446618519,Test
93.54280146986036,178.09072150405495,Test
384.0305365907778,217.2913796995057,Test
124.173662108389,201.4393643185776,Test
271.7771667505835,236.7749583333452,Test
168.07026622480237,300.5956888626436,Test
213.44123851512506,212.25652463796592,Test
231.53555390293081,193.66845692571945,Test
201.15980139909698,270.6841237359169,Test
370.109820260834,230.41930237727018,Test
162.66527899160218,203.2803509906817,Test
136.83226126060825,188.7321850455088,Test
204.5734846021722,198.03609689626276,Test
196.00663746905153,208.47434799806936,Test
136.59536168757995,122.71455062205848,Test
119.06739934735772,184.78443007004927,Test
116.13413084599443,188.99796856943337,Test
431.7276211713849,214.00982525918636,Test
150.49864172868615,206.84735006848712,Test
218.2236066575267,221.92967934082913,Test
262.7928588662035,307.5341527680376,Test
338.0443601627409,290.8597607130664,Test
270.0518464489528,274.46765467414275,Test
299.08099912427247,277.26947502627775,Test
352.81387184269295,268.7868322764465,Test
332.51308601353946,262.7323071974531,Test
285.11181752454894,266.0214759127429,Test
344.3801455073561,267.82380787920636,Test
294.086587879183,292.7682925517908,Test
276.06361876460835,212.05371400899543,Test
286.81175251934087,234.04232703761608,Test
233.68355984053585,242.40107587492065,Test
221.92094555548522,265.7330133150924,Test
366.5167883267072,290.15264070364464,Test
126.2473826018838,304.346100529006,Test
156.32592769308502,209.35999026558497,Test
174.74320934751185,191.63521181025385,Test
115.265408703766,275.0867310676134,Test
382.527539748287,223.34238860964666,Test
148.89419807130872,240.36752690955157,Test
76.48323778924446,178.4196199676588,Test
190.59978217598814,213.2523716433303,Test
147.28068163626497,203.83547355004924,Test
83.80982245483695,110.88538042271509,Test
80.68979848109886,198.7658066289457,Test
50.25398483913506,184.66289864667553,Test
479.2642695444847,231.19170876782235,Test
100.42065401222877,205.48330387406384,Test
98.31400322849012,224.8231088253779,Test
158.00406517503995,273.3439868231947,Test
154.76421506522757,237.41529920579194,Test
161.21857626975785,181.0439183783276,Test
131.70743231653825,214.6586617322475,Test
377.5563136106816,231.76711954177054,Test
166.5661884017131,199.68432197706548,Test
87.23901889163164,113.5492554042505,Test
189.37374701988256,203.55048160058115,Test
129.48734924521062,202.94999664944802,Test
83.79119258025547,131.71170721093077,Test
98.42118106689378,185.7630161113669,Test
70.04505878753008,188.22939644671658,Test
183.0175627979815,114.58377747166887,Test
73.06273348255617,222.0495354104441,Test
208.62970557061573,217.99777078944507,Test
284.89266336937635,302.1393894888531,Test
349.05403478657104,237.55471225908843,Test
303.77507724913653,275.2005699353114,Test
294.54015562350435,297.2188621591404,Test
401.7358420856703,214.78706085872764,Test
300.3853810879609,251.1861076042497,Test
261.38667544329195,264.283910308477,Test
327.86311002820855,266.6636647949748,Test
311.29028093092813,246.25747399920022,Test
226.51569602319248,198.1943733765946,Test
136.32197822012392,228.21706355185913,Test
266.4940366821553,266.94213060587253,Test
587.3300611401356,300.9690606294759,Test
208.06826729064733,247.43088257093677,Test
315.85597396890836,297.69487289351514,Test
190.59440588129905,313.39053578712077,Test
210.4485732164382,241.94774250449228,Test
242.0384395969483,224.0880570319449,Test
166.34615293858033,279.48638087870506,Test
346.86184842448324,235.66111872910227,Test
181.2303044594211,196.1672080065463,Test
114.48125182177212,184.31375744857485,Test
201.06358880801173,260.60102626306673,Test
222.30597589374696,220.6656022852839,Test
106.14260314357767,146.66961988779929,Test
120.92252721297068,204.56143858149272,Test
172.2926104912891,188.3569217266074,Test
566.8786549568982,247.1647943834801,Test
105.82278107824469,220.2115972765572,Test
205.28908118879517,222.31993555859611,Test
112.63328964767524,307.36355296085407,Test
153.57294683587912,232.4057254782883,Test
160.42514969603593,178.5009372769699,Test
108.87491555305752,257.72102111729356,Test
288.38993796744586,226.1201103202787,Test
141.83052308699024,195.65692569102356,Test
68.62710490074029,185.81448502627336,Test
187.6547045788245,244.73660270574229,Test
129.80793843320762,206.75422129561318,Test
59.89956076405403,145.44137013942884,Test
46.65235534194619,144.39199413590728,Test
79.27593354027894,179.73090048522255,Test
425.1111456217852,229.82743603114585,Test
55.630119123104464,213.25190390106422,Test
109.1702574641701,222.8407585548953,Test
133.197405988509,309.81939399051964,Test
152.03027433771976,190.3695882997827,Test
214.630974220812,200.01775072837162,Test
114.68931289301784,279.97463799129,Test
332.44092691271635,231.1169999554076,Test
158.7223818311102,193.25732360937445,Test
99.69114073739624,180.38763352545564,Test
192.80077065488757,238.92997519860435,Test
168.78491399681772,217.37277793805993,Test
59.75858408589971,110.5073619914582,Test
135.80555579178292,131.80700458354858,Test
58.321825762333134,199.26953450873975,Test
425.3156280145016,183.9446887927558,Test
62.647258070411425,195.96918610161183,Test
232.80131277783178,249.89593619853102,Test
184.39256770121335,234.2962153527985,Test
194.24466877669164,199.92420761569963,Test
199.84253551899678,187.78038527039698,Test
162.198006373331,217.27280082757957,Test
411.27045917471645,242.85669320664,Test
196.81125472454494,220.1199920482184,Test
111.27602399778354,142.52993642932006,Test
159.3681919074437,208.71517108672504,Test
150.67577398271476,247.20117288007359,Test
142.30975064181843,167.11383339512955,Test
118.49355104692086,213.2480022801401,Test
169.27621006438358,194.77146079004896,Test
327.38853598270475,198.41560800373443,Test
146.42634382435347,222.73429719830528,Test
264.8101841039445,238.31469015697857,Test
142.52294714279788,279.3195416674852,Test
192.04303020250597,200.61584463563293,Test
194.24313062503393,200.5144571048943,Test
114.09519257600644,216.13628295178862,Test
375.33084324976215,210.68196571640263,Test
126.28475433884883,210.14871627922508,Test
122.44519350930688,187.5241674935685,Test
154.86951299687522,220.31795012290766,Test
146.55104006925663,206.11403622612028,Test
97.6673748595503,147.28908763912676,Test
58.95830847157707,140.0349573734563,Test
79.55466106084631,183.76892496534714,Test
241.9532283353527,233.33409370548938,Test
104.11600412444615,207.3799544166491,Test
182.63122056811358,216.37556850746034,Test
356.285807130917,318.24673648807186,Test
409.97482949942537,288.52554217615005,Test
368.09616547174414,297.830022627879,Test
400.34963987296914,291.0916225289952,Test
413.32162801784784,207.0961158582113,Test
386.42099098950456,268.31709049074874,Test
329.3619567311857,206.3003787325423,Test
433.68204555021197,263.78493519179773,Test
392.41601873275454,266.8703761050618,Test
341.9059967890938,193.48891383374095,Test
309.61274531513055,258.06593811896727,Test
331.1418386049877,267.4990428958364,Test
754.4872024547719,254.97322562938996,Test
285.5667399572667,241.9532476565862,Test
452.37034250510396,307.1665421959842,Test
140.29073369059716,305.15890453865,Test
169.7077205524171,209.667015097376,Test
221.54643383481397,197.13905185936986,Test
106.76488598310652,262.1110124886062,Test
315.4327837560073,197.76228558540961,Test
165.8309957714256,201.52324357800433,Test
107.24102420080183,161.92719441238089,Test
221.94497094132794,214.55761610435349,Test
150.11841191303608,197.50695455829464,Test
121.55278443877809,118.85087185191426,Test
100.08706513823077,193.17308456736245,Test
44.53568816329272,177.20544605755194,Test
373.98376960076337,183.58484430592108,Test
82.92752052314034,198.19485470969462,Test
218.47258137410435,219.5298731269325,Test
221.25493362895884,287.24429691828766,Test
275.93730335792964,286.4542724062673,Test
217.21757872280085,274.2145801526986,Test
240.4332864552833,292.81683700770833,Test
277.2487471103756,285.4371942972143,Test
270.08140447147866,288.5128483942089,Test
225.48607476170133,268.4448389410034,Test
292.1301647755797,271.39865484714977,Test
252.5784952276826,300.26350397575715,Test
219.77488168844036,267.4219813011215,Test
157.19716820323944,240.78475292872307,Test
254.26756764282516,248.95034918152479,Test
580.4976844067459,295.05081355870914,Test
195.83593093752384,273.62364289139606,Test
325.0173264786943,292.3397910490043,Test
152.43562669635065,266.53919930218046,Test
191.63492600519533,198.43730754025077,Test
168.791928085797,210.32802533719675,Test
118.61580040538948,222.24752654304473,Test
354.52547002389815,220.40487147563425,Test
144.67194625662546,216.10093558473042,Test
101.90592258509636,179.68197191166846,Test
131.1366450886929,190.66966932413084,Test
140.17143517573948,228.79247062863402,Test
113.80316428673041,148.63721772259632,Test
75.38175024173867,216.36163522692857,Test
83.28345946192033,180.5224606759902,Test
103.29006266894629,193.95260755457443,Test
265.96667251836215,230.73631398041422,Test
354.718974829958,316.7276418391776,Test
405.31201580031563,240.81170435584914,Test
369.2462595540925,299.49526492079804,Test
356.70028731529595,302.33428736137836,Test
412.98067185186494,228.15532592779493,Test
363.0910684013878,277.8865208663756,Test
295.3440539763536,269.2501700920247,Test
361.00165065868384,265.7072468091941,Test
323.65001647176314,236.8173167538585,Test
281.7477588732812,208.17891700672257,Test
255.52810458037376,239.4370132367593,Test
299.0361715346869,264.39613298378714,Test
673.629554219825,256.4875369085124,Test
277.89274087394995,240.5786616124977,Test
368.2901821669359,315.3815275140893,Test
174.877760162933,262.4149761099124,Test
168.6616420672362,185.45176994514287,Test
170.07439579962755,184.78071070556894,Test
140.386264283752,222.61453299675927,Test
356.3805859784877,209.0744181874894,Test
162.5272788546692,198.53627975432082,Test
121.40304881525725,114.49068645879812,Test
155.12498470649217,190.05662703531124,Test
123.34556288911975,205.43530340560585,Test
76.55342920068708,148.33503668636118,Test
96.70201506811058,182.60542107533016,Test
112.13877332291369,177.43005383390144,Test
97.39601131436135,218.84571055019825,Test
257.62850753833567,219.72776394319027,Test
255.32763887386164,307.66647471243647,Test
294.55923964604676,226.57331827682623,Test
285.5778041935211,286.00703218367227,Test
255.42335699255705,293.3720813681908,Test
313.69153693974454,229.1008303325011,Test
262.4586428926212,252.37040798161755,Test
218.78407782712165,258.64559853031494,Test
259.82695922410767,261.23920036227366,Test
252.09596807241542,265.1734098125217,Test
200.9285174772819,178.1649981954852,Test
173.52208241920283,227.76813258202063,Test
223.54827002755897,275.74275338122345,Test
619.1650948078866,257.5895722167504,Test
163.8506125086679,229.39656224292847,Test
233.08537960094898,226.89081967931594,Test
271.963714201342,304.6448023400972,Test
333.1007028349454,310.41243818167277,Test
268.9527365406839,280.46390598586925,Test
274.41548731870324,309.57430302430834,Test
281.5681452943788,266.0975588231376,Test
281.9029715192071,285.2162268788965,Test
269.1006440357073,268.1558593414352,Test
382.9898436560284,263.65998049283456,Test
290.657840368371,284.3977595991119,Test
298.38911530444375,273.62241902202146,Test
200.25085637780035,301.36164654657864,Test
279.72608448392043,268.00471703902724,Test
644.0081993290755,270.7636156880765,Test
212.48410555553738,257.497691041385,Test
428.67415617995255,300.7532845360999,Test
90.36669868738274,297.47391632605917,Test
130.91590479783065,209.3963611856502,Test
152.93998803617953,209.96527990199954,Test
76.52249969393773,274.9944032151744,Test
295.6695152925806,230.59882949323085,Test
116.17253148658025,205.11941722388653,Test
51.02044319853451,187.10237625395968,Test
156.94861454076732,261.6385965368366,Test
119.24046617401984,216.01161026870366,Test
29.379560284423718,109.19835072357783,Test
67.36329920476423,195.58235942162116,Test
56.86314782629569,205.43476458951963,Test
354.9046413910254,221.86937902520603,Test
34.81182070545735,192.82881288712423,Test
103.65228957311191,223.02143882087807,Test
203.03639068579156,290.8403488423806,Test
252.2956016390183,237.27077679771523,Test
244.7129198105895,187.66979392204175,Test
211.01838339312974,268.4298643796636,Test
362.1793845712682,226.9217659715939,Test
199.6015248863194,216.97732071605705,Test
156.56641156140756,186.46958777845467,Test
207.70207321632944,214.64748155317804,Test
222.49458605960203,197.32532554635068,Test
160.93003130620696,118.73079027584824,Test
90.13490290338495,121.40245916321093,Test
178.96494905670548,177.42996518007317,Test
559.2010950694807,125.97402593419066,Test
197.01506918137153,220.82022250717267,Test
211.9038625554074,223.25431035635046,Test
148.95470265491156,303.0792758308946,Test
187.504442720413,225.14492608501504,Test
194.57276302284816,200.13648069490418,Test
141.94554448045562,284.9917925963793,Test
314.984333837035,228.42609517790572,Test
154.02182375275837,195.0910253527756,Test
101.34084554261837,190.4502005015422,Test
205.80787046109924,256.117274579994,Test
161.01387484132277,209.84530348673266,Test
105.92241142915846,140.90096965802505,Test
61.182640418571054,127.73960207822562,Test
96.0545044229073,253.43455702488953,Test
405.6930896754056,233.09955835202197,Test
112.84305509515531,222.07493762724857,Test
138.6700030779658,228.7868417812887,Test
186.6029547175866,305.1282801873605,Test
234.50531317573706,199.79515440451044,Test
265.9340344074889,216.1949698212749,Test
186.06897458313966,250.29339203833905,Test
358.992452620926,189.59984257508196,Test
198.34964872911743,193.34591118886388,Test
156.19608849750463,184.4624471839913,Test
223.25982766506945,237.17407205513837,Test
220.80536498106264,194.92980454317177,Test
117.19858944638733,112.67026708054583,Test
150.99299839080513,211.41029812186034,Test
101.21206260599456,209.84086406624547,Test
574.9387626742441,221.20812244006393,Test
131.52201835798556,207.76934892607804,Test
261.7973770124581,281.87628085440167,Test
142.39653808964593,275.66328415733534,Test
159.97847002416185,239.47974507475377,Test
180.96955606545367,196.89170565184648,Test
96.92005256654309,213.07382924294114,Test
334.74831432876005,206.4168027112126,Test
131.53148830748364,213.71660510945492,Test
105.5725389209385,195.73136307872232,Test
124.27937932514683,189.8282299803423,Test
119.57228284128016,233.90397448722695,Test
67.47472542060443,140.16498543051918,Test
73.1881278404096,198.21401975207104,Test
83.962541767955,186.19366256234713,Test
291.5882536310957,237.4403740633948,Test
73.82148840993547,209.19877467801908,Test
152.47854737073808,229.38920214287086,Test
215.70241259448122,249.5963099227258,Test
201.61342639534752,209.8922410847699,Test
233.54856681991006,200.00191565051028,Test
167.175608083775,220.16925181402362,Test
411.44281271094843,240.3094207375274,Test
200.7959501934089,211.97074273268439,Test
156.50940453548492,130.33066953858656,Test
167.3705553608776,210.18263334275758,Test
172.14297449027862,213.8859754499918,Test
162.128999094696,165.68983559627594,Test
121.6181101854149,218.80124881733573,Test
173.61780831957563,203.35195614223613,Test
469.2875773918079,205.27488107744207,Test
159.90102640010753,284.9829890948784,Test
285.13249911086297,249.00389749887236,Test
140.69435206713774,276.4059208336368,Test
171.98977073359097,199.58543257490464,Test
190.32042248348694,198.47046263259298,Test
104.7168074722926,229.4204780080354,Test
366.37165791917664,208.2313836560426,Test
135.0484244791146,227.7207734512032,Test
88.0514028121355,186.4740016152298,Test
189.60658568290853,210.44786863951842,Test
141.78892955034635,209.13017840547528,Test
89.10921217813504,113.20263525671797,Test
84.9180663292384,186.4253835544576,Test
56.77548799756599,192.71765064951407,Test
346.9823185104506,211.74552484313014,Test
92.04209378560451,211.71362552423227,Test
152.2829591259014,224.78989856717786,Test
256.1898160798557,292.00651413795595,Test
331.05848770354027,293.07254045922735,Test
274.6917197277732,290.7532540748372,Test
288.88929292326645,289.57135038886287,Test
327.50057283282,294.1990572204184,Test
336.8807910464992,288.0287008571893,Test
265.5980802983968,274.1232883125111,Test
293.6569597807087,277.79679404415674,Test
315.9861758730955,268.84286552273096,Test
243.93616539248467,265.90814521148724,Test
235.17874227402942,236.7019688507191,Test
295.9197400823533,262.95840343359606,Test
636.6237276438093,310.8684138484322,Test
214.27836109539197,260.8345792558488,Test
418.01012478368307,285.65867724289257,Test
192.19073795235772,305.58392456060466,Test
218.75766571292183,226.39260358514545,Test
261.65927341627986,191.25710025203915,Test
176.8986284059733,264.22726112505234,Test
372.29328836295565,195.52909234990426,Test
215.784952533473,204.33156634026406,Test
145.6042594409943,182.06711274916321,Test
274.95546597614106,204.08956744616899,Test
201.54977043689794,204.32305080577305,Test
170.86051857055816,120.00859210797891,Test
189.4910283048582,224.54267236828966,Test
138.534941554158,167.08909725710666,Test
484.26640979742126,178.01812774174925,Test
115.61547158502432,219.71778250976155,Test
400.133573199235,218.06103879242323,Test
242.34346661437348,284.6244175579065,Test
327.30911937721606,291.9340438887612,Test
251.1300307501925,282.84910232096655,Test
250.68121611352518,281.9816853270812,Test
373.8474426211897,207.93114423120605,Test
292.72241936715886,244.46128627818612,Test
228.22673149895058,262.3612204765203,Test
294.0804278061507,278.3804438189831,Test
295.9202446593726,266.877135444127,Test
258.65543461155164,124.25845171305957,Test
189.50613350119536,241.52023175524886,Test
261.2517333457029,249.59893096304137,Test
642.9573081093343,249.15001909235534,Test
204.39704130759634,213.0885177063228,Test
366.3047943614131,309.77249273938,Test
128.1712753009992,247.64765897357583,Test
162.93489845550462,244.68867533956734,Test
167.35529628628382,171.40714953258194,Test
109.90827748469543,203.71102046945046,Test
373.553034651001,223.58944731786715,Test
133.17312921058343,211.17539425543032,Test
75.30935069950922,115.29966498974635,Test
164.430822750839,186.44538670859933,Test
126.00074709861656,204.138079418538,Test
79.27871765130804,124.94587277663578,Test
66.13777231946959,135.70793067346986,Test
43.790063620269734,175.77271189653436,Test
238.04069457115926,117.90808702612335,Test
43.834143248567926,217.2019701835115,Test
138.22693555091814,226.82193098525798,Test
250.39975071593452,313.3360179289192,Test
314.80053189835024,236.55612686815616,Test
321.3637458306289,278.15703909083413,Test
311.2604926830858,301.34584987150987,Test
355.3773945370318,228.54258906628698,Test
256.5389012109779,256.52609062497555,Test
235.63222520805883,248.37840912439532,Test
270.6940576141129,273.3585629643339,Test
306.9948709946199,276.1315152419472,Test
226.722620393673,189.17855922783417,Test
201.73297513277674,226.30174379312353,Test
241.39934693320274,263.6177815586236,Test
742.0586047754794,239.78571403339234,Test
175.26078593414832,228.47726956945726,Test
321.34294228181534,311.4769221215083,Test
256.5581317140253,310.37410954113426,Test
328.34529694784817,233.44038349253836,Test
291.7701441303585,286.7501839460305,Test
292.9360989154094,288.690754751384,Test
361.4646424584704,222.18569300238914,Test
289.8838737821442,253.66037442819976,Test
254.71283753685645,265.22339103499047,Test
322.7477576158358,268.33370742087436,Test
309.05706389160156,269.01320475127557,Test
229.3955957138951,150.76696189621953,Test
166.89911285391653,262.2782639984057,Test
244.41601313884146,261.36578672748476,Test
674.8293203389628,252.46265351698,Test
171.02061101023875,221.8516085395839,Test
411.49737691175403,305.4103005611318,Test
248.07431584629143,311.4088452673919,Test
291.5205508833646,285.9333402928403,Test
238.4520342136706,282.60446750114227,Test
256.0654202368614,291.4828242888258,Test
269.0127500137056,211.46766588859933,Test
246.56971347753637,259.6311062213908,Test
251.10266827635843,269.5169056657838,Test
310.83965829413324,276.7993660633349,Test
286.7443948810778,279.93513919034297,Test
234.5926516409968,198.38970022296039,Test
179.2588183267988,237.03040920559604,Test
231.60215991850734,263.7547299096342,Test
572.8278826121634,246.68039692535547,Test
200.56890314479958,249.10402178084985,Test
315.6151629524944,296.80387182864536,Test
232.3673483430651,253.6939235689377,Test
221.82133774251088,219.05193840548202,Test
215.1284442359228,193.15696864656752,Test
176.4271570306805,233.26462844155594,Test
461.1501077286285,205.17004141618867,Test
216.41304571846428,196.65165565984256,Test
152.43665819848795,117.39076321939501,Test
188.83410784865043,199.53835349359952,Test
177.81541753520168,211.49196702859044,Test
138.52462236431163,166.10245508175663,Test
125.44970298865567,207.52118670683828,Test
157.18646304478386,190.3524883114655,Test
339.95989075465343,208.08666277555383,Test
157.35313633546974,210.81196875751607,Test
310.2635463435118,231.94988606822366,Test
240.94109381074853,250.14347021561247,Test
269.19721653837246,186.8028368387437,Test
296.6164995312894,189.0118399758261,Test
213.8201380906406,240.83496952361608,Test
466.2378961959523,221.12039212749983,Test
243.66982831432097,211.33088977827708,Test
211.91608605543826,169.52088244495658,Test
215.77066387576727,222.42347740356317,Test
225.24655164977526,198.67266882285043,Test
192.38670713989825,179.93763083649725,Test
188.19274329628124,218.41005736104313,Test
253.09658180568135,176.39200999926078,Test
385.9250044716958,210.0952789062528,Test
176.20646379410732,279.1487955964693,Test
476.5409473846351,228.93471593804614,Test
265.3478071069685,308.66139900036563,Test
348.3380876982399,255.55847718168621,Test
292.1831113756299,287.2632658409096,Test
319.7358677996625,293.69337744736316,Test
318.4436770179243,184.50374431400016,Test
318.40927799435076,272.1642778193261,Test
288.8688179106167,211.4980484132914,Test
383.8461734393842,256.5902961302826,Test
313.67694174301744,261.8337027952578,Test
261.0765943051157,193.1348732425941,Test
276.9415185115246,259.968861204784,Test
263.5110599883606,237.43725074779417,Test
694.3481336968536,264.243925629403,Test
203.1335955979252,253.3815825397612,Test
424.1088968651481,290.1038766134804,Test
247.15763686171184,240.19738322727267,Test
236.0088003923222,196.59225903998217,Test
259.0744699371169,212.69094047452063,Test
206.8306040604138,213.97933803659384,Test
486.29855089771127,220.7916230918008,Test
241.19039875007718,190.36128864400453,Test
173.86041872850265,141.3092789628745,Test
216.61194405530614,228.0020505124586,Test
202.04183804665723,235.3268436816112,Test
200.7425183971389,168.72034396265184,Test
177.80654213587508,224.20172788073933,Test
220.5292866013546,195.94834825269882,Test
489.02366212698104,210.64193005538368,Test
181.51256094970984,272.41585803666214,Test
355.2755083667996,232.46992739762817,Test
147.9816692720632,282.47896255645804,Test
183.13542527176733,203.6900563782222,Test
189.9016871290208,199.2397567620193,Test
105.11548997506087,230.58743877330085,Test
422.0865281464463,210.03209498505112,Test
133.9990191821348,233.80847994120893,Test
108.04185455211629,174.2061480267191,Test
142.45102155893193,206.91919991202192,Test
134.5523735411233,218.84664624322832,Test
89.99405824229339,137.84313160661412,Test
103.61019530827477,192.3964211206828,Test
48.30125788577381,170.80598806877475,Test
455.65298429289226,221.98525260207404,Test
86.29308498163249,190.2791273105778,Test
253.0495216729119,223.67668829273507,Test
