Loss,PredLoss,Set
232.1450557713598,237.43131278657557,Train
214.7820374790552,204.6439264369442,Train
242.9866664463595,195.2834054792396,Train
208.25894267327274,219.64152307179054,Train
208.598866159795,201.92573235170036,Train
230.00643690592625,195.5411383574359,Train
237.48165491166645,209.13171216293975,Train
269.5245201770157,192.00618030857748,Train
193.13503270197378,206.20497591710554,Train
326.8131924865409,202.4730591480221,Train
170.058999530717,199.5386223338988,Train
226.87245383450207,214.45515558011334,Train
227.75355539789606,194.21983400059145,Train
214.70230422089907,183.6320514999037,Train
222.718700303511,210.04290197406098,Train
251.80274364573197,233.21528308247463,Train
277.45443424756184,216.9924447766218,Train
254.1737721090007,213.22700741291152,Train
237.96075723004853,201.0368616634177,Train
242.81538961070535,210.65406613072733,Train
205.7376692509711,201.7064263549446,Train
245.72759615084584,203.65523171978379,Train
257.78517031032953,216.15504776244072,Train
227.91039172942223,207.39257204163073,Train
205.10326040812384,165.33957114475345,Train
196.36377634643458,194.55313239898206,Train
219.1919395443541,202.7594705439443,Train
175.58775000188268,188.45814014289425,Train
230.05120771902017,182.08596963666088,Train
155.0823126957667,187.38809746094702,Train
171.1810649321222,199.21582229680098,Train
257.34746442808654,189.94486260671613,Train
245.58151118366,224.53788938566697,Train
163.8832051988423,190.8059627752811,Train
166.25254647363369,209.35489786920473,Train
200.189535008034,218.08596235500022,Train
258.69417080204323,191.35480258196412,Train
219.2664538556615,209.79319723674692,Train
260.4063841688886,215.81276239109374,Train
347.11396174172484,211.10353517926387,Train
227.38918657417003,193.47352519956945,Train
142.73205866622416,206.96990307411997,Train
296.14257801788733,212.63599451727853,Train
183.62074462915936,191.86334414911857,Train
162.16655850004034,172.98351186701376,Train
441.7800196305303,238.4464355209011,Train
248.96112802062936,182.83704459406573,Train
140.20988367033726,184.23272302544817,Train
150.52628657965414,196.7516324884179,Train
167.91033674858,216.73011759855552,Train
370.8620341771149,224.22306620195474,Train
370.8813788652587,205.47876032816473,Train
244.96837081301152,219.31910675119573,Train
255.62301002037324,225.78270230953615,Train
150.845296487344,199.0192765635257,Train
270.1352302139236,205.01293147249385,Train
226.78987218795766,237.38698061700134,Train
239.59662501058418,247.04448582246147,Train
228.01264712664886,240.65497763307408,Train
223.53793853615204,241.3206113952928,Train
201.6724992390935,237.38417618455503,Train
253.4163292354733,251.2291765116547,Train
249.2694285252915,256.68850073363865,Train
224.23179710854794,252.6870306403841,Train
244.8034349852428,235.91744883547818,Train
272.484342155376,259.5307365360467,Train
237.27451861894747,256.4685978203048,Train
258.1739643759573,247.74672652924482,Train
275.68267942640546,246.7664562277973,Train
261.800663770292,248.96402452585824,Train
272.5279174076169,251.42611126861237,Train
276.3644403383801,245.08686891874385,Train
269.81023256258163,251.00579277571293,Train
277.36529408022153,267.144485931525,Train
257.0296248912998,240.0785004503888,Train
285.8032249958163,262.4091338350953,Train
279.68609439377127,247.1578160047378,Train
238.67823308516466,254.32022147403183,Train
257.2796410699962,247.74520091156438,Train
223.49031834826616,258.0822608396314,Train
235.3102649199745,245.04721892909333,Train
215.7394807851211,240.9173938749037,Train
234.77796594370602,244.09438088381367,Train
267.9257203957294,246.01159106584473,Train
266.182744141191,237.56996769534302,Train
187.54903718009106,242.18800465048292,Train
221.02459951242932,253.5892788116432,Train
202.10943113820605,254.95410742662165,Train
347.8035320574211,248.97867298839918,Train
192.60690227007433,244.8480186303947,Train
188.01954177616608,240.00586340860747,Train
194.0414505756961,248.88713066422068,Train
273.6726286686645,242.69135310810896,Train
248.41307605507117,239.444231389765,Train
219.76279273491633,234.11855353605776,Train
184.22177870819974,244.90683198967244,Train
190.7900339749214,240.4404305465902,Train
155.4675585350816,236.34577968392236,Train
358.25435238867993,254.86210875021854,Train
186.65041553571675,233.75569472478236,Train
176.15574797619183,231.20014335108573,Train
358.2703497101053,264.8674592735265,Train
246.4942207374571,236.09880189744484,Train
197.82736105824722,243.09781271690187,Train
236.76977067247572,236.8696992397708,Train
195.32144958014257,253.7352446189307,Train
307.9823977812477,236.98034350795254,Train
238.7526152757912,237.59082282380012,Train
211.63210206377298,251.18203101625534,Train
345.6208581451932,256.4469745225195,Train
143.71888352005175,241.40592681957585,Train
312.92617818834856,243.5189580819364,Train
271.78415103063276,247.9139164485782,Train
250.42684893434642,239.64735086698323,Train
278.14777377187295,223.83893030101618,Train
263.9469255432125,258.494819611371,Train
260.3243042483651,212.19511087571496,Train
302.2799098873306,219.63971503021273,Train
305.8137424601091,251.3931793563931,Train
302.42580196670065,233.64758619861206,Train
239.61608840710508,230.24482910694235,Train
316.8846017813225,207.9910224436053,Train
229.73134208935295,216.10450727584364,Train
275.65630933119644,214.60580494219673,Train
262.15950350685284,209.1730620156987,Train
259.2409246163222,213.3521704555176,Train
273.90057265960456,236.2433832287018,Train
302.6384476366999,246.80056656416514,Train
401.4545495476083,238.15875763470402,Train
265.84887839232965,232.63241908543066,Train
249.32143417086394,219.11350078247528,Train
295.87221688321125,233.82472121839206,Train
248.00122652937154,223.96428988617942,Train
287.7084631093448,226.9151209000066,Train
292.4939266231311,233.19054201770555,Train
241.3576170707303,206.43615699197952,Train
249.79953445214247,176.73775091415695,Train
240.8196787673677,219.26304954762017,Train
357.9180500164059,239.26948246274185,Train
258.0946481992571,222.32054477372196,Train
308.8494733159213,189.61678696530396,Train
223.18252536639827,217.26852490959803,Train
256.59380435068846,204.08817459946167,Train
255.08331026879162,201.37959080825027,Train
351.65104312070764,219.20576802716747,Train
269.79700290643666,216.196432233359,Train
230.02118962597874,222.48181384127682,Train
302.3236032793338,228.85112831959577,Train
308.20424386650177,230.52191207833604,Train
223.1631113874828,221.52647110921373,Train
351.70020584227683,216.3007157996583,Train
249.31552723088387,225.22154628490375,Train
245.00907555330377,218.39495436937116,Train
212.78085080953664,217.6901680697757,Train
355.63085299958266,249.0714244977097,Train
201.0590821234415,189.42618022914772,Train
204.06553818111348,190.5815575413935,Train
490.6502211725982,254.90442222494133,Train
346.8131310978962,230.5969372005882,Train
227.55426795700706,200.67218594810186,Train
199.37363174993092,227.08346445963187,Train
220.27122247666767,223.9363227948648,Train
437.2470401372175,242.2616242202968,Train
237.80108473158026,217.7199772447069,Train
307.9333562597561,241.13061441694813,Train
318.6438547217448,245.9486368297553,Train
164.9325801175465,213.50142962611693,Train
186.29953244716117,211.0690692539887,Train
236.3017275473706,196.32034008929884,Train
202.67772386890465,174.24668388322573,Train
214.58529920583112,173.09933966185187,Train
198.5244535581503,197.82714266695905,Train
217.49518692586193,202.97589577974887,Train
194.49749930896616,176.79480252558776,Train
213.53139070746283,200.40898540824833,Train
253.5968611213521,178.5419973671479,Train
248.19391055063403,191.87437871303837,Train
260.3225389953084,199.8980253659875,Train
223.48274645537532,178.63215266361692,Train
225.1745329308347,199.39107954766823,Train
261.8978984216867,198.46073067932383,Train
260.15284292793126,203.94135916917497,Train
195.43936644956838,188.86806990213816,Train
204.25746898659796,214.80600556163083,Train
213.10715053902015,173.26855438834593,Train
256.98841110683486,187.36758939584857,Train
213.4012506900421,166.99663074216454,Train
246.8456692886419,171.45122987903505,Train
241.82166690263438,194.89795012458194,Train
219.3292435320193,176.6820175147441,Train
280.86839917679663,191.74468262405168,Train
216.4391338369666,188.10012751483083,Train
197.54144751252917,169.7328114027412,Train
210.17534020348418,191.67356806461538,Train
198.3408119098318,177.55446982566005,Train
221.53786263157207,193.66114015599993,Train
230.76649236870475,217.40570735255767,Train
177.02670112122996,188.68340897832385,Train
189.81848888914777,201.76629566279797,Train
188.64185567245812,183.29306900686402,Train
246.9968014711609,206.41577097676964,Train
203.88332628525637,194.71838860592945,Train
181.8014301147443,205.54914379495207,Train
240.25111295962483,178.7091903049904,Train
365.2323748198979,208.5531413207218,Train
217.2452156955635,170.30501057068807,Train
237.2896355866216,220.88570513001886,Train
201.36563449307235,195.95809438128737,Train
200.4732124149155,198.1910445046105,Train
185.6123693521514,205.24277299281965,Train
219.7831053047797,207.47122704454566,Train
201.48542027280052,204.84897643152243,Train
179.71931425621398,179.6193534259755,Train
283.98478725501985,194.3439914491509,Train
248.28183926921835,178.55342240403803,Train
230.11047029880947,198.72443077493497,Train
190.97068034379302,173.54061872231966,Train
253.3624694041692,192.0847502825974,Train
445.28583747993775,217.24807116669623,Train
199.740784571099,208.95572911875786,Train
234.22731067765272,175.69482092205223,Train
405.245415799599,220.76400684414284,Train
247.2950999369379,213.4206753390703,Train
362.3763630896693,199.55135536568434,Train
257.21913730287224,237.37224991038795,Train
215.10222803317544,210.93625053106527,Train
253.55791517987743,198.41491435015524,Train
215.08619874297824,214.6338703391217,Train
236.18707872247788,194.7055451320835,Train
218.86055511837645,193.62548025008581,Train
240.1066279306737,223.3236382087587,Train
278.92529715936985,198.20313484387998,Train
212.81656280446487,208.32970277822108,Train
325.2804248659586,200.55623997013151,Train
185.8168833438512,187.2727249180145,Train
235.4259382381426,211.13124858024875,Train
236.10758954883283,193.84619017126278,Train
222.86183727592189,185.84287661578423,Train
255.18868141940976,213.28485124065813,Train
270.0881219792965,233.75956389731328,Train
281.5601589555821,222.59749801334956,Train
265.1047923482664,220.44937572599017,Train
245.2220221573496,214.07288254839662,Train
256.9118483828316,219.16559389818386,Train
223.17427102471243,201.03752774587448,Train
270.00929008299204,211.12465278003893,Train
274.91690555767053,200.8422566362997,Train
262.3971174487478,203.58243551045229,Train
228.94992575622393,171.9484609700624,Train
195.57533048009884,200.84380979126774,Train
249.77333162037263,210.81200832485607,Train
241.0439291770452,210.05916611099192,Train
235.88712315011662,184.45355781652296,Train
157.30291353958683,180.59860389628918,Train
197.7913003454559,218.56186234540323,Train
241.85228356772367,175.95598857192743,Train
289.4858632063904,220.18623354538948,Train
207.6920392614559,190.89037244451353,Train
199.47081173292025,219.87876422066515,Train
205.32218062078343,202.77596454265847,Train
288.2461459250454,211.05597917983675,Train
213.74270764570625,192.69736286200924,Train
254.8118657827659,216.03707558567643,Train
288.9536203362244,210.08566331570745,Train
211.16797130608165,193.51747131038894,Train
175.45491869233777,207.6440561717784,Train
227.3144624949927,214.81689124005885,Train
128.74660271404647,198.477445812072,Train
173.75133934949886,179.00857212641796,Train
477.8286724013503,242.63966069982678,Train
225.4786018696005,182.61506412380487,Train
190.20112775424957,174.73064716112907,Train
165.49625005529745,194.8327444339884,Train
221.36396877274416,213.72041164213812,Train
361.3042839065897,239.07031434811142,Train
256.31719545683393,192.41192428346812,Train
217.90270342347702,199.78651585730836,Train
267.06080780651905,228.00898054158725,Train
179.79150860595985,190.00539476936456,Train
267.59480582179947,194.4017210861793,Train
176.51901153505952,207.22925210197766,Train
138.70840794979657,182.33318543547378,Train
174.45906126523414,181.43259563535517,Train
140.27097148137213,197.0627064387132,Train
134.14413859821042,196.20097353762498,Train
152.57856261574926,190.9716849030433,Train
164.07424353398838,212.15848403604585,Train
196.63118135292802,175.29282240626077,Train
166.24937607256808,203.1671847778306,Train
212.92882769290856,195.92097246352878,Train
161.66953621394944,173.13071910832687,Train
180.47150163569063,204.67875149758754,Train
199.33472395813237,182.39082661880462,Train
190.25920318127447,204.17175803249233,Train
163.74493930511704,193.79318709353265,Train
186.29193232966009,218.41359632586102,Train
187.90018225490337,196.27782210102342,Train
189.56968908084724,201.18224818474738,Train
163.30045280749144,176.63173858034082,Train
172.09247343483605,186.6621827894514,Train
166.94575096288108,200.19300327615744,Train
175.86028539162663,192.57210090053238,Train
181.33607672107246,195.24041285929758,Train
158.87312495121884,204.9827504134673,Train
157.47143008206552,165.73965126229768,Train
156.1309921136127,178.41722359455068,Train
179.35181104586033,188.63141696414573,Train
136.13388687880826,191.3888617909687,Train
145.4772196124566,182.28292438116986,Train
123.38180924680555,180.373414558021,Train
167.8476557818547,186.458436706071,Train
110.87475921760449,176.26044067576183,Train
270.9631195540545,212.05299364809534,Train
130.1127367912051,187.06965629115086,Train
139.82361092905592,190.9619753589189,Train
142.59574196760724,188.6012490727304,Train
239.929129906859,199.7658561795812,Train
109.82377474681127,180.3938789397771,Train
179.27967648746375,211.6343856608552,Train
136.79683512881684,199.71806682068623,Train
153.87525067087023,192.4227114650762,Train
125.51492311362406,181.59069759214498,Train
181.2158524570784,189.07693424522498,Train
107.47803870123315,179.47126148446998,Train
124.80148184608821,170.49590610137594,Train
271.6861818916437,218.4468541560358,Train
145.63213883789967,179.6802114160804,Train
138.63935268485608,191.70332401450702,Train
145.70782343251278,179.58448100913083,Train
163.33755108087,219.65455144842338,Train
398.02853562992766,242.7026766608731,Train
244.28077707968563,199.30165626967354,Train
213.0942754301441,190.4834238322047,Train
206.469030681303,227.46660568948792,Train
154.4050428331623,193.9148412413154,Train
203.902311885722,197.06409733696447,Train
217.86889180168805,245.27294829009912,Train
203.2869341398237,225.66431728474493,Train
234.28601073441638,208.55193718172603,Train
212.8661215854663,235.88898960580875,Train
233.52726669297334,218.0204930241892,Train
229.7694460569375,212.2896453516136,Train
236.5926596773588,238.36830103910387,Train
246.99690755423723,216.17568010540305,Train
197.98218968757268,216.62929366314955,Train
289.04850607736535,216.80470106930358,Train
208.69585672361518,214.61712833623594,Train
261.42424162632204,225.096454897637,Train
244.23366078548622,203.27252326263147,Train
255.12411420110732,209.9234227638585,Train
238.09560187318567,229.30239799957448,Train
259.6481238017211,237.93644445958677,Train
361.78167998671364,232.832894502916,Train
264.49627042816337,227.04914408431426,Train
244.29189512607024,237.00116752862,Train
255.66855408043412,244.47203101164698,Train
228.62624729125534,217.99367423084522,Train
264.6649747585335,214.349949211833,Train
272.78473648226884,231.8707064301972,Train
207.48553246246138,218.5082974822453,Train
212.26736269911092,186.99997173240664,Train
206.6302271922177,217.91085927617803,Train
253.5741259417817,231.80950819040885,Train
209.59905894780263,234.10681010752296,Train
218.20502621028078,188.33969816258585,Train
174.39202772921607,199.93291036548206,Train
179.6600635046084,196.71538733639935,Train
216.50913353645794,206.52299771211506,Train
312.93923782476463,227.3552292484513,Train
202.95037636952844,203.56727564578154,Train
215.54254917074937,228.02914721608062,Train
207.21575622842744,230.52553936954655,Train
240.96999754256254,221.27541943555494,Train
250.30527311315487,220.43107989003937,Train
263.2215829402043,218.50809146811451,Train
237.71892702371082,219.791723561791,Train
215.79730536367464,210.43285446103425,Train
214.9567179600955,213.76007434221523,Train
305.19716481297337,240.8044259577854,Train
161.01864592230848,209.74835999411755,Train
181.42116128810062,191.06149078480428,Train
380.40471091035,256.965490015162,Train
285.46929478905656,222.76333357580714,Train
218.6149129242201,176.819315255373,Train
186.84156531584088,219.7691631088835,Train
204.14925196391877,221.05257615641506,Train
284.5379728684537,228.67366172153166,Train
239.00772802944584,214.11852379976304,Train
249.5585174468951,229.60709127054093,Train
239.19034112080143,238.2487656171296,Train
155.40319905116507,212.30954497836805,Train
264.1970912379858,197.44811222318444,Train
149.55446855284714,198.72377765330188,Train
114.76345791127153,180.45994703376618,Train
125.55301533956224,173.03549380692422,Train
111.92314083771936,185.42186137391042,Train
112.3738344057428,200.1848766767628,Train
123.40509604363265,178.11517626751132,Train
120.51692575138883,183.1830890941574,Train
159.7093235290114,178.62093002988615,Train
125.48228937650032,185.56552585169555,Train
178.83582329385553,191.87610420708427,Train
130.76992528107718,171.1490692557579,Train
128.28459533816522,192.33517358435324,Train
153.8798334651195,178.68989304122766,Train
144.5556396619403,202.38499489448373,Train
93.3120139286274,182.92311813556012,Train
140.1489562651808,201.86770511523832,Train
124.06646667160065,174.9343496370443,Train
150.0645451478868,181.40705102138224,Train
120.14319169403937,173.51264282602506,Train
132.30240631005836,179.84861100270635,Train
134.04218899594355,204.07694564778282,Train
135.86253975169518,183.50171323711984,Train
155.26345857731312,185.88611154048516,Train
129.24494547279755,184.20039013324794,Train
124.30700043814824,164.61696245878855,Train
147.4496234733653,180.77119277362326,Train
132.17281457844882,191.35962176822846,Train
130.97657375339864,178.86189126921283,Train
122.86090099821477,196.43117109251736,Train
69.32579631289732,184.64296065935656,Train
117.37125969744619,202.66818982002096,Train
91.99729115186148,182.72803843365028,Train
189.20389067614317,195.24903659357312,Train
121.99105827029109,187.24171418071518,Train
135.35879393430542,187.4249550257609,Train
176.80709766818617,195.20481890782878,Train
214.83596947193325,209.02415890067567,Train
126.94540934554672,179.59910616538974,Train
168.63541728902652,221.19344562722083,Train
154.40599330237262,195.69052642248926,Train
122.75713738558517,206.8863386798272,Train
105.18884953866412,213.77806984256054,Train
150.70112976160937,211.64324646993006,Train
108.79397805442096,214.78189417708458,Train
105.46739441709896,207.29306978307608,Train
249.22137884964337,215.0122631261203,Train
190.05593135205402,198.57049815562257,Train
67.97105192433115,209.8005168490524,Train
124.46674056647451,224.2560518781988,Train
118.0429972784843,215.9599986412399,Train
409.1998220603605,229.1809961529721,Train
164.937214912103,207.19526600308984,Train
148.25517583371192,187.91192302823174,Train
184.15370482518716,221.72974725570631,Train
153.63280188652885,211.88298367129474,Train
256.1924670177367,220.44634049302502,Train
174.4187299699294,236.36613488772934,Train
133.63424987888897,219.9132796419943,Train
162.90698363291227,197.79564794287336,Train
136.2369312319993,215.97433223379807,Train
141.12409267614998,201.62745972166493,Train
156.56846796536445,202.25578183959453,Train
179.0700570996426,232.9609772089507,Train
187.62886007898453,199.34708581297758,Train
133.2448769033901,212.0290381800691,Train
215.4181075728594,195.22331100709238,Train
143.64855208739235,196.7411831644799,Train
169.93621044698915,215.59008518657768,Train
178.78108265164957,198.1369573737502,Train
198.18316870137363,190.69716672156744,Train
168.64246859616156,226.9313438322424,Train
223.15898233601314,228.54918908288778,Train
242.73270992092833,226.64892904709697,Train
188.8636513509074,215.0434493456535,Train
177.05180662595006,213.01895991522554,Train
193.2971757460565,228.1249598448082,Train
150.09975871122657,200.15162292967696,Train
194.4595555214605,211.54045460592377,Train
175.87656617675805,214.2831869657359,Train
153.85079067711925,202.91556862507736,Train
135.3822290225443,170.93110228018529,Train
102.97088121303298,192.09983791385565,Train
154.6167472485853,213.1459205843379,Train
115.31982712920149,189.8293306416594,Train
177.5801208548813,177.85194874660826,Train
68.39762842562486,180.58695293968907,Train
137.77234984143206,190.251786358502,Train
105.704285102303,175.99931366831845,Train
241.6934342082378,219.3726923662119,Train
108.23979715923622,176.8384933418346,Train
121.84337395529829,204.9208049796698,Train
100.504164596424,199.43916688481957,Train
184.22216908261356,204.57129903363196,Train
71.99738741386676,173.20264345875404,Train
194.3298195901838,210.3305743757062,Train
183.7194656115645,210.51651718501577,Train
166.16632547800882,192.61056433858107,Train
117.17039918951689,194.73424582300174,Train
197.7316867460886,210.64698616548847,Train
96.35018814772425,194.11395857991147,Train
93.02590339442335,176.74544251274943,Train
285.7588324861863,248.80155762151887,Train
160.04897542301308,187.9367449817749,Train
90.3963322049033,183.94137043771525,Train
76.80090283185737,198.25324527847195,Train
129.76268730387517,213.45025646889374,Train
322.78168562095664,243.12787927548814,Train
165.85789778310192,188.52777419298815,Train
194.4913237903108,201.3907844469287,Train
156.68196364258336,223.12369703446475,Train
111.92981733991978,185.6968210940105,Train
168.73488488231985,189.02522072237497,Train
172.7516084122413,228.4363538551963,Train
149.98209024228834,212.12910781609983,Train
183.25082731733778,194.72725180290558,Train
139.55781963738963,213.37977432117984,Train
151.90306720244394,193.84720526414065,Train
167.78657001250053,192.23139244924621,Train
190.70832806755965,216.43345176435898,Train
196.16834136762122,184.15473096422718,Train
163.1666099126852,203.71550234960208,Train
252.7031337027516,183.3981338239928,Train
156.77791273782034,189.666113383243,Train
190.3909470178916,207.6367773379289,Train
224.04223654296533,184.9983866211972,Train
208.73178131304135,195.7627460844598,Train
200.45958132811987,206.58588864141117,Train
209.72563658820087,222.6723605852263,Train
212.02994709328416,217.2433312677306,Train
221.37251284336995,206.10398629806897,Train
167.75333383845822,178.07456593624286,Train
191.17241007854878,201.48233420048257,Train
190.12974156364183,200.13292728763574,Train
234.62532829373737,217.27497174167846,Train
188.1591702688352,190.04927187807138,Train
190.73126748893552,202.88724922956789,Train
144.3416199540382,158.70856202730982,Train
129.49022766414342,172.2091510080781,Train
160.177090619251,195.27962006868017,Train
106.90220881936098,178.58447013610973,Train
197.16558226447344,186.8150587393756,Train
126.4672109545883,173.98405744050228,Train
171.30709488970544,204.0451724594916,Train
118.18523406982527,178.11019047357212,Train
194.6016284949474,193.622294583115,Train
103.0562781650718,182.47726083281518,Train
88.5491830801988,177.4690696626608,Train
116.08034324032819,200.0227482363045,Train
224.14975864545997,199.1974097219868,Train
80.25742929559424,185.24877355733423,Train
118.40335519073079,206.97559240322602,Train
160.08753633086994,192.6644057513192,Train
117.80997271601147,189.14627322907074,Train
86.0706643461554,189.82617372521815,Train
306.36961122130174,180.77966897879904,Train
134.7068133414504,183.53638140108978,Train
103.0822707066017,174.3091076895934,Train
302.4959833167553,223.86993289663263,Train
172.94795117191137,179.47009714901492,Train
88.93817427206982,194.67624105623585,Train
130.96665261723066,188.64661750236854,Train
103.033386207394,213.48321308640578,Train
351.63837504255974,241.59178467272048,Train
180.28161912272785,189.84083906001368,Train
180.46311844789847,225.40098592889103,Train
362.68287301807146,225.42979844741822,Train
86.44088283324693,191.32246103504644,Train
191.73714789342472,193.07505004780336,Train
128.65272504060715,238.9185399775747,Train
103.19287883399105,205.05105051247742,Train
112.7704520830631,209.9400287549753,Train
83.88544478782384,229.5136805878461,Train
118.03785694827286,225.78831221640655,Train
141.72768856441024,214.26710461735897,Train
196.95493963623613,236.46970309569886,Train
133.2196101637504,195.32620480679336,Train
101.02170014695292,218.77094569246546,Train
201.86120958584405,194.04975664513233,Train
99.73813848042353,197.61431750921554,Train
141.1524868306914,216.50973353073252,Train
140.60425463664765,195.55518122821672,Train
150.59344189829238,198.67813146643135,Train
153.62004861562548,232.7738215956615,Train
146.18407478864697,231.6241993901145,Train
282.28552041735685,234.52457719690094,Train
162.92438550175518,203.07974757268514,Train
131.1006700418419,199.35341577594411,Train
179.81437403761714,229.27307209058236,Train
130.5654974890807,217.06599648888928,Train
175.85404039623256,212.03863079978717,Train
154.68000275907303,209.35282958502637,Train
109.04338457760174,201.8154694024996,Train
80.94418585181894,178.4572644903229,Train
52.882406581724524,195.6479470195333,Train
129.85804676731848,216.69878872663077,Train
42.37110640860092,200.91702515007287,Train
147.42158550557173,180.9153832580085,Train
39.00948405823094,183.19328219295744,Train
130.13480206657852,203.80974698448557,Train
56.79753953061457,178.08210401205716,Train
196.997696450339,207.36428350285908,Train
67.73527282575182,193.42176695953847,Train
61.01026865685321,201.0488897210982,Train
61.32268394364279,209.6864093649024,Train
170.17251868612084,216.83771970850924,Train
55.05977288428737,180.18212211961378,Train
111.48444653814218,209.07032396805153,Train
83.94653964768557,198.97748158381035,Train
161.44605221291724,202.7769731742765,Train
74.48298423383739,196.75681517704268,Train
183.5573357104458,229.7088988905836,Train
68.66910664274282,188.23300157660304,Train
62.318297030728104,185.46989859971117,Train
280.00490687440185,253.83497066613938,Train
144.228936173764,204.8638783354469,Train
64.49038492881454,192.31465806900871,Train
44.28925313955354,209.47967507891232,Train
83.62554080598092,218.4738223641095,Train
308.4992479280968,247.9737588083244,Train
116.91037450590092,211.19158187697772,Train
145.85892053939352,202.95307543559431,Train
160.84488602857454,230.14436239258347,Train
42.86827097344391,191.48861659783833,Train
117.42907537400177,200.92068277097746,Train
191.41443102709067,239.08187575260376,Train
185.2312407602637,227.533446375714,Train
210.61401246061985,229.88267876904445,Train
187.06274612815943,243.51651903451392,Train
205.5774417628824,226.0469096367508,Train
206.65809936478854,220.8822548119393,Train
207.80471893387806,247.31017565170015,Train
219.51730047015087,218.86328137766475,Train
185.79584397360696,223.58841519579414,Train
239.64034944424643,196.99760714334602,Train
181.55081688206909,208.38980305505606,Train
214.52724628707523,216.72451648090032,Train
247.56963765926446,204.32000611676375,Train
207.17799099863717,207.0777026397959,Train
222.85230630519317,234.46787084130577,Train
224.59258357893245,238.08487682044824,Train
278.898822819855,234.32155205288683,Train
214.27102402796095,227.48285021338947,Train
195.2091872032502,203.85173929997129,Train
256.7133123457227,235.28503197128987,Train
244.78339945537851,206.49749668529734,Train
201.4194485322177,226.4936735061299,Train
238.62145957624017,214.78700081991767,Train
160.38943258744592,205.77445477959458,Train
148.72336756583496,182.51216298220947,Train
151.12326451140729,204.48961636058885,Train
206.0891234241631,231.86360892843933,Train
156.12094430410198,209.96246194797422,Train
207.71872715122436,199.8695919179386,Train
112.38247196553002,181.9044685168058,Train
195.61217874701896,220.98836768286844,Train
156.4078474956912,204.1365869438591,Train
267.7694782115467,209.07092776190456,Train
144.6970708945855,199.83783492706178,Train
189.69062554480777,206.99926844899446,Train
178.75014216221325,226.76228229403966,Train
300.875620746802,223.95413476966434,Train
157.06706129857412,201.83439582763282,Train
153.32446381752953,212.97538792577018,Train
198.64782830366823,224.42855945955705,Train
128.53715475699022,208.35320611220294,Train
152.9924431774956,196.70453127825618,Train
195.01369356518424,233.74922110729065,Train
202.10090592005616,182.28970674824234,Train
135.7540802421114,181.53929183421667,Train
405.47321653135,238.93734611263113,Train
202.7583147877719,202.6581158326092,Train
161.10937501137707,206.0358593868237,Train
88.02639720216563,208.07353374831507,Train
95.50938136013747,207.9531651211999,Train
274.55832748529247,239.8586163482961,Train
166.673235577631,207.08723878761913,Train
184.8541056371528,219.74084826177418,Train
262.6009376638578,244.68602680517296,Train
63.91373165774614,194.402962237674,Train
155.7924876188178,203.58257413712812,Train
260.6435512872771,248.09091411499014,Train
287.7610972961034,231.37409532124042,Train
314.9707122808867,242.42544765481142,Train
286.2723962416269,255.6242142509698,Train
299.66614917832396,234.73692036170604,Train
323.6519710909781,247.97219395421237,Train
333.72986197958926,256.7839441938995,Train
294.8998218441574,227.82635259844338,Train
263.16185068468224,232.25015022624044,Train
298.01594850116425,235.0266866936605,Train
234.96211529360318,228.03743507280046,Train
298.000351061999,239.85484080142152,Train
273.6306558063518,206.17639308846503,Train
273.8530295266616,228.4391167608023,Train
316.16747222292827,248.14019048065776,Train
330.573983895152,249.3062482183388,Train
373.07256454333265,243.1920413056937,Train
296.66321416747024,232.44214320152432,Train
258.8459327675648,226.77611611467321,Train
291.1207203436163,248.83316626844956,Train
288.4875768956248,211.4390807449878,Train
278.94650242359023,231.68302121464285,Train
304.4974969275126,241.75370993747958,Train
263.64056040739194,240.65628929590974,Train
264.87569286322827,190.51892731820433,Train
231.2028942950215,225.34133348597933,Train
309.6221647027718,241.6332074615532,Train
237.63350408647892,225.43308530277068,Train
302.23691244614304,190.55181127063022,Train
156.93238978176413,211.77651142993818,Train
239.21993609334214,238.21965994867165,Train
272.5995513808771,215.46850113421942,Train
334.07123564436904,220.02843403357838,Train
238.13498888381793,218.86417686850479,Train
292.79081109922384,235.68021411740406,Train
249.53870229058657,246.39005252406272,Train
307.87866245790644,239.5556198436337,Train
208.81069160118307,238.82822611585038,Train
246.33478972041678,219.88558578868307,Train
238.45095681560747,237.0337520212185,Train
234.159192886755,227.3737691116786,Train
191.45949793385955,210.19603050498057,Train
414.8518719569211,250.84854393966137,Train
218.3363149559396,203.10057068985623,Train
175.912826930915,186.6733709011629,Train
511.5814078818473,254.32314656152639,Train
318.8420578087366,228.60965824226733,Train
238.19477671158302,210.61814020374365,Train
234.63956459038621,239.00589845145996,Train
175.1764214451464,218.78946164161744,Train
399.3053472758636,251.27901855899697,Train
266.52634208253767,230.62881268372507,Train
340.3394058651688,257.95960262539626,Train
417.7445386237568,251.02882941260685,Train
267.7417403583018,214.58001076135622,Train
229.83101106880372,209.52598945033412,Train
246.73964942154632,245.16573566701962,Train
231.4286161427394,243.9005886930435,Train
258.2229635329552,228.8335278747077,Train
267.6226915921936,232.36321970980293,Train
238.62780032045447,238.3449593691343,Train
269.2382897177381,230.923871050073,Train
296.45415978404435,249.52469278982906,Train
309.77541051937317,234.4642018618368,Train
218.2020419237246,230.5650053986604,Train
291.2340539970988,223.38981013595105,Train
206.8714467394955,218.957787554818,Train
245.11422015091483,228.5896378013262,Train
258.9623742313568,225.54589848719124,Train
251.91590898082146,221.2915419193806,Train
262.4748243993086,249.65741330399536,Train
308.1391204868185,252.75395682190026,Train
378.40879724335093,243.2593329438857,Train
273.78385466890603,235.5888742440569,Train
242.76429276348372,238.38255911707301,Train
271.3501115270841,243.53808102968415,Train
247.54131095970715,227.2340057667088,Train
248.33789106135265,238.56002278242562,Train
266.7398518320209,225.21852924239593,Train
218.7471932717118,208.64003957163453,Train
230.35991538042524,203.58890482570902,Train
231.57801815816129,226.63541965643515,Train
327.40150160492,235.1776888433258,Train
244.83036572070134,221.5852790952317,Train
295.3646105055053,193.81847128153197,Train
146.50423595933194,206.39980785055982,Train
253.24924208218107,218.15469861762026,Train
265.59962887405294,215.82149709867207,Train
323.5553963349474,222.47626183574826,Train
234.61654446486455,211.87376809042146,Train
219.28307326380423,219.81000583520122,Train
284.5549827317666,244.42515445901154,Train
276.4322728687515,224.80566746691815,Train
215.91494367475912,223.67686930142168,Train
320.0029951497894,218.9827946577371,Train
210.69642729384225,230.65699325062383,Train
213.49524010691766,221.23163540909468,Train
163.8994335890157,216.23963524153527,Train
369.90900774013653,247.25800595416726,Train
187.52396256027973,204.36813642842378,Train
169.7442980494457,182.19949615070368,Train
404.0700142076343,251.8222936322851,Train
348.0011110348454,228.20127950012312,Train
204.53758853107928,204.43768558909312,Train
201.1794466963357,223.9380767202672,Train
173.42668553061486,236.07866933296418,Train
352.27930503391656,244.11726929769935,Train
261.7373052062409,214.3642550058694,Train
272.8006860475879,238.40103497907754,Train
255.96944755795738,251.97309229921797,Train
158.74358973734962,207.81483998410883,Train
250.6231125857645,209.34207747488108,Train
237.80746039010654,244.66210100645378,Train
227.27635889720307,237.06974434382238,Train
258.8233626628276,230.32299577352254,Train
223.94847168697999,243.09674742738517,Train
217.15168596966032,234.2424643103681,Train
255.93300551086864,235.73797567246356,Train
252.7924303106049,252.11533696820268,Train
253.2299603688691,221.06208444234676,Train
215.24559568566121,230.7294728406193,Train
254.3393362609814,201.8525469045872,Train
206.01118209482948,223.10226467181553,Train
248.76113318720542,227.08341712801422,Train
246.08918953810942,200.66138102774946,Train
225.9953511475413,219.4797870858675,Train
244.47961801550105,241.4619252511209,Train
277.0419901419889,243.02224955805062,Train
344.6824675270045,240.06983248073917,Train
251.40105017054822,234.23799489304068,Train
224.69773807261993,209.62111829358471,Train
261.0725312332194,243.2356317158216,Train
259.025429652347,196.4926601140896,Train
246.55643333000242,227.4340349835035,Train
269.16554226618575,231.759139207612,Train
207.8527564608971,211.93899458952674,Train
192.11807591413645,190.96177103362925,Train
190.46150062590365,215.11772106948894,Train
255.38303059619884,239.3152349784983,Train
187.382665825022,207.80381879207397,Train
241.960406312373,198.0359125464807,Train
146.116252058252,190.76813029958635,Train
204.35020306265906,227.76900232093143,Train
210.162259325594,208.4063075796479,Train
321.0524208470568,195.7015550892562,Train
187.02068762704766,211.30437694787426,Train
161.5670596655664,211.41725517899476,Train
160.6915369626131,232.9472988692758,Train
282.3941195181878,231.46033046146954,Train
194.17480733229044,220.63708418167403,Train
176.03360040492086,214.41201565174362,Train
199.97049873607935,225.83578560937622,Train
178.4855023257659,210.03117127032226,Train
167.57861117398022,201.40074979553484,Train
230.24982528072252,237.65010174569383,Train
198.4991446459928,189.41745093565743,Train
159.82656926979104,182.82185738490745,Train
436.23209915211726,248.85845027287948,Train
243.71573429297132,203.6819477669978,Train
208.77747469235337,206.45497643386048,Train
156.41732035026337,220.4852672810634,Train
121.63527126670137,220.49400803059774,Train
335.43132744166735,236.66514960198495,Train
167.80548887516113,223.8683333789765,Train
266.2577555671829,226.75519135003117,Train
322.78812751773273,248.06270609779733,Train
106.39660472681034,202.40102403621606,Train
170.08318719441593,201.40567321649493,Train
218.47512512709875,241.84184974012405,Train
198.93741202744457,218.522299939429,Train
214.44636061495578,224.4708436372983,Train
205.50197088963245,233.8046036529964,Train
273.6042428514744,206.90016507387838,Train
233.25317650048174,217.9591304151167,Train
245.44877183665452,244.1910755112617,Train
254.1910288599926,211.34700232779835,Train
210.479947570496,221.44291063102222,Train
268.31552796816493,198.90704898532306,Train
196.69777005299912,202.0149924346994,Train
244.12667382499865,217.67350527146002,Train
267.1022392841636,191.50549998332104,Train
230.62446643049395,202.96014583554577,Train
253.6933552639896,238.6139520970801,Train
220.80890578465068,242.1122219435556,Train
310.47111799247716,235.74782586959427,Train
246.17999188746896,233.42380603531208,Train
192.43552746962607,210.62289042026222,Train
278.7377247389487,233.5125207897864,Train
253.08658369543662,207.29683458849553,Train
234.48210433908986,227.85991042193373,Train
254.4242866699086,217.99127084180444,Train
176.4131306878926,207.93423215931634,Train
178.94863639304205,186.87944338082258,Train
146.53080378535674,203.97642799872168,Train
236.65963286483694,224.23174279721502,Train
144.83512363148245,226.0692263108474,Train
238.55727608529327,192.19530391775658,Train
118.8260902262696,184.1906291836855,Train
198.64156605441124,218.01383265023225,Train
156.0037035697182,198.08514904119298,Train
256.9125027721907,206.4595597925426,Train
154.86796366182836,205.17150888955317,Train
168.37008623863142,216.72051133150583,Train
160.91887050259993,221.23593984332592,Train
304.01431645373384,220.58789077650724,Train
202.15642409203306,207.51135899578367,Train
229.8451934174976,213.7067150170162,Train
212.08062443012764,212.18066986999625,Train
162.862717129923,202.02778783986864,Train
145.19147151688367,194.74428748720143,Train
260.56688759100984,231.80569534652068,Train
211.48896535230134,187.2727015558006,Train
172.95770480075814,174.49327412165633,Train
386.47310593638025,249.01628631882568,Train
250.03516875916787,199.57985223311223,Train
190.6438932691208,199.26861750438255,Train
124.29927946623916,210.97105499630214,Train
138.5013273505228,209.30833391214824,Train
324.25003692197186,245.3676388740424,Train
209.04540818058638,209.14503180512503,Train
202.38744112636616,213.15436070319618,Train
297.2761357593114,231.61507001896175,Train
112.21149207942187,199.3605524021142,Train
224.6935100866978,198.1754065706404,Train
190.0658896745684,204.6001961944706,Train
152.84748163952915,178.35439072670815,Train
182.17016661983226,179.33131425672423,Train
152.03394461547754,169.6240895369915,Train
149.93881562646527,189.84927346291244,Train
158.38477965279532,182.18311820998935,Train
201.87183669446767,201.68955890044197,Train
206.89998675148234,181.67168360878685,Train
190.96922982383947,192.7219204643725,Train
231.07956591153877,196.18107330301027,Train
176.73099501458043,176.63112543028709,Train
199.42351713296446,190.4174046733855,Train
225.65713226669087,189.82687708778042,Train
213.43184041575944,209.91262815879804,Train
176.74764158017058,187.27587649658605,Train
199.6045357599239,199.70478234775194,Train
187.50252295501957,185.55377901330274,Train
234.94160316545754,195.3367894529701,Train
184.42177639123784,181.69596969100803,Train
200.44304263236063,191.83923708844313,Train
213.0054018888256,205.24906413970166,Train
211.60885416063292,179.84962743640796,Train
231.2533994477826,208.6953968846584,Train
191.43903775027457,186.6951565511665,Train
186.66576906810892,167.72553372950082,Train
185.43359340128552,185.333462534975,Train
187.7425107498045,182.3440684090143,Train
165.59252111366584,183.92164378504768,Train
188.98362449286955,180.82931644287424,Train
166.91582088741563,182.81081597867762,Train
151.8891102973039,201.926191638901,Train
154.4034927225345,179.68145909915714,Train
251.4589681631075,205.26133021363972,Train
173.55553661902286,190.48604869626064,Train
158.69319809028048,193.78560413305888,Train
192.8719525768805,189.46983293389385,Train
286.59180007882276,210.17065280629095,Train
163.3527405961074,176.09779598061021,Train
176.6547741287344,215.74059791290313,Train
130.49790067670378,201.65181144905637,Train
150.88212024001533,193.52658698789702,Train
129.30743281866933,196.02103011525116,Train
153.27383841266573,198.87390261952575,Train
131.78133702200438,192.4555332980948,Train
120.8299286466852,167.50913306722398,Train
256.91961328670857,207.54940978686105,Train
179.55039094207416,183.1284239131007,Train
112.72226161278219,189.8818100318562,Train
157.9352252988325,163.9665699132765,Train
154.18928200022506,200.4065289666917,Train
321.9844317169601,210.8258880041293,Train
171.3206744490373,197.8984220116219,Train
209.698010196457,179.21756658800118,Train
262.11643895921895,215.88757398272878,Train
206.07596073732316,204.95591148057258,Train
265.57657553076984,202.08929096905217,Train
145.8193589425253,232.13718766557454,Train
119.56860634521352,207.18767036508294,Train
159.8653906743063,195.24985682978794,Train
102.20971192980367,216.1989528915523,Train
118.1015701117056,191.67820502022093,Train
144.54096522001205,195.77787548301148,Train
195.52789725472314,219.83482482159351,Train
166.06236621583867,182.75377239495862,Train
154.14437210335893,211.22640759045257,Train
215.7739149172836,188.77904725390718,Train
130.4509946576129,193.9308168371764,Train
160.6756113243468,209.37253790430307,Train
204.94776491748516,186.89401921205044,Train
172.26745543702808,186.8476665201386,Train
171.13468288297562,212.91344707939717,Train
180.5494472553278,222.7739621674465,Train
179.51174855408442,221.49595382365956,Train
178.52158677924567,211.13345906261455,Train
139.07896193081135,177.31994446440964,Train
159.18387400878174,205.0251592960994,Train
161.8363230131566,204.04126752403226,Train
171.5363089439361,215.48843130378356,Train
167.28383180112007,203.45656480179875,Train
131.57889158470874,199.17275125982073,Train
106.4214882947018,166.4013000390913,Train
112.81162193109951,180.78427219647966,Train
108.74929249390175,205.69830195755404,Train
108.23449998310852,186.42078568179028,Train
153.26724439871992,183.1313914432297,Train
86.34752574073586,172.19664078021958,Train
169.97534400915643,205.2897512557626,Train
85.65069920398153,183.0788152511185,Train
179.87359132521107,193.68812169565393,Train
71.14402037284523,178.98864709521197,Train
95.46198634688403,186.3921139961293,Train
88.32748924732726,198.19649910727478,Train
189.74052907417513,201.08841472835212,Train
56.701105827427526,183.9019845932322,Train
63.709219507084555,208.80039691260387,Train
144.26487011314623,188.38872400255974,Train
116.36805764561231,193.1768025444464,Train
92.01878210448294,185.99264280762384,Train
284.7170434897581,201.57964921415723,Train
144.9628418014379,187.20062008943597,Train
89.25617703952221,170.2264833195968,Train
282.09704920401117,243.51986307923633,Train
149.48545829490456,173.473871359557,Train
114.92140431220268,185.0310231111289,Train
76.90488725590534,182.23487402495343,Train
87.93590712601242,201.54601413161254,Train
330.01446392252416,244.72842598308168,Train
159.1405576454404,190.24507609860763,Train
166.81418829476127,201.83708986429005,Train
199.0353558704866,229.29152198322396,Train
119.30406037261655,191.22355086261763,Train
179.62030180115124,197.19420385624713,Train
189.69025193887808,233.07954775507957,Train
156.20114369098064,203.8013975827306,Train
168.25574304695562,208.64130812022336,Train
141.85405000680294,238.66456441662905,Train
164.49606457052266,208.8650892544905,Train
162.68178673811474,209.089136552201,Train
188.91121650957922,236.91857304156204,Train
194.18435388491605,194.27986202896284,Train
161.00119886412537,218.3260510793685,Train
253.86175144720698,192.4312489007712,Train
157.76601163416103,200.17608632747067,Train
184.21397942498749,211.81695110127683,Train
224.70565481968623,196.27236355324976,Train
212.74103781825744,195.24598259783585,Train
204.32012842070102,221.70896570782867,Train
195.94292662701707,222.68874029948432,Train
243.60943243720533,225.06538426598112,Train
207.31964585126616,218.93236942076075,Train
160.57356686919934,189.41222307078132,Train
229.3711954910048,211.87254403036374,Train
179.21253171668275,203.72686263458954,Train
216.5975755462331,232.95057490035788,Train
180.5263269796557,201.5865384818407,Train
186.49878601695087,204.76594856608318,Train
136.51495265811823,170.60589451627737,Train
93.57482690315817,188.37374111562926,Train
166.17840875207048,214.57867712541506,Train
109.32569820485497,189.42816677567663,Train
206.51669526151204,177.6999715730317,Train
118.25139992204149,179.04542428919365,Train
173.5298121864433,206.56378454937112,Train
78.35193205471741,193.75196630854583,Train
203.71775952686397,199.30310212355343,Train
115.62729460288304,183.5022708256227,Train
125.58053728277437,202.01270341825696,Train
135.57748756653808,229.99881158184283,Train
226.11814545417417,221.30602906875075,Train
82.20251094568263,186.29520919316667,Train
81.83058404106347,215.15956676397744,Train
141.0023647403169,198.4343020045154,Train
151.2178530434425,191.5851629426245,Train
112.47704895044066,184.37598210466484,Train
301.27995246131104,227.61519377921508,Train
136.62656357605394,185.11557207911446,Train
122.51688229466905,182.28717325900442,Train
311.45090861715676,241.79728868298704,Train
206.4286425435168,192.6040980658541,Train
146.95008407374903,193.809151336044,Train
87.51523320785384,190.01242050185527,Train
66.62408994583103,210.68155383975002,Train
332.77665428768057,252.20482924939694,Train
189.47292623340255,200.22398931915774,Train
186.21290578299687,204.06671318080475,Train
305.49659293646357,236.5100644423299,Train
102.82398769380265,195.59490369276628,Train
173.1950900550141,197.84843356756974,Train
258.1395703828766,213.62408638522422,Train
248.19457620666014,189.78361736300087,Train
269.79267147583505,199.57410203560775,Train
228.43385619040112,198.5447490744802,Train
236.11813035035857,183.34461497430576,Train
261.34549395570724,186.61831507440573,Train
279.6159470064471,202.64676298762936,Train
280.4294895025782,172.27521093692408,Train
288.2861214441007,192.71542520071802,Train
296.18584283101444,200.82143805713196,Train
262.12865366331937,174.0226975172007,Train
287.6145539410155,178.36869469924798,Train
285.14354366410305,193.43261051496768,Train
282.71562283258174,199.88931715442362,Train
252.3307914464518,202.63510613217684,Train
274.48904950571296,214.38793183822713,Train
279.1903970103655,190.7213611355255,Train
318.9348339604094,193.47826196611044,Train
271.22236035584433,173.12914367926584,Train
290.05297619667067,196.2118780549878,Train
287.9266814828883,200.5642463047958,Train
278.84347621449706,181.6514518193125,Train
280.30336039149716,187.67072343784173,Train
257.3063340138885,186.93343585793758,Train
272.85239708167114,162.48786148926388,Train
253.44154959484496,190.5466015498975,Train
255.0737915534101,168.98163749367438,Train
256.74912295736647,178.12191828188395,Train
293.46754380671416,194.84376868425062,Train
274.2290541014531,177.77742758335307,Train
248.03365384158326,202.81122155573016,Train
242.88134302710463,175.1412519926636,Train
325.27212165801745,203.6695371158734,Train
292.2059897343214,189.89213542010964,Train
252.18294725601658,211.30970749578435,Train
243.7029942231031,202.93255899775352,Train
361.26613063558085,207.0640663031032,Train
251.37235649344984,184.7032416074301,Train
257.02167179671017,222.96233886699514,Train
220.71407654536168,193.26282932787728,Train
240.44957073940435,195.85875411658276,Train
193.72815437883855,197.8207369478062,Train
262.5498274636638,205.6136436337373,Train
201.91458999388036,192.15637482897236,Train
190.32244196948815,177.438826726481,Train
357.2733833904873,205.84045434206686,Train
324.7674142568777,201.40835349508603,Train
253.80453456865934,194.49315716482434,Train
273.8847443258322,173.40240553668514,Train
217.0080435283963,189.19111216224564,Train
324.67443217635173,230.8642987725945,Train
225.88391026969842,203.9032843371704,Train
249.63647780843627,186.8870837505138,Train
388.93213479256553,225.22787055890112,Train
290.27088122208596,196.66252507398002,Train
279.1527170969977,185.37123346484256,Train
180.7238764863508,236.31046059933306,Train
153.73989384973473,213.59914957088728,Train
175.81311159499006,205.75961934698466,Train
141.94352972211698,223.11169759040652,Train
157.1311482311154,216.27371977463946,Train
161.87596712198518,206.96941850046323,Train
184.1779863947266,242.47674783144518,Train
199.5372060493395,198.58868334502617,Train
169.45362608582388,217.8740376460176,Train
244.42724650417978,196.48094849513714,Train
158.45806730440717,193.33448837252803,Train
177.54608848650605,213.88350352282717,Train
238.69131005047643,196.16771075242792,Train
208.8937319963183,208.9936683314118,Train
210.65335432403168,224.87052088820832,Train
205.47017703361644,229.6310172632827,Train
224.8442001250728,222.8342116344411,Train
205.77542359840066,212.34053358322868,Train
169.26384745360002,185.0723937026606,Train
237.8094716906708,203.67500349094882,Train
208.41229630961314,199.78836770150147,Train
196.572321310427,224.79313689358153,Train
205.78954669311233,196.19847564330175,Train
173.06397245766917,206.31164161572502,Train
133.3955986040975,179.9132958933157,Train
107.78442513239733,171.54394203362688,Train
180.23045204256866,216.42992155948113,Train
112.73367933461148,195.2177616807369,Train
195.7941070085258,184.06274108578012,Train
110.91173506431161,174.18457126338748,Train
169.58656350196893,213.5203671351916,Train
88.31859232149773,191.9943837856408,Train
217.10782152289804,193.873658075822,Train
125.45425110616983,184.67336673548522,Train
117.85788107131313,198.9595873329099,Train
141.81871141832792,214.62368305831995,Train
256.8367421472142,218.0575711798724,Train
116.411973257972,179.74737034881466,Train
109.04440475060127,213.21206537518947,Train
154.23403662510205,206.12309381977425,Train
122.48086888147432,198.39326726462556,Train
108.28490151971809,188.7902775889493,Train
283.1461345398334,207.3031413576486,Train
136.06456794182012,178.2969093461502,Train
101.04020172567837,184.36450915404157,Train
279.57303589140815,236.29664384631198,Train
153.66307043900937,200.2066567753578,Train
101.31030536848212,201.74288175339746,Train
112.01474067982636,205.87148224310621,Train
94.7763763730422,213.05583346889873,Train
280.59521244812936,240.8757574078458,Train
137.47124890508815,202.23997145218482,Train
172.90448574391837,204.45069692339518,Train
215.39492296462,223.4986838182255,Train
89.94256056719333,198.32308586514216,Train
136.04739855163803,195.410577585237,Train
300.90012107271536,247.62360272731254,Train
314.7311049677606,249.7033709009233,Train
325.1234104629086,241.34015396390453,Train
300.5770375581594,255.03959991024612,Train
286.5919862535128,246.37019827538927,Train
342.66825654896905,245.94480545488932,Train
353.305848444528,267.24746848540553,Train
308.0047619401896,243.34699397470825,Train
290.76499703595397,243.84858673993568,Train
315.5865537318212,216.81651727807898,Train
277.46943202779096,232.50110717085255,Train
298.9136319238636,236.34156918441658,Train
313.4191534200389,223.37237200868353,Train
292.9859965163169,237.0298381735753,Train
342.6141612126977,250.85157815148082,Train
381.8036475091812,256.88523322619176,Train
365.05445540576744,240.90416324432758,Train
337.86658490245645,261.71402699000316,Train
310.7400359992481,239.89882064771706,Train
325.6748086961425,255.246525521783,Train
305.6709029931397,234.39894980454557,Train
317.22831889023956,251.01379913358147,Train
304.3470563874422,244.39690632352233,Train
270.5271154847475,244.6009168925488,Train
278.7684961821557,216.72234795318172,Train
238.07119847966635,233.21125389453667,Train
354.93522237727996,251.0297939844193,Train
244.3605678749962,240.88317132438206,Train
319.34723497281516,227.3068108108398,Train
205.39522367073693,218.78431438284952,Train
249.0045339687614,249.10458132190254,Train
327.6751658668885,236.500249901797,Train
385.40711936511855,219.80069893458327,Train
334.7003944634511,237.40435963238045,Train
266.5549911618865,238.80325147639115,Train
299.9709094604246,264.90241279481666,Train
340.44814935906544,244.7248973759373,Train
265.486710857809,250.27315133394703,Train
274.5865939566553,223.9306867762714,Train
287.24779865560436,232.32063688094718,Train
303.47032495465606,238.18588908305023,Train
232.25417285381053,225.60591288280526,Train
381.5993423530678,254.33546691600358,Train
261.5058334524277,209.06541207315038,Train
232.47364615189036,205.20628718202917,Train
466.0027804514558,263.06520612925556,Train
297.0932363511239,229.25923534672367,Train
275.24501385089485,225.52025716114036,Train
256.95811295076845,232.24107263407376,Train
231.73253365074473,231.8270262136079,Train
364.0682759508238,248.4350493236366,Train
268.9653398510056,229.24614966309278,Train
317.4237253512901,246.66954595517493,Train
404.4434324516774,247.7871764951845,Train
197.52446115216728,208.99569118392532,Train
232.16681145276,210.71981655460252,Train
199.0292135407414,244.0612412095839,Train
202.68718185630325,224.89305286576885,Train
209.9308275425381,224.09265520867314,Train
220.76015059944623,230.12463258370036,Train
224.67515102702748,212.93438773122972,Train
235.67582882528197,224.1666612167185,Train
243.2621839942097,235.83347807037475,Train
247.43421653381046,212.4305200105564,Train
188.69192644408446,226.3770082674981,Train
231.5353137250317,196.58972495083398,Train
176.46437837665206,205.68157460439735,Train
212.4791203989456,211.3052880110085,Train
210.07953979191234,188.18477936451805,Train
207.76563655555225,201.51266878423732,Train
212.5374106898654,230.46604298695112,Train
220.89486219485167,239.40334535295025,Train
309.83799107051107,237.94760905028608,Train
216.8667973168437,238.884275391552,Train
176.48128093384952,222.5597119831951,Train
241.18144192152852,239.1398837046871,Train
239.4672802798807,208.01032037223797,Train
209.83879600890612,228.77172605811404,Train
222.29598910860466,231.81761241873366,Train
175.33885957897633,214.01634416589536,Train
180.96740742002123,194.84968754699412,Train
151.68163263173932,215.0859101846346,Train
269.4815352141306,243.00029469792156,Train
145.86711516719504,226.53849571798014,Train
221.8383724909326,196.550841816702,Train
101.89530718534343,193.38702084766862,Train
157.03791925042748,225.2793787369777,Train
142.26620868618457,210.03670570431768,Train
260.580175492615,210.32382721371255,Train
154.97981966971847,209.0020321588629,Train
203.46514121749527,225.50120896537229,Train
189.03614013594512,238.22644921570992,Train
258.6928164250682,227.85703682027594,Train
128.93517008486452,215.87026570737467,Train
251.26320111533389,212.2740816188057,Train
156.67690951647648,212.5791470812727,Train
146.17629528829232,195.87370278509422,Train
97.2613584307812,204.52405101328696,Train
230.4320989439434,227.74872663624802,Train
164.18851682777867,175.63056825976312,Train
147.03061208228726,176.02989223754304,Train
430.9583847074689,255.2026834313209,Train
326.4718347033238,205.2866535316035,Train
173.07096206985187,204.1131465974944,Train
117.75576680705322,209.48730911469877,Train
111.5262489149276,213.13363633007222,Train
339.8824083934752,243.3688334642017,Train
190.3242452426959,209.79261993045125,Train
215.85175946258988,215.9520252342517,Train
272.96495105315717,242.07622819985892,Train
162.16382001439732,194.86849992036352,Train
208.94836634631093,196.00834929065726,Train
204.4156514838042,227.1207319526103,Train
184.19212091999117,203.8102634939824,Train
237.52275868150556,195.6989793301983,Train
171.90756476834719,204.3640030077402,Train
190.34653918051623,189.09498902151145,Train
208.8396819180125,186.37947021379563,Train
213.3869929808362,218.45233092124073,Train
228.48847236898732,182.26925590578523,Train
208.64412008246566,209.1630424968868,Train
269.35393612127143,194.1013598992028,Train
214.61792048540443,178.82912903138757,Train
229.93607317486484,207.11348436458644,Train
238.3083941896527,183.98874873918754,Train
229.23488352976776,191.77188340274972,Train
244.71554119521025,202.99518592949127,Train
256.75036718598005,219.50213220991597,Train
237.33936150207722,213.62959172101432,Train
245.98252414350168,199.67834553454935,Train
205.67985511025358,182.26185601967913,Train
217.93135440233277,202.587191770421,Train
230.23702201973933,203.19952057494058,Train
239.0968579624732,197.53373603078012,Train
227.01086223053437,198.53100736106708,Train
211.479034823923,184.53539170338775,Train
182.00137574263894,154.73488744911037,Train
170.0778849866821,183.1191890191846,Train
207.2085625560527,197.27317572878914,Train
153.3934084507507,187.19147767532678,Train
211.63242267077595,170.94411133412143,Train
164.92560521612862,171.1046535806551,Train
216.2729560868087,203.8816412026751,Train
152.17447528281602,167.78604288776486,Train
221.13016280415064,187.7303100039151,Train
122.14001865081272,188.3403923618517,Train
142.2040428228021,177.98149285297131,Train
190.32223532011872,192.35348338191602,Train
269.9945961427629,195.0110337804698,Train
125.72112529073422,173.22879751693063,Train
174.0018227640331,210.21235156858265,Train
253.83668856265902,194.7697773019038,Train
162.22572268661256,189.97433408644295,Train
140.66892513589332,179.34551548765626,Train
371.1662959105015,193.74772254039047,Train
164.21783501043691,187.9435323683173,Train
118.32354243569975,175.33746147651922,Train
352.48341818629,231.75470155015128,Train
236.6974622622075,174.95023940942912,Train
117.4656746634524,184.4652749056544,Train
211.78805539002454,181.734497988681,Train
176.6646044419241,202.02959275822985,Train
495.0953218191511,238.34654511295918,Train
187.0802075217053,187.18057434515995,Train
201.11926154958684,201.2192775428979,Train
428.71248390279567,228.42216434022492,Train
148.85987458133206,193.04894237000514,Train
233.06143358519557,201.46122762635466,Train
334.0885709294695,250.464968111352,Train
347.1343180357684,250.70138012563595,Train
363.75982375892227,248.87199756234514,Train
366.4650880989309,257.40284960914323,Train
320.2501110557945,234.7482012791591,Train
344.11489262951284,251.3233881575266,Train
364.55943282008616,264.8521869711214,Train
339.5837316275143,239.06867979913142,Train
314.6877890517973,238.70196122440046,Train
359.87160509293517,229.16741939174432,Train
317.6351797509279,235.4693281806753,Train
348.97851302577544,236.50224801215825,Train
338.401604917478,239.35712280525897,Train
338.4044554260353,233.78868253896437,Train
362.9870645514475,251.0051454787583,Train
373.64943229371454,255.4120375648151,Train
398.3915586528364,247.6756895471226,Train
363.7134436288132,255.1505213105789,Train
325.61508722164484,242.896595702465,Train
347.0964894313313,250.66649005414533,Train
361.6576502578727,225.34916656875646,Train
358.7985697012689,246.53514890750108,Train
324.51924776152,235.3607085612846,Train
286.819684438626,241.00122041298656,Train
315.6998797325868,228.86864865205766,Train
292.1598336434025,244.74465105875208,Train
352.699546171073,260.1038225082758,Train
329.3190173155984,249.8517167289241,Train
365.5182470769787,217.28002131434593,Train
265.2972354552139,230.64405818013438,Train
326.15598245030384,241.02917289026038,Train
352.0944880622487,235.37357120596076,Train
423.6127522910484,235.35971947845212,Train
348.21077513670303,231.28614235845168,Train
279.8885565992124,242.26517706428479,Train
355.14609667857684,249.7289041314846,Train
356.983395374796,240.34197936239636,Train
257.40045268787003,235.26921767441343,Train
311.8972686177989,228.85548764954504,Train
282.4738431645827,245.86294859900397,Train
382.6301763282213,239.53292896574402,Train
262.36626810871485,222.8770327299499,Train
422.18211850606303,255.35891449012607,Train
298.5777275202664,212.4395037362636,Train
276.5530951513245,194.13910188553305,Train
492.6082213992375,260.5669479213001,Train
362.2431062640052,228.22565268691596,Train
315.95774974562784,230.19773343803334,Train
322.25215184410536,227.9078719699074,Train
279.62631255943785,228.6079556928233,Train
328.08023189162503,236.31564603865544,Train
275.11390984066736,235.5558504706026,Train
334.22734640656427,250.58130814370472,Train
417.9205415893161,249.91914293676982,Train
270.69349538892277,214.8686185489715,Train
270.5462078053844,216.9301730665528,Train
206.60537182292498,234.63624304058683,Train
185.63650246968808,208.24229683178032,Train
213.73913326563752,181.57295726920768,Train
192.91326421077326,207.12999099876563,Train
182.65889530509529,189.68383052011762,Train
203.97602654860373,194.09941263791728,Train
218.36465794129856,208.35801756805247,Train
250.32478948317973,180.98458538435727,Train
180.8564211742473,200.31025090190585,Train
279.4595530145011,197.87747623041008,Train
154.13418500394133,185.12193194789938,Train
217.8803171425678,211.78472904211804,Train
222.1979494303808,189.40710262919407,Train
223.08708186738,185.19744725124303,Train
203.04771445356556,206.48224830790448,Train
246.07984718893758,226.73073402425283,Train
222.6834800734958,222.78366918407204,Train
227.3586131072405,202.47846244713733,Train
200.60524629017152,202.0147837594239,Train
233.42337962228885,202.67055678689704,Train
185.81301310359248,197.3369172918484,Train
225.77414673408254,202.48131137170822,Train
272.8067805137589,212.32512993171534,Train
176.41091444262162,189.4634666726312,Train
185.08654852067068,160.0101016536215,Train
190.33368274790624,175.14622601195046,Train
195.65231712432802,205.14823194795653,Train
180.04245164993608,179.94249898624594,Train
224.00408632473057,181.71320240593624,Train
145.53722114871147,173.79791383505523,Train
207.14185612187865,192.84676381249807,Train
163.81799124423225,169.9689924727417,Train
285.0656265157721,205.8303938209183,Train
154.38476193649836,183.2039756996814,Train
142.77539750641088,207.2056377888497,Train
190.7375332255099,201.9939611682716,Train
287.77116909379515,198.6758574419776,Train
143.3763051112668,180.8524801631999,Train
198.55294127792482,209.64640025399828,Train
257.30107759376904,202.59345576756508,Train
221.62071405879982,186.1854075286742,Train
147.51185067301688,187.60821084352136,Train
255.47448743642025,191.24236387656327,Train
171.00862434900992,191.14963886982719,Train
149.6142614107861,173.03261671994983,Train
369.7913986217484,241.3014193876967,Train
177.04003598189718,191.6922114738488,Train
169.86017349123227,178.7293724374934,Train
96.25181114975388,193.55463245605654,Train
232.7149489574616,209.5386692487985,Train
414.7495869143558,249.18004907162555,Train
313.35572502043635,183.4096852651624,Train
215.53336327570335,199.26812533882023,Train
226.28250168015649,226.18282270443052,Train
139.103140233796,183.62124872885937,Train
247.99527893662196,201.43039090899043,Train
225.39129732925022,244.43023284111172,Train
239.3510739915892,252.94723679552814,Train
246.3867133416071,246.28634913282627,Train
218.49821537930399,250.82160681519719,Train
215.1855801046798,251.3971473235818,Train
257.44880751773474,248.2613557653899,Train
250.78789761846852,265.75974826712877,Train
244.20285040688134,245.853447151936,Train
223.69366588297305,243.85811476424726,Train
262.7603440467438,230.75908203224893,Train
221.40288489819352,243.60058330510532,Train
264.1212884373223,236.56429840805234,Train
250.91555466412993,236.5013040158846,Train
269.2856835786166,237.17733865804524,Train
305.23167518078225,252.69695405987483,Train
246.7535294706268,250.89623044886298,Train
275.8512464481504,251.96401856557569,Train
284.02482611335296,259.95942529439475,Train
243.27426846623456,245.90925037119254,Train
286.5995735067951,249.7664810910043,Train
267.0007412350345,244.07819297371464,Train
275.47777165095306,253.85495216321763,Train
263.03066475455046,243.61487949454164,Train
247.1594205458269,252.1152978682505,Train
245.3640390247823,232.0588584090771,Train
184.14452019141675,241.9640482373479,Train
189.50086404573008,248.43932896976483,Train
184.43307058772243,251.8017949510315,Train
263.4411398173938,228.26018193800633,Train
132.52507173474413,231.47016973677287,Train
274.6848663397733,243.31044759636598,Train
227.92052363248155,244.32834311496705,Train
342.23204361286884,245.7266347344858,Train
229.11942628093502,236.8270455281665,Train
182.5826716366802,251.75669994003465,Train
237.6217796801044,259.198814432012,Train
247.23675041120748,247.13690632146353,Train
190.4275838299896,247.41936369293336,Train
182.6942799364507,235.7968433183703,Train
227.53683873059083,249.1503642506228,Train
296.9552602124098,247.7829717372441,Train
159.94954438190788,223.19034402682166,Train
331.0196912390849,255.682531200867,Train
208.16570078394085,222.399429803909,Train
151.8875730164758,216.85249591771117,Train
319.68530793668975,261.8119929625904,Train
207.55890554458273,223.50009570081048,Train
197.0083658401546,232.39856041599165,Train
176.03368882340547,234.79887149830944,Train
134.13487449433535,233.68201084599332,Train
256.8119228529441,254.79274715475174,Train
183.56483389923193,228.02793223133688,Train
253.8936076331987,242.57185597770692,Train
317.29824405484453,250.3928324951082,Train
93.77874316416924,225.1956678397639,Train
220.33510496117296,208.51808879256487,Train
189.6616179388277,245.85563098421255,Train
158.4151835659148,217.90296472752755,Train
197.24175800986936,217.63791680766786,Train
155.6413412706917,227.12054595150758,Train
215.6139333483816,213.91230117000262,Train
198.6595342429391,210.8121623047389,Train
209.77814395436414,242.9600934099894,Train
224.46976248265696,203.5859461766164,Train
172.73438982781727,217.59770966402053,Train
254.0720259898452,212.8659084041459,Train
163.98267096874076,207.70317583546063,Train
210.46632476450395,222.9211232610853,Train
208.0229873771347,202.8721391790226,Train
181.15265880663307,203.71557362083448,Train
224.35533905299917,229.108649478705,Train
222.13102811623276,239.0130138434646,Train
335.479725996334,233.57072503983622,Train
214.40143269330287,220.63297766945252,Train
184.39614820713933,230.06762155853784,Train
238.46387253784343,238.36407482031692,Train
180.60460568541504,203.7859397158897,Train
231.31834764985436,218.96224802911885,Train
229.60509843116125,222.94987396533412,Train
189.4648580293358,216.0600326280313,Train
173.89762644437792,173.99721962886827,Train
158.4034036762877,198.49598066891616,Train
219.98218972506504,229.59061101561818,Train
159.13398459070999,228.5286850397004,Train
196.3587882732226,184.64960080005307,Train
104.15660077260276,183.1584974143281,Train
187.0274220888505,194.96838077958026,Train
178.971252221966,183.0670179302026,Train
293.488091171949,223.8783132700939,Train
170.07793893879966,200.29434975088037,Train
169.24079552251789,227.85625143133697,Train
157.97666092310376,220.0966548839865,Train
220.28553514055722,227.66322642792474,Train
153.16741817487838,209.13454607647034,Train
194.62231002606705,214.82743469434934,Train
204.65021069412336,219.2387537222237,Train
190.2511201790473,202.69642445375294,Train
105.92503848083881,207.35931839715184,Train
322.671965599498,243.01780472116525,Train
147.49190153502474,212.8497764544908,Train
150.88484628741907,180.57850923799685,Train
360.8507998566812,251.5052101391289,Train
210.38976224281075,198.80923528521038,Train
154.50173344580787,185.68252731956565,Train
91.6867134656728,213.87217872163083,Train
133.94470230240518,213.44248845068537,Train
284.7756999560052,234.49546350836366,Train
204.67970642647293,198.3567501565471,Train
194.65672171380814,214.34913119042213,Train
167.2067458180111,228.94459728414668,Train
122.32977873908153,204.16930023694118,Train
193.02582047701964,193.2502964458513,Train
202.8547140529302,205.7720641582247,Train
179.10944696600524,188.96946454537851,Train
235.92132778139353,186.27575222838993,Train
170.29035649909477,182.4213976511874,Train
174.71653311910904,186.27186185583176,Train
210.6998576414365,188.20804202078952,Train
215.2403300660771,211.07234262118894,Train
216.3379503930306,169.79155714570123,Train
210.49271862229728,198.19037197060345,Train
264.20463475387714,194.4690954396657,Train
216.47369878776988,166.819564219884,Train
224.7999107239758,205.61896186500053,Train
243.68327056249478,190.80453019411777,Train
234.6237783033269,198.87627216845894,Train
222.12143394647205,186.36460584883764,Train
234.1762374919303,208.32696420753834,Train
211.28818893970154,197.75730149787273,Train
254.95728828978605,193.8862137738406,Train
218.1835355421835,183.41655480510482,Train
230.466930696894,187.2664205647649,Train
228.80747375391766,210.2910240241043,Train
206.20516471325436,193.61001827588515,Train
215.1600035749042,204.8296445320893,Train
231.171990338867,182.8564447465402,Train
187.74112500514295,163.14191175322526,Train
224.86740757373204,191.69338170733374,Train
188.55083804463408,175.10174706919148,Train
155.79141641784926,189.74434494054708,Train
182.5891426933776,182.75123301603156,Train
139.44401687121888,164.98009580682236,Train
232.8560389513733,187.48158660758074,Train
154.82520893384088,168.1079791322469,Train
258.85152681862144,205.00079223553152,Train
159.93499260571508,178.88836569436845,Train
180.0756062951219,199.161065854976,Train
186.27336788684167,195.82820027126778,Train
294.02827738087456,203.5713900205891,Train
142.84033477722065,175.48772759581647,Train
163.20954007587966,211.43364953799795,Train
176.63589327685182,198.83071161159742,Train
186.61939438013712,188.52439681479092,Train
123.16004338573538,191.8459140228645,Train
259.2578402936468,201.2753010334397,Train
139.91278510387122,193.55066933976278,Train
122.12487781640883,174.32172762797353,Train
331.89411843125947,222.760598839066,Train
205.72050694842306,204.2907931090421,Train
149.60404336789992,202.3850629710762,Train
146.0447276896897,177.19105460172784,Train
212.54255991379273,207.79759899666027,Train
457.59754004020874,234.35727174405505,Train
125.20966806893784,185.7951243736116,Train
205.87894399998012,197.21588058474163,Train
426.60536783333527,235.91190916978152,Train
125.88893956900363,194.5038308579488,Train
196.22965920698505,186.66755171629265,Train
282.0815095948088,245.78000939618684,Train
291.6936661449288,252.7729424510963,Train
304.8968918879374,245.93912398321666,Train
300.69118682383464,253.68445915004534,Train
272.0765509526205,245.54526921580552,Train
303.052984274295,253.42675607348573,Train
313.1204867888581,267.8928659479268,Train
302.27905849630986,247.763470327696,Train
274.02869939665027,242.658617125006,Train
301.86940948987916,226.9332037792575,Train
252.80118877599676,237.71167155751894,Train
305.32403725500296,251.76711330081406,Train
263.43795492689793,229.68126726164758,Train
302.14294179168144,244.23654594892608,Train
305.9389978493534,254.8182848172143,Train
341.3261230999142,254.4231986682805,Train
359.3043175433636,251.1495741351652,Train
335.37358117970155,256.21241283421455,Train
273.03391400892815,244.09163660207264,Train
284.2853160310434,250.8398137230173,Train
313.12778724604726,233.62697434810244,Train
300.06132765393977,253.32202433281222,Train
290.58593725472093,247.04987557131733,Train
284.70161604839063,239.78737388534518,Train
282.40836403494905,236.9337879474743,Train
241.706181214396,235.31818907937642,Train
330.5950675867316,249.8977344912589,Train
258.57502315195586,235.87141015029772,Train
274.1460479100687,215.67494756589625,Train
170.80814186107025,233.5594126161889,Train
281.06130500496045,236.90709023409661,Train
310.9055373417391,223.50681993130578,Train
386.34083887140656,228.23512417987132,Train
286.86720959396257,230.01958039443994,Train
232.98464950940706,235.94592655658533,Train
301.6931586177403,254.93162317460417,Train
317.99273691896224,239.04956445356729,Train
218.88338441307275,233.20597053785224,Train
238.86510110007185,221.7844662175641,Train
241.43788697995956,242.45507598914,Train
345.6017420527359,240.47793226114527,Train
229.356666318401,219.0225475037135,Train
330.20265977695465,250.84300677467672,Train
256.1397224283968,209.16066887407115,Train
231.16785427272774,182.99363205131493,Train
465.2870553099473,262.45959652866645,Train
296.9973255400554,229.77945421036355,Train
247.79866496305212,211.30169175911908,Train
237.1910735789376,232.25950259345132,Train
205.6745513877116,228.82668333013362,Train
317.7490983893741,238.0934006328392,Train
230.41471458392544,217.93088463716757,Train
342.67139997136536,251.9004364772804,Train
385.0191545516939,252.38008921657513,Train
217.45797832491095,204.25345491738452,Train
203.9878712910168,197.52048774954682,Train
179.12307468081008,242.78927808993765,Train
165.29997339962725,208.34939847740424,Train
158.55475143547068,183.83884846599636,Train
158.8874087883401,214.05942597739542,Train
145.2979454582359,209.12588546983585,Train
170.2863614451577,197.7851172709987,Train
181.35265674910573,215.94929464906727,Train
227.49683137007992,180.45877468086013,Train
140.7188853080802,198.1732489498602,Train
274.5188185631066,204.42273494239024,Train
124.8966311351593,198.09246131536912,Train
192.3523230242381,205.43709066101013,Train
182.885894230343,189.10046731703858,Train
183.99734475347407,176.38588237074083,Train
188.68667459363135,209.41949829491307,Train
221.45388375081478,234.18968336048033,Train
208.79897222502441,217.24871802045294,Train
196.22194001626,208.57651223955597,Train
197.722787124522,197.6226547757319,Train
188.80151354980995,209.67798801950934,Train
158.9581192921241,202.95158266539227,Train
185.19260435146452,206.99717680452116,Train
250.00496872783094,213.7655208156745,Train
160.8952124212237,193.0614303479289,Train
148.86333543164238,162.55563897659744,Train
143.9093377590874,194.98513299837987,Train
170.53321940355858,198.95825754345316,Train
113.23498036505586,195.65788629240342,Train
175.01462064357918,190.83458026445032,Train
110.87214023912883,177.3056567724585,Train
113.3075391517045,184.9825171467775,Train
189.3208173813065,172.58044975671254,Train
202.41197492793455,215.4867851787625,Train
93.08101179158872,186.49616171750907,Train
88.82792797226912,210.98762719133535,Train
137.15272346997565,207.49266928450868,Train
178.5553982847083,188.50244189290626,Train
146.5359524164672,204.8385605679739,Train
195.09438586525215,214.88453162396124,Train
317.2306986310633,231.37569874243056,Train
173.44489071390058,204.15792076711617,Train
71.7369621137641,216.3601676867628,Train
215.10691283065364,220.46319793126827,Train
131.05474286456942,206.70029940731794,Train
99.58045221551133,175.4055709616554,Train
372.6840408834795,249.80665197013957,Train
173.36550886847363,199.96094619067526,Train
103.62485617049404,185.1979095601668,Train
110.96208278954057,197.3036157522378,Train
205.87718872561334,222.11331701555588,Train
384.87017397871216,232.0389582317031,Train
350.4410385488371,202.322689293014,Train
200.5897824359883,205.1013089198065,Train
211.8164056401657,222.0766205519638,Train
139.12090816136921,192.17232663657666,Train
266.0032899995988,213.42588384576703,Train
159.20700482484298,222.18353528699,Train
128.52895652946864,214.22874414259022,Train
136.41694923185713,178.71603975602784,Train
144.3709829320086,205.4571086394138,Train
138.39105762992278,205.83837228285284,Train
139.47717332559986,204.05763310408307,Train
154.62933001903968,195.0789467766895,Train
194.34752771024245,182.73643751247766,Train
146.631766399208,186.6051966011688,Train
214.48204608593628,202.7940806924301,Train
145.89836677042751,181.52106564850678,Train
185.8807284526816,211.09351068536,Train
176.92913113269844,184.5081591854432,Train
178.54357481047816,191.01163712944702,Train
166.22405948602074,188.138708029265,Train
216.97058515932605,231.8515219790028,Train
173.2831518303943,207.61064431899166,Train
168.16175949922533,200.3845796431641,Train
163.1064081658192,188.3189411849965,Train
179.11709783017585,191.1582555317786,Train
146.19382849229532,204.4025857510414,Train
158.83660015217777,184.95805529034047,Train
189.04541280982295,206.8071504952448,Train
156.32026646523101,188.13919793956805,Train
141.16116111840182,166.70660867679698,Train
140.06809676933548,182.38888610187547,Train
149.541073418032,185.61897348666756,Train
162.58009106449137,189.95281795109474,Train
154.6851497087136,175.95526721104562,Train
101.35624935069858,173.37393103654273,Train
174.0933899904464,181.36908772991504,Train
110.3965716279571,181.1799703573766,Train
193.76579426323065,202.88566716959255,Train
102.20105789626695,180.99067528525276,Train
77.2023625270661,190.1249710140033,Train
108.26970815562811,189.96740641526375,Train
153.40309478195297,182.0701772358172,Train
111.10252240604069,190.68648842090886,Train
117.86799102789116,204.40952500313577,Train
177.1995006475045,202.89200776139953,Train
110.59705126488068,204.14032290421304,Train
86.06064288001971,198.4387652785964,Train
166.5902754929215,195.33606213169975,Train
121.18594910358625,194.57996650917278,Train
117.84766371201366,170.22668074920838,Train
237.075419318204,230.57390017919604,Train
118.36921592215722,185.02391333292476,Train
90.72905352387319,176.45298244551083,Train
80.65493212335201,201.2378363628471,Train
112.64685172059369,220.75049599938347,Train
340.70481231559825,235.2903648577644,Train
351.82881390836553,192.2319746512161,Train
181.01885649889564,192.7697533054525,Train
185.27494008718864,220.232116953687,Train
133.5970646732445,193.55162871004433,Train
225.4852302570631,218.54450764088716,Train
165.8532699766824,206.4183725479062,Train
138.18172677249697,193.0082930923445,Train
166.58118937020174,181.92755846498605,Train
153.0516577697968,201.141466786267,Train
143.09313197128213,212.51285177336942,Train
154.20561197465787,190.67267999777016,Train
168.88909777992373,195.3159906696232,Train
187.1435893870799,182.0966830915285,Train
163.46908679612642,189.94621343643564,Train
223.86559000706325,192.63486780423852,Train
154.8330990198903,165.8162861890555,Train
173.37161383460767,200.43696385004745,Train
188.48113445121527,176.1086563221194,Train
203.6616608697132,199.48415364537948,Train
159.41319309010143,189.7522621954127,Train
195.73573111238,218.06157520796043,Train
193.62927493654868,192.0725023979848,Train
195.0938245626077,197.54633374524676,Train
165.12937999055714,168.60195432150707,Train
173.73594122039668,172.65600260665275,Train
175.41350825212666,193.18832741656516,Train
173.66208108574696,180.06268079001146,Train
210.4816597212574,187.57616493069793,Train
170.37224415865813,191.78645291167038,Train
147.8338343979492,164.16678723294163,Train
160.3664304391306,180.8649456726295,Train
172.97003228220223,179.63636710156936,Train
140.14463992716415,187.64300498042599,Train
152.8902533740163,172.07064207672317,Train
116.7068726227589,194.40508428220832,Train
157.5944976733916,191.2597798342854,Train
125.05312852591473,169.4534029376394,Train
253.58276518032807,215.94669310194809,Train
112.68340763663176,186.32138702551703,Train
108.35505589482565,196.4072903650189,Train
146.09770995490987,193.3574169815725,Train
246.9113698168843,179.58634234427393,Train
120.29603548074908,169.09236724286734,Train
147.75170694650416,208.7857433389089,Train
133.27838421414958,205.08884089771703,Train
150.37606728368522,190.5129792543759,Train
108.04475615511107,193.8880691015063,Train
156.78445082842734,195.63192934253146,Train
104.09515130363386,175.83737442530523,Train
128.47685758073058,158.55412777925622,Train
317.42956965971763,207.69373213190386,Train
191.453287540595,173.57525474556692,Train
181.0480112233627,206.14230963228798,Train
128.71374070802062,183.45024958347506,Train
177.95047599456876,221.16993478553928,Train
402.2582170830073,230.79106305069206,Train
269.636963973336,189.78682664850777,Train
207.08671666555512,172.84503536432405,Train
235.60747515966443,228.5669045056959,Train
148.6992394556641,192.71513382233564,Train
222.86200955355406,207.92191338540394,Train
217.35259269980415,219.56890413760357,Train
194.1514741317146,203.46883060793965,Train
233.9912365829121,196.90439452175283,Train
196.8718800533965,214.08103126024469,Train
194.79340454316775,209.90122705227589,Train
213.7558100522262,192.24833773104302,Train
250.25909658057148,216.80881902722842,Train
237.80326412820364,180.48768299827063,Train
221.8883126951229,202.6463825982076,Train
255.0142422813291,185.642760746539,Train
232.1810528868222,188.92617274003013,Train
247.88874451160234,207.02588238409123,Train
256.6373171556694,190.25515047652618,Train
258.4267708190234,187.564550076325,Train
256.75710550166446,195.75115077025075,Train
258.62832120359224,211.89607096444092,Train
243.04041792480717,212.21629927649715,Train
258.99339566530904,194.84169764876282,Train
201.4872544250979,178.0885841046503,Train
228.02199420417372,191.56606156615567,Train
237.09761500253651,202.60164981270736,Train
256.7141168201862,206.97853752826342,Train
230.8714996571229,189.78294291206848,Train
215.56976351334652,190.75567650814443,Train
168.8089083888572,158.3611248929374,Train
171.08893428365474,189.33490007869102,Train
201.40984119773924,185.63578590996764,Train
154.77162913111084,181.32785508620705,Train
199.1742980837692,179.7130730953289,Train
166.61784805571463,174.76246575304708,Train
218.10227904694713,195.67137209905377,Train
150.6275910574665,178.7050848213794,Train
237.19378408727275,211.3201383475542,Train
127.80085813636606,190.05062545052502,Train
147.94881320474624,184.39032128752046,Train
206.6376492924135,184.67241464077878,Train
265.3673663993676,197.48244904814558,Train
163.13796452560882,169.31186485653706,Train
176.4494436711369,207.87278805941244,Train
259.80180383595194,196.26928702531472,Train
199.69504502005395,202.61504418711297,Train
160.62916722344292,182.16860086265086,Train
338.60417044611887,187.45107508300373,Train
187.62005468808178,190.20931959358683,Train
131.1768199493316,184.58017878559025,Train
319.77446622986855,215.46535110003217,Train
235.4129935296923,178.92030065360825,Train
133.5924018488031,186.0479492808665,Train
227.81269118720076,183.9382316548409,Train
171.57386154488552,181.08104650661133,Train
444.37591292185715,234.01219165147293,Train
181.7188453181157,193.64576782830216,Train
223.6026587336613,200.97028988756628,Train
440.52735316849385,224.7655267493245,Train
160.4929286226133,193.01287191476285,Train
286.4993850960198,195.98414978169467,Train
297.98699223067877,247.33919459869475,Train
293.21584232372663,248.0267663585492,Train
288.53541515520465,247.17420355551062,Train
308.4457107251129,255.37413220243002,Train
272.44672903345145,244.17498055011487,Train
275.03847008022046,252.26897419424728,Train
312.72093386541957,261.761382544822,Train
290.994120389049,247.6731386138015,Train
272.8580296511087,241.89214879134363,Train
338.81266165159866,227.75282783222795,Train
278.85801639051897,237.5755584315331,Train
302.9940938678694,241.11143956186413,Train
327.22089408365025,244.37717390546294,Train
327.03841703786134,251.31015223190943,Train
330.4466627305028,252.9834337381903,Train
333.9456311615743,250.05506955470568,Train
355.03532233107626,249.6322180217887,Train
334.21573623900844,254.68323771695034,Train
299.48687288537093,241.02606530093104,Train
313.8487322701636,258.96591635617983,Train
321.30131439338675,242.28483369476308,Train
314.84461925504,243.60139956659026,Train
301.47864685512354,229.0481348466243,Train
256.70339719363744,254.46725070305774,Train
317.0188702705816,228.9585821112007,Train
230.42506608595593,237.3272048597857,Train
318.92198463976064,254.39037137723335,Train
274.5096259319957,247.80543377091055,Train
296.68798996266094,227.8907831248383,Train
224.4570767317564,234.78919420048254,Train
271.3168862392822,244.9063134636334,Train
269.2674184852383,242.78236336187328,Train
396.8086734696247,248.219744087292,Train
300.44065119244124,230.9720225821362,Train
246.16335165368807,242.28146871511206,Train
300.4767748533653,258.13061141606676,Train
354.8809207914727,245.1762904233189,Train
272.8757894680105,241.67913370261545,Train
264.4613808829785,226.57130134218525,Train
277.1376950363767,245.85891090906213,Train
289.90473192820536,240.75390544234338,Train
208.26249155846412,221.9151676983943,Train
438.2109739271532,249.65812522626933,Train
276.25017903427266,221.78902082095382,Train
226.38010687982228,203.998071104889,Train
372.6007574638023,262.461263827581,Train
305.4121307862124,231.1288443329662,Train
273.3142268470531,224.2568727067553,Train
290.30704564632384,228.69985972795587,Train
216.39058718402492,232.2142109305596,Train
345.5648514601561,234.29036674077582,Train
250.82983847471783,224.82591267408498,Train
289.18554822770966,237.3860057610236,Train
397.6319807191318,248.40385307223602,Train
282.16913594898426,218.15319819484023,Train
303.29701391726695,217.95444708123117,Train
241.15469921660423,244.37543547818012,Train
234.9231873261454,223.92206669475306,Train
249.7495532801492,236.0081074772331,Train
240.1337970786155,251.79498840875345,Train
258.5759187215445,222.89039902583417,Train
277.07591820893595,237.17333665067488,Train
292.13379554079006,246.195686623079,Train
275.7495507171068,225.83177407845056,Train
224.42318373788606,220.51622497492957,Train
260.65469460312795,208.19882772892407,Train
216.4440833128324,216.12634629045755,Train
263.29134986699944,238.33277117029374,Train
261.196494265629,199.04503949899222,Train
234.6595165087212,217.98040322192037,Train
299.180416596276,244.67894643988373,Train
279.7591945282934,247.4031031682029,Train
361.8958503047733,239.36152919374211,Train
279.59038392571586,246.79387428619302,Train
249.84279539112094,227.80163668730177,Train
300.65308470098864,248.03348322604526,Train
295.52125185531895,206.9092073952445,Train
251.94729685411187,244.30410777930712,Train
271.4312196973674,235.552119767907,Train
199.97302038508536,219.23537520863758,Train
205.57269891726605,198.17827731988365,Train
193.73025529390924,222.35805651196816,Train
293.94568951501515,234.05695140125678,Train
194.7190015805835,223.98999249911253,Train
274.05019149061445,197.2347577140207,Train
164.43925924510802,203.2021820679531,Train
215.8862048440642,226.12315025888677,Train
214.89102828748295,207.79701099691417,Train
304.9537295753642,217.79935861796463,Train
199.07430870770816,203.33424446641894,Train
219.2527656845146,216.01994540126344,Train
225.48910050578374,229.85209359073062,Train
301.7833131715154,230.08158208783405,Train
217.1354036817097,220.06033533762192,Train
213.04537203636653,214.41272416293384,Train
205.51321823548585,216.20663126894271,Train
194.53894227906787,204.2417128505205,Train
162.62254416711258,207.31542249252823,Train
270.7640238996198,238.16733190756847,Train
207.4633814765895,188.55251582040194,Train
179.2206168980219,171.58771883919803,Train
480.0357301639168,245.19552068332192,Train
262.9087212742744,202.0846201842076,Train
210.33959022909445,197.8177028471274,Train
154.32833702837712,213.03350771448413,Train
133.37496167212242,214.40104636400918,Train
360.9794641603303,240.15054220453774,Train
224.64184449300075,213.26835780743562,Train
266.8621026701337,225.08614180333043,Train
421.14023869172934,245.6028145318941,Train
144.97625255778752,200.73715780868403,Train
236.37014426830837,193.00797645136993,Train
335.11131211957616,253.4426631195173,Train
334.28413515062994,246.33906291796816,Train
358.03536937488127,243.7260647066869,Train
364.36501479233016,259.3136606149401,Train
332.2730714029765,255.0843285519639,Train
359.7595392068203,249.25204575683716,Train
352.32441820386174,258.3462922919275,Train
341.46770839410067,243.72670859627536,Train
309.68940977753704,237.59700732176887,Train
354.9895223541709,231.46780823328928,Train
309.36804612400243,233.18793197387987,Train
337.32498108703135,231.04569081573192,Train
330.36032724325787,233.0984334360497,Train
323.47408459268183,224.73064988448562,Train
355.16625313530335,253.29637044149706,Train
372.9368328711224,249.86714823034666,Train
394.2858238001389,245.67017793738952,Train
356.21322592235293,245.57108324771238,Train
325.21903923776455,222.21797703317904,Train
329.30326374637366,243.89301183504008,Train
333.4658994481802,220.9048591090751,Train
330.7069463431843,238.2485871231987,Train
321.02640443138597,234.87573939139463,Train
286.9242737127852,240.78694909884206,Train
294.9005541873818,201.3500900344771,Train
274.9552458551759,232.78158998753952,Train
388.08834871616773,249.39915986573422,Train
298.29986277035687,240.33906958793878,Train
338.0897880177437,198.44752767595003,Train
234.45812445832786,225.14171987597518,Train
281.40487209210966,248.16039108127063,Train
356.4300309190889,229.50905313615795,Train
414.03360093926574,223.34396807088797,Train
328.2155821526401,226.6053712146816,Train
263.47597455921186,242.61926770088914,Train
310.8147781589812,257.9791993565818,Train
347.7319929519481,239.2852581811203,Train
300.7276189381124,242.68651461212792,Train
323.80165611747435,221.86025672641506,Train
290.9541044900338,239.43679246518633,Train
314.18496405579066,227.88229610252773,Train
235.99423481474506,221.11614459830588,Train
420.3819167668971,248.77094210662614,Train
300.34800991224654,206.10448113470457,Train
267.8925142507935,191.23726245268477,Train
480.51542978253804,256.7854237875816,Train
385.2167565074801,227.7373920195666,Train
293.4964944256196,217.31472023377725,Train
299.85464353695664,228.7274097172156,Train
260.79120384149127,224.39127665437593,Train
382.8061753392233,238.21541057504004,Train
312.3995580301529,214.73462358174731,Train
403.07135191427994,238.9702198415396,Train
455.32155699160467,249.0771874270725,Train
315.15017326212677,211.14408076338694,Train
297.5572007258464,202.97143135128567,Train
182.49613190758302,249.50500117929397,Train
168.71558129936997,223.42645052592735,Train
190.01091708972174,209.15631334905353,Train
148.38213927863842,230.40576845281225,Train
211.82924786611983,215.1324168190899,Train
191.35224285216606,215.79722437351606,Train
188.45112423677722,247.4543652098248,Train
220.62589201995308,215.90443028465424,Train
161.87654620169377,219.41652873404684,Train
257.2030867819993,213.65643402293017,Train
167.1055137608696,210.41354485127556,Train
213.58382713830474,224.77170864819604,Train
214.6380269143047,213.49322029612836,Train
219.26811308886948,215.9487437625962,Train
195.97408566199908,237.09518089049874,Train
225.2559446336935,240.04321730500166,Train
356.11369000395274,236.8598429761999,Train
221.0473217727768,223.9768923674164,Train
194.55683994016567,237.06019218106016,Train
248.64224450611925,240.70642530907506,Train
187.30353547063777,220.18036316034227,Train
224.0407128337211,219.82129437036568,Train
232.85377659536917,232.95380124393802,Train
182.24272675558214,212.7417932242748,Train
163.20756331435993,187.66656187981098,Train
158.24828627170245,226.21703157990305,Train
205.86489562760977,239.79633519910425,Train
138.05739138208202,220.776212586524,Train
210.32577353511897,192.13395348171986,Train
107.67004208672077,195.30198016259462,Train
159.09019703688747,192.79704855716864,Train
172.0862383856189,199.4224546159852,Train
265.65816613291514,225.05721108621802,Train
149.3059802787763,207.27720901435734,Train
176.52968082320209,226.19836433448617,Train
165.32926776619288,228.35846998675189,Train
199.7047411077483,230.3572236965234,Train
167.65610084786874,217.32047792115554,Train
258.1833469865539,213.81569926120844,Train
208.78647952380388,208.97372500565044,Train
187.46549845961857,202.13815248283686,Train
106.72040379399829,211.2392373050334,Train
306.0511955269426,230.7591698128972,Train
123.95787365845187,206.54587919627733,Train
109.94043818852595,172.5945692905295,Train
375.9988891171647,243.10190081703382,Train
243.13322644436846,220.22675028246354,Train
169.84345017013698,207.9586121634568,Train
103.62956029447022,216.0394319866376,Train
131.9915568173684,225.9472469571152,Train
289.92943973883126,233.10267638877804,Train
206.44320905885908,217.9328457700596,Train
224.5328647774516,235.21014939376136,Train
200.69840689460895,231.1022897845372,Train
96.43983541033121,204.81230338228886,Train
170.75715032461818,191.54114081563526,Train
203.76842347996768,201.13737366322445,Train
168.7560636839452,175.29306455250926,Train
161.81706581150294,171.1758531986476,Train
186.4514298626409,177.34957251862963,Train
169.1591558373589,213.3821100563959,Train
162.4402437356572,182.4821988843636,Train
232.79469355753574,173.44134136653832,Train
226.2225053029944,186.6129983700646,Train
181.22367897203327,193.34379128024688,Train
241.29821456465237,204.08686424396973,Train
178.9461120808516,185.76012061383264,Train
172.66737152063104,195.22906546828364,Train
225.9619928839906,181.35630991114138,Train
212.82997617093048,207.71056867818413,Train
161.2713213814506,184.8588193282282,Train
204.28602851555084,206.75266943118885,Train
187.8740975732312,177.55281145299728,Train
220.53552855449178,180.82870133774233,Train
179.77032145933268,164.2377108475878,Train
188.0784762877536,192.05160975640644,Train
196.45999303975486,207.89941379500746,Train
194.41487171533623,193.57714539876085,Train
227.4431123144978,193.07045843355723,Train
197.5447148372396,188.18435727222354,Train
185.21967928356156,165.03548581253497,Train
200.9680056534637,186.9018213671725,Train
199.2896939469461,189.42346870412217,Train
197.6847441640087,175.0736232496297,Train
164.65315630465142,198.0474330678082,Train
156.1949303688744,199.2681502455568,Train
137.31006635667757,197.23752714925305,Train
177.99856426806085,182.3035432167204,Train
215.26042410302446,202.65498988069032,Train
175.5956458615681,192.9278198008584,Train
171.00422954369208,190.7930340201366,Train
201.48617514939616,184.74654659199447,Train
295.04148267868044,200.6898392736929,Train
171.67015213154497,171.7091189782451,Train
254.87218350798963,218.53269210393944,Train
156.1475768080146,194.69363886258614,Train
179.9963320316196,190.37124173485233,Train
144.41844917880502,212.16765760113054,Train
175.41392824957046,196.0326458165836,Train
164.48276924391612,216.89813943669844,Train
167.624972161842,196.12846170777317,Train
317.840537003348,195.42635759779222,Train
188.12946376843425,176.74031760831917,Train
180.9917524571007,215.51290669242198,Train
170.42740306934738,202.19866124129382,Train
208.93641560517418,210.03470320298095,Train
447.0187900645812,219.58794263696376,Train
205.67452644756844,212.7055417582268,Train
198.9036247541359,186.0929075942773,Train
255.2060849842836,221.56529392486632,Train
224.0819071380113,215.40674100437474,Train
350.53109121531935,225.97305794570056,Train
295.7620906609159,244.26128413135956,Train
304.6409292850286,247.0843522742107,Train
292.62257494618325,245.18867006873296,Train
301.7070276443799,253.71981022468685,Train
303.8942873796185,237.55051061920182,Train
320.18435415189896,246.02951899224715,Train
315.57722796122147,266.9921982722883,Train
311.07290880758586,248.46385245013738,Train
303.17139669099225,241.56438108640722,Train
326.87269161144064,238.8538408360298,Train
280.6767935689309,243.4799125302771,Train
325.58370256346313,241.87477227106743,Train
325.0934185950374,237.44313469104748,Train
342.2059416636535,243.6589057059609,Train
366.4212717693116,262.75601194151375,Train
331.23940891201164,253.15453215972053,Train
352.16035309175373,252.2268714605073,Train
334.6841043085377,256.7991636850074,Train
317.31066256236363,250.5482984566794,Train
349.04002785323144,257.6140749603487,Train
342.37220018114124,241.44159426884832,Train
311.30717954609315,251.51522089033125,Train
318.8449659480869,238.78364858925772,Train
319.4855593871225,251.95482790129114,Train
320.2289598632002,232.55745252389315,Train
265.0751673763198,240.3140983694191,Train
311.52418192648145,251.33459623663742,Train
288.0760035136849,255.5448524042233,Train
282.2306321379303,229.0255919408665,Train
227.48806779921784,233.38093103197153,Train
277.8483104975472,246.66229534901427,Train
300.3113602329185,238.47127472169004,Train
396.37721700533183,244.79679328939645,Train
282.54588081478704,230.18744415252738,Train
263.3173516612842,236.28411226366129,Train
279.1916295448234,254.03657693365798,Train
319.6687144654045,244.18502760887068,Train
272.7486064230276,237.87148873317562,Train
285.43130541769256,232.70184522734982,Train
277.2168114493995,250.13138627610712,Train
332.10512451814844,241.58195471022472,Train
215.59624462393933,222.80517676730847,Train
386.1901717667722,255.0649863592359,Train
252.38690594664692,228.05608630643977,Train
251.68644716356374,209.63855855570284,Train
450.5887954175224,262.23303994001066,Train
243.59395070852304,216.45908366081335,Train
215.2019130365657,243.67413437602704,Train
368.9126824016503,234.79646692887363,Train
274.2262588037767,234.90193765992916,Train
393.14264224294527,244.66945899264377,Train
277.66183271915565,227.38324590113962,Train
319.7838302324079,246.25499340979715,Train
456.5086347827023,256.55287667079403,Train
225.8362463700386,220.98661473806737,Train
359.26666499441694,227.51812034050369,Train
204.06655565419896,205.6386518340064,Train
180.8189224535958,180.91899641152685,Train
203.10907023389078,184.89124090707188,Train
158.93699899508402,172.35768660400652,Train
177.80270873717546,191.05345542059717,Train
189.7061994601651,183.51997101776803,Train
226.14747116405292,206.0376287963952,Train
217.12652384883893,184.6572896634863,Train
218.64335751452313,189.6096337910137,Train
251.69797216110553,201.1305613038821,Train
207.7903677885861,176.55434149769832,Train
216.42054439696489,195.92419803340556,Train
246.08850198624185,194.104035426806,Train
237.294240556417,217.37588113348644,Train
207.53776010749036,196.75549177584983,Train
209.3190606394619,209.98010495433545,Train
218.13814215233162,184.72080867179312,Train
251.49500464609955,183.75462496188237,Train
204.38964812076574,170.0387872671492,Train
227.32207257632996,172.00147251693932,Train
222.29227801279256,205.11486184656943,Train
217.30026443015322,183.66917551088287,Train
240.3460318284121,196.27428930840284,Train
224.92958020756927,192.70080569543916,Train
202.55090956762453,167.8968472248186,Train
201.21001990857798,189.3145172444401,Train
189.40691123042973,180.32061950433305,Train
191.64158353317953,183.07996307399824,Train
207.91403681682766,188.83287363491974,Train
182.22427108137387,189.1681489052224,Train
177.57228632681836,198.56581891654312,Train
176.45808255316098,178.8775981699747,Train
269.8816597604018,207.15204799520043,Train
198.84301794854082,193.74978609224684,Train
215.3421571175781,207.52237823798987,Train
224.87907726751354,188.5338940723901,Train
321.9537783983472,208.28744326017568,Train
191.5662605100789,169.44159437365406,Train
197.71652360270895,215.80278053388412,Train
161.90456767623715,191.62672523076,Train
175.13039273066346,193.66865770027857,Train
149.89399876598807,204.6243074248773,Train
198.19538578221085,212.6469468977005,Train
145.03455377933184,193.53432663011603,Train
130.411502757351,185.0841923952268,Train
269.82623271626835,193.7385244953127,Train
199.27874365608392,188.11947652406718,Train
135.76903557679768,195.4615735244705,Train
187.7971084784096,170.06258318956833,Train
162.86296236091974,194.27455129264968,Train
298.966597224328,213.02637782002662,Train
169.10801306863456,203.31507145396907,Train
217.78720989383925,188.83631557459952,Train
329.5041876999421,222.0096525236504,Train
238.25894648694322,216.11445239208643,Train
294.05148625484253,215.07532889673124,Train
239.80203480942384,217.53068784806982,Train
234.06349696634356,197.27791182858118,Train
273.8582938938381,189.4581278762702,Train
229.6864255919075,194.61515431303408,Train
224.04789206055182,186.71103718071177,Train
246.44269329977095,185.11358448568788,Train
268.87082930956495,222.01165004067408,Train
266.8323000899337,168.48191085126538,Train
261.3271056408774,212.44874598939683,Train
294.35524596239605,196.0895436141011,Train
253.91672105448947,182.6572077736622,Train
269.51153091715776,200.83693315361768,Train
292.13967555040085,193.3937128925163,Train
269.3011549542189,202.10651772987444,Train
274.4959691286117,188.10638415067692,Train
286.72411807357946,214.03078759924222,Train
263.985601789122,204.51138340623768,Train
293.7804202752395,194.73729649788763,Train
253.60857353193177,173.5530534670644,Train
279.9700615591988,187.3203243938129,Train
264.3648843570409,201.95919895520908,Train
266.2930419254577,190.56715873491518,Train
257.75453426444955,192.09287239407053,Train
231.74936137401616,181.61122459413855,Train
188.27752325415753,162.75968988647872,Train
218.3390199048739,197.57414040923146,Train
272.93385132616504,179.71818967059127,Train
156.0620175180311,177.85187512342347,Train
235.2235184804719,177.36940365747887,Train
191.9183542134877,167.99884337221278,Train
239.64652471707825,194.26665886515156,Train
185.90802999124372,171.80853906247933,Train
275.70287003598406,200.40925295056178,Train
162.53104485129927,191.88755312740096,Train
192.8925544371893,207.35690825968567,Train
265.2873987936542,195.3609497474165,Train
341.21557792069393,198.1528218595437,Train
200.1770918183085,183.10169259480517,Train
216.67194048649804,213.51364171814873,Train
243.70012392526235,198.43907305947903,Train
214.76164213460154,197.58587499489374,Train
175.3564951145156,182.92590216875175,Train
335.4846828650045,187.42187601692248,Train
201.64620538606823,185.8780268539772,Train
162.34106267770687,193.40992275233765,Train
336.5692547399204,217.38635156117257,Train
269.33078157270864,183.35190194409572,Train
205.62564317607195,195.17652933316,Train
236.45383955001,175.86736413881232,Train
218.31537069452293,193.8403630467427,Train
511.71023660961066,240.17273648552342,Train
199.63843729527326,190.58959418979774,Train
251.59997275151085,202.0589779474167,Train
475.0948429783231,226.1232224501516,Train
219.12304797571034,195.49525077574026,Train
299.1845877436724,185.00466882661036,Train
209.86981218509771,209.76981810393295,Train
175.7383337706089,178.89217727626132,Train
222.1572409673783,184.5325349385316,Train
181.12653377540613,174.23962297179415,Train
171.64621219469228,191.37947056156997,Train
193.71627622523687,189.21624963311658,Train
208.83672586703977,206.26447805814624,Train
227.50756112010097,173.99808256295432,Train
207.7287819844206,190.4882923784051,Train
275.5003884599985,195.3884017974205,Train
168.32238054683472,168.66851011692333,Train
222.19475824492935,187.81555202923576,Train
255.11752155428235,195.0651433708943,Train
225.09067047489359,201.24107544680282,Train
195.11420500676334,184.38415385888788,Train
238.68812514989133,209.2203726298058,Train
219.31243090427762,192.63985303064123,Train
248.98712226992234,188.62019671115732,Train
219.2121992468255,184.8186239265435,Train
210.48766183498685,197.05123026589192,Train
226.31351003440662,209.93960210305292,Train
217.6897438450847,178.2259597061294,Train
223.11636326702114,200.24789489381175,Train
211.09336830021599,189.67286903003298,Train
195.62075894466915,166.08666487577833,Train
222.19853520038063,184.07580412177035,Train
203.32669706735044,171.480320613858,Train
191.50524454557865,183.1854364828273,Train
183.2341776350652,175.14719438886976,Train
182.0134963358101,180.95221257819873,Train
177.34320064781326,195.60531034371877,Train
165.72329057107487,177.971752161332,Train
273.1537661055948,212.85150212278194,Train
202.13462725137316,197.31634255253914,Train
162.66587400840982,208.33091859322593,Train
210.7475063767047,197.33468072214703,Train
300.8795243562581,205.30610893476094,Train
181.06192794706976,171.3706126123824,Train
229.29471714913979,211.34141027491177,Train
186.5778919624682,201.9185476661748,Train
206.91145238705496,180.7948636822937,Train
150.29539842289998,198.63761690841693,Train
184.72973007000343,195.58536393908145,Train
166.71444732836517,197.21871090908223,Train
131.24955019798534,182.96086106719187,Train
302.33503867886384,206.88790722634351,Train
294.97091277100066,204.77222346417557,Train
175.6571724743958,189.77973448791823,Train
192.89381778904936,161.4280141305113,Train
157.68084871496114,199.37562956646462,Train
350.0182652521313,217.16734021115917,Train
136.40606740055995,185.905893291867,Train
237.8442551602468,193.86401130152873,Train
440.83282853119204,233.9144903706182,Train
167.87178751339573,195.68727917575575,Train
220.46113210685763,196.6499839576966,Train
127.99795974125246,216.7122269796991,Train
107.50051911148864,194.41012079067863,Train
164.08074828074206,180.079475949405,Train
119.23864724901244,201.45747150038252,Train
112.97421601629996,189.74488319598254,Train
131.28745458260462,190.08188570125824,Train
146.17836294792625,186.29581053395856,Train
175.14694111226498,182.64906978633354,Train
134.19318907562078,191.07530490652283,Train
212.31710683799372,198.5226910617069,Train
119.0186943993837,181.3290811795846,Train
162.29795175979083,211.13161297402016,Train
163.65487891921492,178.64360606051025,Train
140.58947587765613,189.58083559096045,Train
131.6017426351144,188.52091343219277,Train
171.6916791915898,227.83830459246786,Train
159.35928554708227,206.7306685371471,Train
161.10456170159185,197.98227284066473,Train
134.9275076551184,180.11671821595715,Train
154.32812340766208,184.60454494854437,Train
131.8064089592228,192.25110442290259,Train
144.36236430980068,190.35566683575604,Train
188.4959894593957,203.47203678773687,Train
134.70728440800767,190.62972045535628,Train
133.49624915563678,162.1334750756434,Train
142.86288370228283,177.89086973354918,Train
145.3071880479461,179.3167746772443,Train
116.32916219262647,190.35791218599456,Train
125.92880613632386,176.98177330162216,Train
83.10611987903829,177.33875714818248,Train
138.36110342076987,183.121872283455,Train
92.19375676151859,174.94158290651802,Train
231.60407990128425,209.37609900607228,Train
98.09207284006706,180.59070957251618,Train
66.15773557786692,188.45306565431898,Train
114.80106811468391,199.27080043272366,Train
170.52207045051796,191.41628920608784,Train
61.82074258536895,179.5208164749577,Train
79.19708451923728,208.21993211297777,Train
138.65109625212244,190.9962376795215,Train
107.18277778402478,193.71061365071782,Train
82.79212911494415,184.18827696196882,Train
198.47915024488066,185.40008937376678,Train
76.24384117383431,184.29157333029084,Train
97.58620190180491,165.3584082107091,Train
280.00623242879266,224.07805631707024,Train
140.50393275479755,176.95682384410878,Train
134.07930287981938,189.73594288294623,Train
96.23234280385836,173.38164094216634,Train
163.46305252691448,220.54112370198598,Train
381.27143204898766,238.85226003394305,Train
298.15748137007785,188.54054106439244,Train
148.62120049018512,194.8426184670597,Train
174.16258940930953,222.66047746350407,Train
115.78164812745096,197.36799197924213,Train
176.47837664460957,210.20305520756284,Train
355.5365824947312,198.2690416327275,Train
348.19201097551513,190.9050149212552,Train
344.39029008490894,199.83179302881447,Train
340.6314198229126,185.5427498205207,Train
336.9154001895263,189.14837833057265,Train
319.24223118474976,190.9784694242627,Train
364.6119128085831,203.57107558308678,Train
354.0244450610264,177.05348835293478,Train
378.47982794207957,193.62492578753432,Train
385.47806145174263,202.68821690505018,Train
375.0191455900155,189.02246367013265,Train
350.6030803568983,185.49646810275146,Train
354.229865752391,202.98663433851613,Train
368.39950177649354,221.9093297634092,Train
312.611988429206,191.15187410239585,Train
379.36732571052835,219.0420185978583,Train
365.66551362046056,180.5408464710228,Train
394.00655215900264,180.46534411163844,Train
331.39044132615464,176.33832858070562,Train
352.8171811219165,189.6285466515228,Train
339.2867715462882,203.29734724370405,Train
346.7992125992699,185.57820825253114,Train
399.8545042808613,192.79881435358303,Train
333.9526465910627,184.74628069258787,Train
362.59363952987405,172.49816135659105,Train
335.2774830972951,192.0714894462791,Train
346.50417729332617,171.65692506177297,Train
343.77372211796717,200.8829075269214,Train
400.5861175712179,201.19798868706872,Train
334.9413636530786,188.23986637871943,Train
314.8394603635491,201.72695988383953,Train
357.78040770262965,193.4209724999704,Train
397.26420567031994,217.34650253140978,Train
328.29085426662016,202.70808655545176,Train
322.3603534915303,224.00356674034776,Train
354.97270334505015,203.2384681607518,Train
436.62790382718015,226.49139972127395,Train
336.32595493791985,182.04247830040984,Train
372.56685667726947,222.34033940487058,Train
321.350609045229,184.2711708830657,Train
336.67721204179844,204.28813248390372,Train
313.5466656669777,219.35015478476123,Train
328.95896992076683,219.0259911022599,Train
281.4141248031659,213.0059263235497,Train
303.9121303141749,201.98701626139564,Train
389.45298645379364,197.4622823716658,Train
342.03669322202234,197.98681198339372,Train
308.6632506188609,212.78796664933566,Train
313.8326586443094,198.02132337755523,Train
347.0449172983677,187.93775718883552,Train
534.3000265810359,207.04540464328792,Train
291.0979864923141,210.30350507228013,Train
320.93879703220205,184.14327131254265,Train
494.3224582006999,217.33987295625514,Train
440.2489699978077,221.97820445042848,Train
403.71833242352534,221.54837307439644,Train
183.96821056062458,197.4235243152181,Train
149.64066388706073,190.01166576586033,Train
199.37364950731018,188.01770096043487,Train
151.167167421373,200.6247935074517,Train
145.02121762924918,202.9462294303433,Train
180.93580013093873,195.57257004064888,Train
188.9109149264417,217.5058792602854,Train
210.94656201575788,181.35643551580492,Train
177.04274139888759,201.36131008132332,Train
248.1994530758305,199.19722110892778,Train
168.9166970465869,165.24689601467273,Train
201.69447331115663,201.4878615907795,Train
217.03278186953966,197.6915416632062,Train
204.4316227217362,201.10166911074532,Train
184.89099586774597,195.00846036532096,Train
217.91090130756913,214.16851321123963,Train
191.4913390412057,200.50573891037774,Train
214.13230906865556,193.87366980657856,Train
184.33381138991876,180.56593283305034,Train
186.09584600499545,195.22857822921458,Train
187.91841291388548,204.44423312882805,Train
186.3015121165887,195.77437790337385,Train
188.24514361310543,201.36255401063372,Train
186.74930740343547,198.31543978295886,Train
164.31400348757901,170.04449551092384,Train
187.43923186553576,192.56733034365317,Train
186.12499253730584,187.87489324889492,Train
163.87128550288932,195.25199704933766,Train
183.6781107622863,180.77327564778986,Train
151.04546831549652,171.5853622225033,Train
205.97335816252013,191.08296173495344,Train
134.96178030335705,169.73442117742263,Train
288.0107347380074,214.56846202298584,Train
157.6202214664711,180.82783097951486,Train
142.79024048874814,198.2184063268176,Train
163.0207918048385,207.03850805983149,Train
242.81187541474225,203.71785113255922,Train
123.16349131845934,186.3673590795648,Train
192.57563951598982,214.22392351413927,Train
160.5483200073337,196.6281267648563,Train
177.58153279249092,206.8011564911408,Train
107.17527787146153,196.83579760009906,Train
190.82955524424546,201.59971090931862,Train
131.0443649108427,201.3801278914735,Train
116.81970687125343,190.19382087397852,Train
267.1555811254775,206.8465889502621,Train
176.05198767351476,188.997660168632,Train
123.50892651536552,188.87129839662288,Train
148.0263976510297,172.18879087014784,Train
162.104401080507,207.16794890640392,Train
365.2429368037979,235.91615429829696,Train
165.9420048209021,188.70271471598818,Train
211.70160513181963,198.56646677303453,Train
334.52173773655045,230.5034387601201,Train
142.4024026350948,192.64406696473384,Train
216.34359982745244,195.3545279713512,Train
259.0520871856033,248.95932637885852,Train
265.5297938599869,248.0193725423881,Train
279.09034345415836,236.01083528216583,Train
254.23373596811783,243.73773991310205,Train
253.95997140186523,237.67376090736718,Train
306.2690497554006,234.9963475691926,Train
313.16097102872396,253.8902616470126,Train
288.6357352218352,234.8325718191785,Train
239.6933423347345,234.77957001150895,Train
271.33379236742167,217.17698843817382,Train
250.55708531989683,228.29225532468212,Train
282.3632211921599,232.0838427139384,Train
279.252199984211,201.58901909821913,Train
269.22402169605,227.03207283534707,Train
287.278686327677,246.61063042978623,Train
298.4161938790919,245.25253602230285,Train
348.1365443502948,242.2799184071842,Train
289.4397377412856,233.52287525774133,Train
262.32577405206445,211.96971235836634,Train
298.29465328263115,235.6799252863577,Train
295.8463754329859,213.11921829318518,Train
300.4809405031285,241.29584885411896,Train
294.69834849305926,242.90601006077512,Train
222.49859940277773,228.7781072262707,Train
213.38169323228425,189.00911085627595,Train
221.8476299815788,221.9476218060144,Train
233.89640965066116,238.83075200778845,Train
193.52803223953154,222.6358776899677,Train
282.74249774819,201.98077172803136,Train
148.03980617663626,198.63987542449053,Train
230.41995752487054,227.92000818573425,Train
186.8829517928928,217.22457640748544,Train
360.42878898070296,211.95832832206793,Train
233.0574690883011,215.70732785173183,Train
210.76899211568724,210.6688538363209,Train
272.5633580628613,245.69548043960765,Train
302.94056692982326,234.84612598803614,Train
256.40061871657315,227.57276442364966,Train
213.4435134231112,215.15748246553804,Train
216.06925104943704,232.41294591513977,Train
229.2778315955509,221.3414538407815,Train
176.0692550614526,220.17737916425713,Train
308.4435214471424,249.05441877812288,Train
230.90063075262003,201.69085623505154,Train
202.44058297788578,185.60805284321836,Train
391.06337812293935,250.0324293002924,Train
243.76901618778095,198.02066697857651,Train
271.5574971724105,204.44887590980474,Train
208.4288210768279,220.9193192042704,Train
166.38298790103335,218.50289231668089,Train
351.91999764502674,231.80778700122403,Train
236.53985030880813,222.51531810042025,Train
306.7425458923774,228.45311677038654,Train
391.0280843957347,250.20277109750623,Train
146.39646581887988,207.09611183925932,Train
227.34769016181306,193.43277523878425,Train
199.95177075050262,197.33014241447148,Train
166.01192928980598,181.615364777727,Train
209.1196967729312,175.35305795704159,Train
178.77507319987816,181.4028726492121,Train
151.9780585706468,205.9784227711145,Train
170.72865288523718,186.0854858177143,Train
196.5268561436494,196.24999655697889,Train
201.37266834588343,177.39772565923317,Train
185.26608949193908,192.15756109415295,Train
228.70711958181658,198.12986804270125,Train
188.19575861551587,173.86996827166124,Train
196.7320065930368,196.63198889606133,Train
219.3158635143796,190.47573290787312,Train
206.94732937954413,198.12178204684847,Train
173.62640418853033,184.0618288572681,Train
203.3530879413383,203.45312802812498,Train
191.1273806379681,173.1091561470048,Train
231.44928227841967,190.5084588858927,Train
173.8187928626929,166.7617537246644,Train
186.23591239078797,186.13568016520813,Train
209.20064086270483,204.15020393417194,Train
197.21297827844333,172.73442056762187,Train
206.2729246380037,195.8044022919598,Train
173.3804799413858,186.55498797918597,Train
161.53564418858957,167.99468688066216,Train
198.7384173796152,170.9449780505027,Train
176.48879951446258,167.9091522834036,Train
161.28679059313163,184.96717857408325,Train
198.6323906156225,186.2891055640627,Train
148.52559958193518,178.46980887107804,Train
175.4664174920695,188.885620763067,Train
135.95484434602565,186.92181921452422,Train
250.4908801438036,208.2382945921862,Train
193.57452488540318,192.68920962163355,Train
164.70577857082463,189.1551274365766,Train
219.88464120006782,187.45612799781628,Train
299.6111127731327,203.82058859711822,Train
176.3851932900194,173.5351888996682,Train
259.70688275072786,215.65758312805534,Train
157.5761811552581,201.77023293699148,Train
174.49308850361007,189.8101698609941,Train
149.4576047957837,195.42364264080908,Train
169.9697300317792,192.95085757305642,Train
127.52946421159646,191.31906301646632,Train
148.13680733523537,174.04166618743923,Train
256.29175940269613,198.61762209042683,Train
189.49432041397867,189.64912894959596,Train
115.74449036908285,200.00620496295073,Train
168.042269268009,169.08560729836995,Train
213.3876571107567,204.4092221529027,Train
416.28065389732626,223.08176517211845,Train
192.22125962771747,199.97888510990865,Train
213.20947430193064,182.9821906792967,Train
255.24529791996537,219.09356168786599,Train
171.32873048182194,203.1715402346169,Train
272.9597719875002,193.6634530891211,Train
189.7523435211953,217.94296946148938,Train
162.42489421261052,200.717840806277,Train
247.15832363742064,188.34950706036594,Train
163.95263179562568,199.37709459047142,Train
171.8078186872256,202.13902314873417,Train
200.72388431222032,187.16326597919237,Train
201.70082867060995,204.52158464824822,Train
223.73865176239448,184.05295783524406,Train
196.83735358757392,207.2879174130217,Train
257.49693414614825,187.04020241621703,Train
199.21739343811737,178.9840661407884,Train
210.99873146348142,202.4968983431334,Train
229.84094822224046,186.1018821507939,Train
231.2440437143942,197.38978492117403,Train
222.20801793994303,185.3462357661489,Train
223.73287089888657,205.9177061762226,Train
218.31860259122502,202.80678382393933,Train
233.96521301695836,198.43187222590657,Train
179.6727021760866,179.57244736190233,Train
202.44107006860975,177.29273127763037,Train
214.7703166945278,206.84365630316861,Train
195.66044205384074,186.87206925400722,Train
201.1114461465484,189.19518913165075,Train
178.62332897265114,185.53690345008766,Train
152.6960905321486,174.5365219837252,Train
147.82973082504114,184.4216706931861,Train
185.0242498513284,200.19031945085143,Train
124.27964761101055,190.23929991444902,Train
186.0959241040876,179.95696447181484,Train
114.97307933055956,168.38299287027257,Train
243.4111132904264,194.8470930870717,Train
112.91002598368817,164.14314852263095,Train
220.46981741034483,208.861611653905,Train
118.09048757039619,190.71079414291563,Train
103.27203646384265,205.6472670431936,Train
176.01446409068382,213.4386589218196,Train
262.81777045091997,208.72038999616848,Train
111.68195554455104,176.8887987269666,Train
128.6070193715769,216.23217783788274,Train
240.09296193199768,201.12858159004915,Train
148.63978322581335,187.40143272202232,Train
109.74748325302392,179.49264025893348,Train
291.4160620136293,201.29667058742294,Train
144.14551950762956,179.30220370148766,Train
101.93585573502483,170.42666827789088,Train
357.2870706958148,216.96939350225466,Train
259.19916438999985,175.5935144588578,Train
101.67213681757966,197.63978135042268,Train
182.20598797855433,190.95045537331958,Train
220.800717872924,194.6141037772933,Train
486.9563265006885,244.86890637483725,Train
130.17281386184789,189.47067315471384,Train
186.45017995640205,192.3704093346905,Train
414.28842478435126,228.51821265856236,Train
117.18754834569522,187.14571497231012,Train
208.6475506404341,197.30147371972552,Train
150.89905666721504,228.88438666713193,Train
110.76688662746355,215.89813284900845,Train
161.6779389322004,195.78996291850802,Train
111.13221358142556,220.21924312715186,Train
120.12971057513926,189.7106737418734,Train
160.67042991334128,203.08029226855496,Train
208.25437159603163,228.59178930826948,Train
171.8815356232105,193.1642625315786,Train
146.05192199487772,220.30821341694505,Train
225.26553071103325,187.18299005798994,Train
122.52236177167731,195.20329280868498,Train
142.3224151768097,219.97401761364588,Train
162.1656909264305,189.24751607836328,Train
140.05218902053966,187.4329678930817,Train
159.98190945913734,216.5857258725681,Train
162.45485224222332,233.05371869307476,Train
199.97101736979775,222.9953314848464,Train
174.5304048418605,213.1674145800618,Train
138.6330146584117,198.8552206264352,Train
151.7788468194512,217.43142617198902,Train
147.4679013249792,205.55983714875262,Train
188.70017817499559,219.3459891276463,Train
149.47567736950037,220.4822941021483,Train
120.79439890849349,197.2969340600862,Train
120.15634279197513,168.28789130876726,Train
105.5615090199451,193.17651011063685,Train
129.5098975924034,225.4741950350672,Train
101.00150850935023,194.3631161507328,Train
146.03634177078538,183.8697442860157,Train
75.61439737670887,187.0024861661841,Train
152.23567532712087,194.97207149552358,Train
85.40017562202121,175.24746757628716,Train
218.10789826140996,202.24785687054194,Train
77.85884324528706,181.5172667826724,Train
91.65301057365258,180.6068004763031,Train
98.49040024650662,209.37540196397322,Train
196.3710122638489,196.86886209117984,Train
63.294846625679696,184.1299710807291,Train
94.76190333199872,212.7354313647997,Train
112.27218238280628,187.00635871547024,Train
157.82568377810225,192.88079544721887,Train
105.42240751788657,178.41369503916712,Train
312.0623536021593,201.07225729517347,Train
112.74552203092037,200.11493445953997,Train
112.97191280416986,175.14826456680305,Train
260.2415259219078,235.80854233484436,Train
124.05436138413413,184.80149251801538,Train
68.4104191908488,171.85594754447652,Train
61.8096993420519,191.56763377079528,Train
114.75220183774343,206.0059751235525,Train
384.73792667792327,243.96014094452957,Train
154.26687386259158,196.43006562236533,Train
147.83904339174828,203.9656480652488,Train
144.9544352653934,232.5069442919502,Train
89.61304948352688,187.13493847167064,Train
149.81488604614879,201.13368549125164,Train
178.92125216763156,230.7235690285534,Train
134.2447643994094,189.62702245804064,Train
159.62962877879986,178.8763966185852,Train
150.07584530580291,199.47785745812698,Train
133.5834139804187,200.43454415387185,Train
162.65233480264706,197.53618928924672,Train
170.78260777248806,198.7516331691194,Train
231.47423288994173,190.27622445654185,Train
148.72721015500804,200.30429557228734,Train
248.04153956768698,196.1568434905585,Train
147.9172211279786,191.79399722573518,Train
187.85425483588273,204.3309354287193,Train
185.85264069139967,190.95500379345464,Train
187.41237869452922,187.51234104114712,Train
189.03346884527127,204.84232796828843,Train
222.21591114362616,234.43192720817996,Train
185.45970558959354,225.04497557064107,Train
197.76485218317362,203.4142853850454,Train
175.13135092436633,197.94235791567044,Train
191.05920181317174,200.36194867536943,Train
158.04840484958976,206.7022262352377,Train
177.5989600336204,193.8597413793496,Train
228.71086736526362,197.33193278056163,Train
150.38412684451959,187.35856632340492,Train
145.61873847138813,172.76631897310736,Train
158.4147022458694,170.7016731960779,Train
167.77201816796315,204.59616506007467,Train
114.19068623766975,187.36678021214104,Train
183.17070645498885,180.46841340783686,Train
108.71207881992055,169.15600459459492,Train
156.81480333246506,197.4716731521376,Train
148.97887999262207,174.5163435721998,Train
239.2043088003918,211.41865576778207,Train
101.99108975577406,174.73577675426958,Train
94.3392228587691,183.15978146396643,Train
135.74870810937676,198.7274794353505,Train
166.71954550759705,205.57990186149212,Train
75.25173505342991,174.4941651798986,Train
186.8452767468755,208.75238862407463,Train
260.0001705879336,210.8004820844246,Train
179.2164165766045,184.95093483585268,Train
77.49401471288792,190.35924048961292,Train
199.83296499678403,198.5853582527389,Train
133.23326742829278,196.219734508967,Train
94.69492200741422,171.57019606333617,Train
311.71792873414824,236.4702074883126,Train
182.30228760849494,183.63875736020867,Train
129.9479986304542,177.74254031343557,Train
105.65506180002619,192.62642240827785,Train
179.42347711721078,215.33421900147832,Train
330.25324458200805,238.43969577630273,Train
316.644364194418,202.71850229621245,Train
163.0968359544405,198.1559240106893,Train
156.61065986207564,220.74576462862063,Train
94.18583591732347,190.10941529407,Train
220.82236412018392,203.4582007529709,Train
140.34879548854,228.00591699091967,Train
110.13776703102138,208.5939528044142,Train
181.48392373160883,196.22207117918487,Train
112.88726559030232,207.46342141011021,Train
128.34779260710187,191.6073591713805,Train
140.36550478200746,189.43858432389132,Train
159.44040211501903,213.3174867671683,Train
161.0724846061367,188.01140958073668,Train
141.76175225536036,207.54776117755807,Train
213.50820506269017,192.52047875290495,Train
134.8118430281259,173.52142417141255,Train
161.17266615166773,210.52827960867046,Train
194.5906744333156,194.49084875588477,Train
175.5658678730695,194.4305149351783,Train
163.59824647092935,196.99720752420455,Train
193.68781022689535,207.8032431917031,Train
171.33455914096743,218.78182703844726,Train
194.53849321314544,206.83082850922483,Train
137.2996124434295,187.76291929185743,Train
139.61791683181963,199.8041565804107,Train
148.9934063783158,205.3157376463164,Train
161.92608108291802,205.65080143719,Train
150.4159409456263,193.12333476402694,Train
121.46298596644061,194.8677074542136,Train
85.56721614536099,170.20682488231176,Train
123.22863148238741,176.06175766983756,Train
118.94723197751979,206.36000103331384,Train
97.22301763075822,202.58458012009558,Train
177.0559884421028,175.08183565165606,Train
88.94614441155333,168.39247339485266,Train
158.39348553910992,201.203637015047,Train
73.89801182477245,167.31835779490922,Train
188.95972326854115,198.99423357121935,Train
59.07861987041588,178.55644582276543,Train
65.75470163039657,187.98882348758008,Train
100.48796854848341,206.4845723821988,Train
205.2784206246763,183.1485943116235,Train
54.626057858975145,179.0637826618831,Train
72.03088025138004,207.36305450232976,Train
211.992887801891,196.91076045611604,Train
110.51208051050799,193.82396353250243,Train
58.088458377231035,194.58165011348248,Train
271.72202140206014,204.74959060832603,Train
117.91276958499529,192.98478593962378,Train
79.6607029260364,174.34332713872715,Train
300.46582142518355,240.23857572621853,Train
195.82812508243686,176.88745720700496,Train
49.247613897796114,197.71434685342535,Train
102.22428787126142,181.25751044189425,Train
127.25814700283279,208.16102562869662,Train
404.3491912925102,243.04010888730963,Train
135.49742074029365,191.58625903382784,Train
143.20283534618306,199.37629996423908,Train
238.46543511017865,230.40616422367634,Train
81.78522003228026,187.66196697361363,Train
170.16219011248785,199.60035577756094,Train
107.32809183538305,239.79769209241192,Train
88.26579238285754,210.41336916462828,Train
107.75552245654863,207.8038810867916,Train
85.29728205645652,229.5902967891948,Train
108.39107118258102,208.8039118260964,Train
128.0368898349223,202.95856482628906,Train
182.73473801348018,231.00703627248242,Train
139.48461571825487,193.88545699139866,Train
117.28652294924618,209.97744285204084,Train
193.14045970645418,194.1715737855149,Train
90.54642598987886,196.69857751351674,Train
128.00442179952034,219.5576577092749,Train
158.51444713537842,187.17737977916738,Train
136.57650199745322,187.82104385484968,Train
156.69058638574472,226.24631525276402,Train
138.3567003002529,230.37953211707762,Train
214.57484374097777,228.03610463426944,Train
143.84501670791937,218.49363698449346,Train
115.16721920107756,192.31436135132762,Train
139.04145122045253,216.99036538951918,Train
113.96771276604423,214.40318878796106,Train
141.44600383785263,220.57910092620813,Train
102.4763244358776,205.0918283195769,Train
88.05867456011939,206.40834062487573,Train
45.69305421057787,166.6315874254334,Train
55.879463387252954,186.98975511387397,Train
101.11790209014484,208.8136226052025,Train
58.90837031925332,206.07657618286194,Train
132.2508680745785,183.95972710611483,Train
41.14539535612049,184.73685558657326,Train
121.59195216387907,211.42416003472934,Train
44.590538497854354,180.00816263020272,Train
163.64115435804632,201.84872338223775,Train
41.24379974445502,186.28194830742643,Train
44.8984746570805,201.12128273180616,Train
76.60517909592258,219.49519484321144,Train
188.86391306098125,212.53216034861703,Train
31.67467655225684,171.5649341676056,Train
60.03746956974892,213.91474809340963,Train
74.4522921134578,194.14837622867486,Train
95.91914418338338,186.0847559424995,Train
29.93802577952566,196.97739669948515,Train
275.50893690188457,224.077070785888,Train
52.13187755046022,190.54336112943645,Train
63.306847725252595,172.58043963536826,Train
246.03384742626167,242.8588448701236,Train
120.81287665348735,201.75141470565012,Train
30.643935406929828,188.21898510152445,Train
28.027023686588905,208.29497835323244,Train
35.96214149246468,204.17036247798976,Train
323.94928882455724,245.41379633444478,Train
153.48846568286643,206.4749736911951,Train
126.57967206739231,207.20124658886326,Train
148.72290797813488,230.03286749554889,Train
23.91817341509426,194.38634787100833,Train
74.16546837827013,205.06322715264267,Train
189.46259335540117,244.33527713777792,Train
169.9582180186468,220.45705012849274,Train
199.50199953821684,219.01671329245022,Train
169.5939379141111,227.56072453930645,Train
216.73403314632975,217.5971387243065,Train
211.42228523487282,216.3359172814232,Train
241.15869417974002,242.41854791737254,Train
232.44325998093166,206.84658714463578,Train
167.77598263844766,218.47304105505106,Train
260.6568621522879,195.6197642030048,Train
161.08589852245245,195.23844880788897,Train
215.56309174894136,221.54103565321202,Train
210.5884418317546,197.1068656700614,Train
195.1619487708922,203.67857406624114,Train
211.28361256635412,234.82129229056756,Train
216.9534332181404,238.81092147565298,Train
352.1714107262509,230.77567086551616,Train
221.43754509068575,225.90919510681383,Train
192.25183631144503,217.24830847173087,Train
243.61428438852846,228.78772422710617,Train
197.0248893219363,204.36624673577893,Train
230.98365111166854,214.24442923672385,Train
236.99056975772498,225.09682823782634,Train
162.54564526010586,213.75793706833116,Train
158.148877618811,174.82494807012625,Train
139.80026683384045,214.82762543960408,Train
236.9998129051943,244.69044796022362,Train
148.7475158328724,218.51881904711095,Train
225.0433756168748,186.62823650352405,Train
108.88739225720164,187.06180894688154,Train
195.7795657538528,193.96578019272894,Train
177.71989610682812,192.24696518637666,Train
271.708383316128,217.34682536202644,Train
145.24502738175204,202.48189492433173,Train
144.82982830370048,218.55278502077172,Train
140.96278608197315,229.84032973959322,Train
214.14390071657016,225.44870267720995,Train
157.87317220749162,221.54175413762297,Train
259.15060055473737,221.02883197912854,Train
178.47618575830734,212.95316845019246,Train
206.3499278182017,210.63640155067628,Train
97.7718267344204,204.2293624392497,Train
262.24188250696335,241.47345110424996,Train
129.26009513583074,207.54079873626836,Train
136.32646462102247,176.0014876922518,Train
402.4409909625383,254.3983344540618,Train
217.10367416037874,217.2037529989986,Train
136.8145142145433,198.7920383939046,Train
88.07351112503238,219.50674399138134,Train
168.8806648918456,220.2625317087983,Train
319.7359755149832,225.56857110191666,Train
173.1394429944451,203.2172364143617,Train
198.09106733023145,224.86028916598468,Train
177.59084852234201,230.14523515230346,Train
83.63878657077696,201.23018082938978,Train
178.7348814755362,204.86647781037203,Train
214.53005064004466,241.92534315043918,Train
200.1533419705765,227.77844086753774,Train
206.86371974511573,221.89963702985244,Train
210.16118396366238,230.27427757649556,Train
203.04573462621644,231.36854645905817,Train
245.01737173277803,224.11076314325155,Train
231.076095283347,240.01274893765057,Train
252.22190527792338,226.79916393905958,Train
196.4548017165073,222.40310273214746,Train
266.77478459909855,228.63642280507648,Train
179.68185392569725,225.0308590476184,Train
236.1760096963034,236.214302938853,Train
222.75725191091703,220.8234660589628,Train
226.9255805695381,215.18756176651013,Train
224.1809956721665,241.98330235927722,Train
260.0234972188025,247.6721670110301,Train
372.95308520944576,235.31247786978793,Train
233.96975964409648,238.44868688238464,Train
200.0735205227547,230.9655636046451,Train
243.26436784542045,244.71930768325421,Train
202.54230161209347,225.7050704732867,Train
238.90732182277404,235.66075559510745,Train
247.3594284774619,236.97067170191653,Train
199.89862157615727,227.71620446477414,Train
187.52490111886007,197.70791561693324,Train
203.23826710557037,231.13570478223147,Train
261.0387195362881,232.3468268319361,Train
154.4262584110132,230.79348016867436,Train
243.90088372974574,192.48065233582116,Train
123.46259549248569,205.61994767765475,Train
216.61139369923325,209.021852100784,Train
208.34727834998802,221.7501657881323,Train
273.6702494447504,229.24513725985568,Train
202.58030698352007,218.24874144870483,Train
198.0774509662972,234.02751818885116,Train
204.1616813930818,236.6869216808856,Train
238.33299826387383,225.09641849258088,Train
199.09140157867336,231.4103155911806,Train
257.93689133748035,222.37096025229198,Train
225.86946754029458,231.2593707209573,Train
204.38913018711645,214.43626948282196,Train
140.99587927794573,217.1164837420531,Train
277.1897148127822,250.17977613212287,Train
136.97063679162633,203.6683225725096,Train
161.33864521447794,190.34268450739947,Train
381.793740081337,258.0220250309221,Train
255.83592139220332,233.50533392773679,Train
192.96518914707707,215.01927884640875,Train
137.18154334595843,223.38018609250236,Train
175.9849839888471,235.2455446690133,Train
358.3755110757432,239.27946032754053,Train
201.3531246066468,215.38192794796146,Train
229.9178245815578,238.46533751641002,Train
237.56961100047621,241.17861258953874,Train
126.30848386340215,212.95227580533597,Train
190.1344431703355,210.3779873120086,Train
241.5823076551215,243.59408608968033,Train
265.18814158368644,241.78125785452482,Train
288.8917946483845,237.1970695672836,Train
291.6932668492158,252.7917803165219,Train
287.5925581861801,234.36336201102603,Train
301.08966865927766,247.5179367345688,Train
311.1845982685082,252.6540931527315,Train
279.3773470138719,222.93112480477657,Train
247.6679148953687,227.90806116939885,Train
289.55630191299866,207.08360855891036,Train
237.04250806676177,223.2538215718963,Train
265.1265333566579,229.09727132797363,Train
279.3083777826872,210.5080933039604,Train
251.58804134484961,222.4810437999372,Train
279.9655240431452,244.08320608529687,Train
315.4408258775738,248.82362781724902,Train
365.0139468481357,245.96350775580424,Train
271.1848869548305,243.60213476457608,Train
240.45364619765854,226.02641291623945,Train
272.82022457661964,244.32613193576756,Train
280.7846220917139,209.49249112630292,Train
260.84683874294126,235.84988180988327,Train
276.00687453030173,233.85343450717184,Train
231.76472945379538,227.28368993464107,Train
240.12040351342216,195.7054342406888,Train
231.07389670918207,226.08824512088876,Train
313.125209041075,245.27361006644927,Train
230.77434050910108,225.25979861163754,Train
278.0212911132603,195.48635548505945,Train
157.36606085355265,218.53169177109515,Train
232.80864972997807,222.52139554464128,Train
241.84905774253673,217.46997941587443,Train
352.4872848912284,214.11631770534018,Train
218.22333117605322,218.0400800198462,Train
266.05719659701117,229.4214147934125,Train
268.48888115410216,250.30786438333044,Train
309.51838484732644,242.97722639816476,Train
207.1457076766837,233.5429912248961,Train
286.8708496421741,216.8613897261032,Train
233.6938107437977,245.33453487261156,Train
261.11459098155433,231.77538247167342,Train
173.13319035544413,219.08959816957136,Train
368.74960886546705,251.11776420934228,Train
186.46384651162305,204.40313781187785,Train
165.27590329391222,192.62542894052348,Train
466.1857792123344,255.3863965967334,Train
354.19347426688984,230.0964906726362,Train
210.79898845757833,221.11070604939522,Train
214.50232178439995,228.41339860113368,Train
179.8034742473547,227.9071115088122,Train
351.7024458464425,245.6741678460117,Train
275.19923658166357,234.29340919016516,Train
342.29384645301764,250.4014702714607,Train
353.4862754605049,250.88985148816846,Train
224.77652360412512,210.38620426997966,Train
243.16459088387862,209.27516792618596,Train
158.10562064818834,215.27859019861373,Train
134.19697617267002,198.9170835682412,Train
211.8582371422206,193.2234348389837,Train
132.08940355683998,205.94936653023345,Train
132.89047541652812,197.503327136463,Train
158.2614527212853,186.68369066121298,Train
166.2023354711112,201.87878242495603,Train
191.71312366600597,173.22631932110826,Train
161.29381730596947,202.13183923606596,Train
232.444416391002,195.18589303579455,Train
128.6649209211033,167.3536437446313,Train
178.9553308962734,207.69741948269947,Train
187.31564631651236,189.40599974163786,Train
178.2458671818202,199.70616968991555,Train
162.24599349219682,193.37682438656068,Train
195.3160252476423,216.74033760026052,Train
182.95596244815673,214.1114859367721,Train
209.1658050937399,196.21818186594325,Train
161.94555318439188,173.98235169838432,Train
174.29520672011273,185.0385959513087,Train
165.71476570090243,200.9417012923755,Train
167.70423012676096,201.64441796704457,Train
183.76359999768843,214.49481452945375,Train
136.89287531368464,200.42470394315097,Train
135.5920560747498,158.87559870487536,Train
134.36114228088368,176.56095170579763,Train
161.20013393208652,186.93949034802918,Train
132.1090310283581,200.22556602750905,Train
124.0878335696985,179.6098354180707,Train
98.63654155610776,177.86736446404433,Train
181.75515498758585,181.8554597754528,Train
110.94367386413289,174.1443538954264,Train
253.70209818574867,216.86740201776496,Train
85.03042795243339,192.03701083445583,Train
80.92866316418684,194.73793213094444,Train
122.39680382100914,193.80938962323586,Train
254.93484992290038,205.88410842302764,Train
93.54280146986036,173.2802993762534,Train
107.22065846188929,213.25311699662706,Train
169.96842089898706,199.43967103071202,Train
180.28608878115355,183.8702566526972,Train
124.173662108389,198.75749021273126,Train
218.63114088069318,194.84881246873016,Train
113.6585250980663,189.91692197986458,Train
99.75581476050817,172.6713836373874,Train
306.423009868019,235.35099842260422,Train
212.16011042059853,188.80590128932727,Train
100.46711641824712,186.04920867415368,Train
142.84402786096433,179.57865679064307,Train
178.29084474875052,205.68265727883815,Train
395.8075670816055,239.00493104800762,Train
196.89419485952928,189.87600730396392,Train
180.05072808252197,194.23964628693767,Train
271.7771667505835,230.3375732104517,Train
136.07351086371386,191.92782199369205,Train
196.43976042191298,197.945955932757,Train
209.40762794109983,233.0346217364292,Train
171.58927500750758,216.52835220563125,Train
214.33999949350664,198.57784981221815,Train
201.15980139909698,218.34903773981014,Train
174.0486807242786,204.9991343917707,Train
196.00663746905153,194.13831369644137,Train
221.53367163341574,221.1755270895109,Train
229.62978321737137,186.66563815817113,Train
188.79497222091817,209.43239666620997,Train
267.0292386440563,198.65431447782015,Train
187.83258248678578,192.3745805695055,Train
199.7050037491066,211.30718823464244,Train
218.64650243101858,188.02955702857304,Train
199.15707853252198,187.08996414777124,Train
190.23673205361666,216.36444255432494,Train
209.38546299430266,224.66429663917327,Train
211.10327135457993,223.87828275345413,Train
254.8901571344485,212.56279433582623,Train
165.74612033390844,205.66965290538897,Train
241.1711609529596,228.51984160920247,Train
162.66527899160218,197.79178999991467,Train
255.72847444983591,214.33957359140862,Train
170.36074732766104,219.0043753047199,Train
155.0620976250775,199.87326691597275,Train
157.33252534208523,167.7160114287289,Train
117.67203047868426,188.18250678118528,Train
225.0806130348746,221.1151869028185,Train
175.0582730106563,195.02146746470305,Train
216.10501040602912,182.38544660611979,Train
85.72082522099343,186.70046158502535,Train
172.40571745554894,195.82878927380128,Train
108.65968710969584,162.91962808580695,Train
247.98273418343393,208.42217486184595,Train
149.37485867676352,181.4412714707229,Train
99.83606058968431,202.22489176624848,Train
130.8663399221963,190.93385526888727,Train
249.46569667429966,197.2894775171813,Train
116.13413084599443,183.1406542514702,Train
203.3716424372804,212.12549380797634,Train
220.67823144815765,204.26558195756184,Train
203.05389787862632,201.7628774931614,Train
150.49864172868615,192.99115904998604,Train
315.0124629983374,204.0587770415559,Train
136.59536168757995,193.18754618514237,Train
129.7473377964137,177.1582123356383,Train
318.9683913248388,244.62573782782218,Train
158.25852227285526,180.78653609045205,Train
109.61773064046307,176.1689818496,Train
103.04601642766198,209.04729417300047,Train
184.0433796344523,215.45981320868574,Train
370.109820260834,252.90928708235055,Train
223.7453383068069,192.23751827669105,Train
206.9499337723712,209.11459792998065,Train
218.2236066575267,227.6081637454628,Train
121.06635696227357,190.12242217631905,Train
184.97818468661177,201.07669193024128,Train
280.9775914314671,242.69306544643362,Train
290.4247306037942,246.4645831595458,Train
296.45919983472925,244.76950161942676,Train
299.08099912427247,249.9580842098244,Train
273.7901284724237,243.31785971131907,Train
294.086587879183,240.71831825361707,Train
314.47037734455034,264.8819170590378,Train
285.94149686852575,249.3516383583099,Train
295.99994645110917,246.6680712419658,Train
323.6457260923008,247.62897253902128,Train
277.8788357921003,247.93213494803467,Train
298.69927555050793,249.4304954823479,Train
309.1070453675237,238.03896168259038,Train
309.1021452431474,242.27109032552167,Train
347.6845751773793,265.6153260351237,Train
337.35433517021914,247.443297155806,Train
369.1114252216671,258.30041228318396,Train
309.9558453317231,257.6499534239493,Train
299.8875955003872,251.37147993442807,Train
310.9066757276593,244.76564328072163,Train
332.51308601353946,243.6870681585236,Train
305.20682635802774,261.6419299309138,Train
319.98789676112403,250.79560687067118,Train
296.35629722282846,256.0232667725571,Train
293.81202774314085,236.71477002022158,Train
273.8550883220613,249.20161500776487,Train
313.4854789595899,254.391559301542,Train
328.70319965572645,253.1917385626785,Train
312.5082504104712,236.52684758722128,Train
226.40063122382386,236.73853455274875,Train
280.3803420957846,245.96049752913697,Train
274.9473830263535,254.18681316006564,Train
413.1017540155304,249.3262103272927,Train
285.34345506331545,234.94294489491548,Train
241.6724861697084,242.11660400430463,Train
289.08884733470944,259.04192496180747,Train
280.59253855831867,250.43889242166986,Train
233.68355984053585,247.1634420085519,Train
253.36191118136105,234.8931383194456,Train
231.12759258079436,257.77743066530275,Train
299.9806040388358,249.08230324620916,Train
221.92094555548522,234.25487790664025,Train
409.9486171307428,256.67311999760693,Train
276.06361876460835,229.1167863264512,Train
212.2659504570819,228.1428716946457,Train
428.55561220816367,263.54853315551645,Train
235.43260401785338,210.94445283570184,Train
227.89692588615117,240.37491745549485,Train
304.4485778130571,231.05663213755977,Train
248.08755979857096,236.93013356347222,Train
352.81387184269295,257.6337351326681,Train
237.12751394542306,237.0626093307829,Train
300.02848610676114,242.63827424477586,Train
366.5167883267072,250.64068010750017,Train
233.59242060526145,230.15487670839676,Train
324.7553829424238,235.36058782743135,Train
144.62479162509413,230.6569405185742,Train
107.95402500864121,214.02341708546402,Train
134.3342307015318,195.86448983511553,Train
115.265408703766,214.65880533081693,Train
113.74755901534373,202.88407609975343,Train
147.28068163626497,194.16692866609426,Train
198.36477656652974,222.61815232328956,Train
168.99984380613813,190.2261641722423,Train
115.18588335508994,206.783507670311,Train
208.42289521338537,180.37074568599618,Train
119.71087938102433,199.98448162978946,Train
139.5498358580069,206.00075064991438,Train
155.9397646443329,189.1887309455186,Train
168.8806657400025,187.76454494995002,Train
174.87253914501565,218.37345449679924,Train
166.9153848593722,223.46863483045686,Train
187.00920288307248,225.89414212966412,Train
168.6539932161162,212.57035682646372,Train
143.3497558585035,197.7941905532134,Train
181.09649081023434,218.66578926131353,Train
148.89419807130872,201.89471212933944,Train
176.2428776417266,210.3727888785829,Train
193.14252952148811,214.05532545999208,Train
143.59315371059304,194.43980095639887,Train
125.59475020904159,172.64965735883953,Train
90.14731901683376,194.08573307601836,Train
135.25086013396935,212.69510712295755,Train
110.40537356044857,192.63873959457948,Train
134.6108592962712,170.12481133191676,Train
57.367317341437456,180.43492757667076,Train
120.17474769594733,193.58557813944958,Train
53.53315035980063,164.37320314945867,Train
196.94252533299755,210.68642924884003,Train
77.90287261553789,177.82696360034294,Train
70.91419220742185,187.3783625385252,Train
77.97648410864943,197.39423478655397,Train
158.58974831922043,200.2247700944581,Train
50.25398483913506,180.8138403546277,Train
88.9691936683931,213.72039429762123,Train
82.23537480699477,200.5643564845798,Train
149.05252825494006,193.63531552201178,Train
100.42065401222877,185.85050356053074,Train
233.8397520788611,198.01154166301586,Train
83.80982245483695,184.7211432359033,Train
98.33086514015632,178.72743564955286,Train
245.9028801348192,244.11091214123218,Train
127.52586743882573,183.82163870538176,Train
58.19982705217576,181.69926258649917,Train
44.92475897486922,204.93031161303998,Train
143.7006632069064,214.5485759752641,Train
382.527539748287,250.17685117119353,Train
169.90538859901122,196.73643108105676,Train
139.33420975907887,195.45874246744734,Train
98.31400322849012,224.1503348692933,Train
78.344769007245,185.99656674396954,Train
135.4265070953433,191.48269363861897,Train
147.87458411126266,221.91762599207712,Train
109.74059655465689,193.08051334850364,Train
138.18487928974875,181.11517188575294,Train
131.70743231653825,200.62986393369223,Train
114.80825563502557,214.9860137459607,Train
129.48734924521062,193.93735298469463,Train
147.74471314709334,184.4189009292332,Train
187.08034734067388,182.94676997123264,Train
124.99425182595213,197.04146525679784,Train
206.48642660292802,199.0179011203233,Train
134.05687167160167,168.28361031656107,Train
163.20558703197304,215.69611361192875,Train
164.43257268404216,189.31209747871983,Train
183.237828627809,197.26166154950428,Train
135.62135486327355,193.54272379527498,Train
193.08315139043586,230.68036220398488,Train
156.1232182092958,203.68667944217745,Train
175.24155531985357,196.96183625622513,Train
155.93816272210898,182.9886608017559,Train
164.71304041606223,181.50943453480818,Train
166.5661884017131,196.11049670600528,Train
154.49760667906173,192.73550126344,Train
195.00729524810805,206.31669109535275,Train
148.09525410885215,185.56885775897646,Train
125.76148326129396,165.55622843567767,Train
138.5059827054334,184.4122891452642,Train
147.8287524412707,182.70854572442315,Train
115.22979246880561,191.54245435783764,Train
128.20910278803825,168.44770230129959,Train
88.76668339896875,171.81980814379142,Train
126.40253430159677,186.66050907393247,Train
104.61665549592273,169.13196732053294,Train
201.90904698194632,201.66366686427347,Train
89.27970875966764,185.87446810405558,Train
95.7286408290866,184.06530033016452,Train
102.2558431902034,198.4660659820739,Train
157.86131584301782,182.71530130700626,Train
70.04505878753008,188.785740603183,Train
94.30707202373998,213.61601251650035,Train
129.1473555516477,208.32286722567198,Train
129.06590937125307,191.95310171863727,Train
73.06273348255617,190.4677902461744,Train
143.1378278855569,206.17625119165587,Train
83.79119258025547,182.89982900655403,Train
126.02282756665177,177.3901517344375,Train
231.3327328447457,223.53772323341127,Train
161.72090841453746,192.458776952449,Train
165.6873542760269,202.4254188839407,Train
117.23207042921402,188.89226731655756,Train
173.85505687409898,227.1502079392027,Train
377.5563136106816,238.2923602584726,Train
360.83584063896194,197.5400203988733,Train
148.19363795894003,189.5278431413144,Train
208.62970557061573,226.51112440141765,Train
139.64404347398926,205.46017562815763,Train
217.73665166906056,218.17095647633462,Train
306.6778594477426,253.35489792633436,Train
267.5635726016134,240.8997250148016,Train
295.01767132686734,229.14996977515483,Train
294.54015562350435,244.53736121997022,Train
276.63102549152467,241.79688940688715,Train
311.29028093092813,237.93085226704466,Train
290.0179219417147,251.82034109354845,Train
317.81394852388456,238.5175991737155,Train
286.1783606774376,229.18566135751584,Train
349.11115840237363,236.66872753404388,Train
296.612341698693,232.75294117490338,Train
303.6819105663955,230.50698343168008,Train
314.3198650054811,219.4285451068197,Train
311.02620501595,224.97592072791775,Train
342.80093059780205,250.1023395361882,Train
350.14404175103726,247.7160177811375,Train
448.5555384756557,242.46543631274972,Train
319.5354207716572,247.41460157357415,Train
288.5836886390419,246.51109133980188,Train
331.20034207780986,250.70247951655384,Train
300.3853810879609,224.64379748422118,Train
311.63880566949524,232.21105747490572,Train
294.96061582241265,219.2562889066736,Train
267.8508115467133,227.57581312082402,Train
289.80939284239696,223.11386147912293,Train
273.3363597094641,238.05129447735968,Train
298.93171214791414,256.2744832008403,Train
265.09545015774756,242.89857465917305,Train
336.3275737389639,199.45903557022183,Train
201.12808289156362,234.27292281837637,Train
275.9969776155465,233.5204958322845,Train
277.4342579109125,230.4175238260067,Train
355.93992377766165,232.24933269732722,Train
305.01397521579406,225.97022411986927,Train
310.1564122253096,240.36215793987046,Train
322.36723480620833,245.7385826704051,Train
359.1464429584902,249.36176427961294,Train
266.4940366821553,231.48654054740655,Train
310.41001597720356,223.1247010906022,Train
266.89438084363496,247.0038621213161,Train
233.94713128144954,237.09833729022316,Train
208.06826729064733,225.4090053244339,Train
371.2577888712283,253.87163566316556,Train
226.51569602319248,219.99723970172346,Train
239.34198874653967,199.20020410272386,Train
395.73666704127027,254.15879708051634,Train
258.1997309073838,228.66494005739224,Train
285.2311803448807,217.94158049965137,Train
305.3310153537607,227.40369437331523,Train
223.99923593402386,245.20203891714812,Train
401.7358420856703,235.94162307565284,Train
236.54083380869972,219.9163414258143,Train
312.9142111031125,243.76851971088954,Train
315.85597396890836,237.56207286283637,Train
231.3661224060874,207.6139349114776,Train
297.4446564146497,214.9052526536531,Train
175.53733947064927,242.14025356967807,Train
163.08948783131711,231.0748706812822,Train
182.19242565396075,220.29491414204344,Train
166.34615293858033,223.3663481232078,Train
189.05066968517573,211.42847444566075,Train
222.30597589374696,213.46691632068809,Train
241.6120715642942,246.80110892899245,Train
229.4689566968173,204.92635853040898,Train
168.3766312913162,222.23072190149284,Train
240.3350953477909,194.36747664232817,Train
140.84434886624155,206.86738936183843,Train
195.40439184666815,219.94395131674437,Train
190.51522428907055,190.26850902614495,Train
189.17684619344885,203.72644802592205,Train
187.8892575598029,229.82185975454382,Train
200.65245838813297,239.99800834776423,Train
342.96644867843884,232.77965668034838,Train
205.33122843072059,226.95812731592017,Train
179.74679764497833,219.90095491589977,Train
224.21315632121178,235.36859772281963,Train
181.2303044594211,202.39485213203758,Train
215.29824205960642,218.33906946284912,Train
200.41696912176755,215.5532594378306,Train
171.58648564590453,206.75268744816415,Train
153.3067916320174,172.66534997801466,Train
138.5778870801061,200.20020202544282,Train
235.89977199017076,239.90359471590568,Train
105.77244636221123,220.26369841284026,Train
206.6959101962276,189.35818600315207,Train
111.67016349221983,197.14476938196074,Train
184.69520625018797,204.99869286674715,Train
142.27103847013194,199.65502193392774,Train
288.8976601520517,215.27594047594252,Train
166.07507129594742,205.11528760330754,Train
123.80327190181906,217.9796973996997,Train
137.58226196966652,211.29639386911887,Train
214.4120414994899,227.46476664452715,Train
172.2926104912891,206.62495366257934,Train
210.72396894506414,214.09654487654925,Train
154.7061168608151,217.5540230401834,Train
210.739054238542,208.39548063792193,Train
105.82278107824469,219.246577932724,Train
210.9572973799232,244.67286582633574,Train
106.14260314357767,194.073731130186,Train
120.37869836920805,189.9198598626853,Train
386.6655830568143,257.5104673680391,Train
205.00325720639628,222.95029779593204,Train
128.39172081795414,194.5540401940924,Train
90.33097389148801,220.278970277888,Train
171.32101642699772,226.9998126480247,Train
346.86184842448324,250.24850110629365,Train
189.9534698839446,220.9936226557987,Train
232.59588080538197,239.79352420536665,Train
205.28908118879517,240.07638491116316,Train
87.03307103418409,214.95493484053364,Train
147.32785034154915,208.30426226134034,Train
139.1533172947535,241.60868501785362,Train
109.17012523926532,205.81212745122303,Train
142.2439913253667,202.8752553488061,Train
108.87491555305752,227.22034474380075,Train
110.5628979223378,205.85003645127333,Train
129.80793843320762,200.21814216667693,Train
177.11003708566682,242.79556940346518,Train
157.96919387971553,203.77300008573943,Train
110.88540881535371,215.98259455024788,Train
207.35868189258133,190.4156714423873,Train
114.88901311139843,190.7787712119182,Train
148.47640247180505,220.96538944378827,Train
154.12084997380106,205.17599834392473,Train
152.82235561738656,189.86228758282166,Train
155.08091940256156,230.45448564490752,Train
164.396541329326,227.51370239593632,Train
271.76922139767987,231.0116065961087,Train
165.69895960762332,218.13518185132222,Train
157.6857559591561,222.8476632092354,Train
167.22961045227845,239.06880432725455,Train
141.83052308699024,192.1039639614287,Train
161.98849386329138,210.19637178071645,Train
157.70352278118207,219.87319065941037,Train
142.97560984066232,210.88778858329482,Train
135.3047550417319,177.73251470892683,Train
96.19095838439105,200.56555325515836,Train
151.63421986863975,217.00554908053275,Train
77.63453949447779,211.62026150339807,Train
192.6919172619053,184.2252894318965,Train
52.306353170922236,173.92244889012872,Train
125.47784722152863,187.36775842846626,Train
79.70639941372468,182.7992979813567,Train
208.99200974751,208.89180497357864,Train
93.33467822288483,182.55655383840715,Train
61.734404839849134,195.39426431287407,Train
82.69118959840299,203.46895264973742,Train
138.7050324985462,215.42257887960082,Train
79.27593354027894,190.09787869733316,Train
128.40389272360105,208.23754644664055,Train
118.0889100485127,199.15795912505843,Train
132.3309855150139,193.5682419553532,Train
55.630119123104464,190.38840189165757,Train
153.98631087278457,210.46957533674617,Train
59.89956076405403,198.9366728147231,Train
60.36986879691304,178.65884607134376,Train
281.3972349713616,240.74292789356716,Train
117.48165928739951,193.2586129211014,Train
58.62314174502687,190.78341673115776,Train
45.32168234424378,203.3299096032291,Train
84.57728108505015,216.77959964294186,Train
288.38993796744586,236.86900658810376,Train
124.75965299143112,194.93953954114795,Train
181.68642615700594,206.9714063143532,Train
109.1702574641701,222.03907085119982,Train
75.21114691292382,198.69630088641526,Train
142.8090945032669,203.64330863018395,Train
142.29417356412927,235.08701248117347,Train
106.22611836351726,207.91620305372368,Train
136.6911648064801,201.17623381721543,Train
114.68931289301784,224.25879803134558,Train
152.22056262313032,205.04101180951497,Train
168.78491399681772,203.81006236823833,Train
178.38236701408005,245.5574067011489,Train
184.5129216749171,197.49534756030954,Train
155.67657797932907,216.85977274110724,Train
238.87333592731576,191.68619914382376,Train
136.60319551887738,202.82280784380933,Train
163.86615675401393,216.29662984821485,Train
194.6622196327252,192.5291589410702,Train
183.4913841550114,188.96817894713115,Train
193.3536503208723,228.60994203317998,Train
178.74901813030814,234.03214016033144,Train
262.1774875833189,227.99774496514962,Train
188.1390586799044,214.41725388867707,Train
156.1337314200648,196.83156481676173,Train
208.16150580380003,218.84392769697433,Train
158.7223818311102,198.67882660264294,Train
193.31635950199507,225.86421313024664,Train
182.4434388164549,206.21145897788105,Train
157.60361977448952,198.70165090156047,Train
111.79690237609887,170.2922149764788,Train
97.52328662128335,190.24221689835642,Train
142.78277251004243,215.21015742081497,Train
86.57536004237647,201.46611644787913,Train
180.90104921828532,188.30438654175026,Train
47.759840037768896,181.6796489107411,Train
135.1517325008276,202.8696935918284,Train
54.57672660746101,190.68380041388582,Train
198.03482235766916,198.1896220667676,Train
79.02601975145222,188.2489280892497,Train
68.55031878881022,200.07086623959245,Train
68.60771946974293,219.5765377912267,Train
198.19822179425057,213.63866683407474,Train
58.321825762333134,198.6135240688526,Train
65.47853137399042,209.63285001853896,Train
100.66833862922263,195.43635149722354,Train
128.89124752802957,192.0107276787806,Train
62.647258070411425,185.95602017644745,Train
251.9363702563682,219.0373925034627,Train
59.75858408589971,185.79356392989783,Train
74.11389955900614,175.98518030224923,Train
214.50231667568738,248.53981989513983,Train
183.42383543594337,202.49321268707783,Train
61.378455839774375,193.72559686628907,Train
40.8661778871802,195.95404950380185,Train
58.88700157816075,215.1991612886534,Train
332.44092691271635,251.59078824795012,Train
147.52795389084662,203.41690798549388,Train
141.14808251255175,202.33956035934128,Train
232.80131277783178,225.8493160000182,Train
37.48764468668665,198.42928320653968,Train
122.20707823911634,199.13594277865823,Train
176.36677988110551,196.46608899611593,Train
163.42579872226736,178.14619616994958,Train
154.03620755300915,171.42793915244042,Train
162.198006373331,188.6539512327496,Train
149.4111951832329,206.36908379191024,Train
150.67577398271476,182.3699210558031,Train
176.49174277177661,184.25023751929024,Train
188.35910155041856,173.8831595591314,Train
182.77785031864045,190.0414498195408,Train
215.74798907644245,196.26975655000285,Train
161.26951782382432,175.0377680462037,Train
183.84243656078633,194.42214324750375,Train
202.96674528732828,178.51440755312126,Train
187.14244400345038,202.21914289619798,Train
146.86953270915234,183.4780967959317,Train
183.6480114044344,205.43736685859167,Train
171.47788008929643,176.98634212763997,Train
222.35913876373854,189.27573213404946,Train
164.79178742776065,173.63780510952813,Train
173.7758260813627,174.3222877395831,Train
196.81125472454494,196.91094365585042,Train
188.398073357307,175.14457999423968,Train
208.0362819796492,195.6210262592736,Train
189.22588059157135,189.93158732424166,Train
170.46686919307353,165.95582989196348,Train
190.2592477841557,182.18221750098525,Train
161.10301636481796,171.57927121660427,Train
177.4981749350602,177.83247265371853,Train
186.94472349488248,201.14260610706705,Train
133.4426620442847,187.1275653696317,Train
149.99199058326707,191.9678569813944,Train
149.09270911182938,185.15837507391404,Train
221.74481762997164,195.41297622650612,Train
178.94831613769404,186.49630002876333,Train
143.20320463499638,188.64701586056535,Train
205.50948312187876,183.60375126471342,Train
299.36715159834114,214.6648576992465,Train
169.27621006438358,170.7247480805063,Train
221.23665852000602,219.3355015324687,Train
140.2484969652085,201.72417830219212,Train
157.3117253999909,199.81577853347295,Train
146.42634382435347,205.0505428471087,Train
170.59235223829586,196.50781837241266,Train
142.30975064181843,201.6768691211859,Train
142.07853903492094,182.0633852576809,Train
288.89871741760356,191.17749970138541,Train
190.77028578986605,185.44680067211914,Train
131.19324415170868,204.9504301509572,Train
159.16759250313126,174.3961822752455,Train
169.69333084413387,208.08611219724142,Train
411.27045917471645,215.91827361088946,Train
159.39897749487915,204.1560855792045,Train
180.57888580462182,180.4786749600986,Train
264.8101841039445,218.39377781725915,Train
195.09287239284717,205.83754442275418,Train
268.92695067132996,206.17220570923746,Train
127.31229534026144,219.3617251405514,Train
120.48647788495904,196.0318698046899,Train
166.24744363020744,187.40288207828686,Train
114.09519257600644,217.04235416822638,Train
111.02972472235624,191.26247498810278,Train
146.55104006925663,186.25068064888148,Train
157.65913861670782,201.0121342686541,Train
172.3540203647097,180.01064962247978,Train
134.6356853132623,195.86463870464905,Train
202.0041334623656,197.7323661694649,Train
94.45936481201957,179.40022412511775,Train
162.00137936222436,207.47304724276364,Train
163.13017711297982,179.69722599053176,Train
129.34575806428592,185.11135375475047,Train
137.64812221614278,193.05669719169333,Train
174.03726956855036,220.41366967974832,Train
161.51320012150865,218.6206997111749,Train
177.07591387501762,191.38231695164387,Train
129.7254108290773,175.4312251275467,Train
138.46169098368776,200.28987940883354,Train
126.28475433884883,199.34163036851675,Train
138.6946008945607,187.33562199679258,Train
196.69123065082326,195.71501749007754,Train
125.27464360763642,193.87190343531034,Train
123.94483976500038,154.95020841260194,Train
115.70181912291504,171.47730076011118,Train
142.54558168138038,182.55933878618353,Train
116.97612744039645,191.07262616457857,Train
126.4934563999633,171.18677397921536,Train
80.09756856008076,179.9561771701014,Train
170.2884639207489,180.80767428684175,Train
92.56614248196786,168.46046197343642,Train
228.4306042437375,206.92923001723307,Train
105.38184920605785,177.03123833225538,Train
80.4198773689289,201.64108738007553,Train
125.54468873235064,192.838331038408,Train
223.25628329632318,189.04161851626563,Train
79.55466106084631,186.80005477368093,Train
110.93982202592025,213.043827081626,Train
170.41176619154479,199.88716482029372,Train
142.47049355772012,183.6139387091187,Train
104.11600412444615,190.27701503297328,Train
188.34829789172278,188.44845859922185,Train
97.6673748595503,181.1492503215527,Train
84.07323502792843,177.0090437648151,Train
315.5658783968573,228.46868693548126,Train
134.14530496633677,182.31731808987956,Train
75.3115147363671,181.86570928854445,Train
62.06450770694802,178.90653063070653,Train
164.40428387807975,207.97656871229168,Train
375.33084324976215,245.57578250585908,Train
260.84418582199527,192.22096011320141,Train
184.9443115947791,187.26990237604252,Train
182.63122056811358,225.96874934886205,Train
134.90491274199888,193.49914585256818,Train
171.2653881164348,200.31707824455273,Train
384.72107927790046,246.66217954147194,Train
373.53446511697535,247.941351623784,Train
383.41065198199834,246.45197880835602,Train
400.34963987296914,259.8617237143219,Train
375.3514287898879,247.746381006236,Train
392.41601873275454,252.42485286905534,Train
399.0434097015692,261.95320953346,Train
391.7336016963316,248.2600396761705,Train
352.98659471704207,241.1197131168422,Train
412.3023887637004,236.4542049079504,Train
356.18098383630667,239.6227324912373,Train
373.6223799348608,237.77817520794738,Train
380.62657705936294,243.46304770269296,Train
370.1935752098129,242.0487103415517,Train
384.32337438621084,254.7839794823676,Train
419.5159745885567,250.6691127972371,Train
447.7713758168504,253.54592061637956,Train
402.5895780710921,250.61724751078626,Train
343.4705813512816,243.52999257635855,Train
385.9143856574192,253.7181448240463,Train
386.42099098950456,242.7219432214616,Train
418.4903973475379,252.09449676793503,Train
380.6226047315191,232.35574319272095,Train
325.3176131414483,248.0104043499476,Train
392.57542257732536,226.06763194762217,Train
305.8960330391503,237.31350571541225,Train
446.77944452692327,253.25744148472418,Train
349.725657040644,243.36203538258846,Train
343.7346705803128,218.89100780636963,Train
288.80648514592946,233.3684542760211,Train
314.441100737494,239.76142031478545,Train
375.13851735500646,233.7841504822215,Train
435.8987349984669,245.28126189663564,Train
377.7217536678753,233.56723195761973,Train
316.10757336323144,239.91058025793578,Train
349.0561940845356,255.73729471170554,Train
413.56761583178763,254.170887913042,Train
331.1418386049877,234.89681222942613,Train
357.2788624041356,227.8684747993564,Train
327.47868722923135,247.42540802754786,Train
346.7413130802751,242.2776982327365,Train
285.5667399572667,221.95444356444634,Train
476.45496786020635,258.84151513159475,Train
341.9059967890938,217.61372990251547,Train
322.9198267439291,201.57004324288718,Train
489.49645772471246,259.160888957649,Train
411.13588973144374,234.6321831301346,Train
353.83812276412283,225.95707466410892,Train
352.60315682274984,232.14180218663415,Train
274.43099190732494,229.18047032050941,Train
413.32162801784784,248.0863682497589,Train
363.27506515431855,222.68315371835115,Train
365.79130331673736,243.6735882359251,Train
452.37034250510396,247.71846381646787,Train
371.01218271941843,222.20133690616754,Train
328.216823959681,216.42916184326393,Train
138.20878175785452,234.62091057191458,Train
116.03092521031965,214.65274096053778,Train
153.38295995207025,189.6179704343075,Train
106.76488598310652,222.3960918532539,Train
137.17670330342847,187.68308999535864,Train
150.11841191303608,196.56268829930417,Train
201.5900118119293,220.22335950350947,Train
172.59150300010813,193.40999144674478,Train
147.12288547757257,210.16751511313356,Train
233.68415924432267,183.50196347416534,Train
141.77532430035845,187.9091101311802,Train
161.8963806456797,208.30526088901792,Train
168.04732828028682,183.93186679151978,Train
177.7281672041794,191.2072340798817,Train
166.43889741735768,217.46523894038577,Train
169.17951891982162,223.23160213809,Train
199.95003171157103,218.83182149366826,Train
192.2504357926062,217.24839342240907,Train
132.08073116292707,181.0629042357568,Train
176.9409178225335,205.98686915172382,Train
165.8309957714256,201.26814772116742,Train
182.75096500960325,213.52077138458165,Train
140.2008255370666,200.85399655833098,Train
139.68057735381552,200.66412401138217,Train
97.19022045985011,166.68929688989394,Train
89.72975485517037,182.2400789154404,Train
127.7991805397763,199.40830363649744,Train
78.3984975136677,173.96295894327372,Train
183.02770577684487,176.87844773684864,Train
63.68680532930773,176.8982172074057,Train
175.37579617105615,211.33262037017442,Train
84.09467830209014,188.00893492848417,Train
171.3434517224098,192.32288519284413,Train
97.62211643201505,182.37811094742256,Train
83.43067243090596,180.4458280564649,Train
104.26911971908264,196.0467190376075,Train
226.6374582965448,203.69095197214807,Train
44.53568816329272,181.35462184041066,Train
61.96380931932612,209.8070400540348,Train
121.42182176464529,192.20760533485893,Train
110.90972549924993,185.96449368299912,Train
82.92752052314034,184.16580541146902,Train
303.47520683631643,194.584545052712,Train
121.55278443877809,176.40169140458445,Train
104.16025333052532,178.07186720198007,Train
265.2976135115582,238.48758252801744,Train
163.96486498187681,177.37569811407425,Train
59.16200774148095,186.29401636571563,Train
69.88904179037077,181.40836428118,Train
73.64596712854626,205.43169386513785,Train
315.4327837560073,239.7578582765154,Train
182.74949167275406,189.27948337350367,Train
155.09609087878636,206.8183476138849,Train
218.47258137410435,231.6882221885126,Train
57.878963158708004,195.52999473805832,Train
135.31523623259721,190.16719788558143,Train
237.03393467614347,233.99780336005614,Train
256.72459041859554,245.37067071142255,Train
238.02437434497548,240.60313554109354,Train
240.4332864552833,242.12786341904965,Train
225.451326749519,237.35690379983458,Train
252.5784952276826,250.94354096667794,Train
241.31479188977397,267.75585011277565,Train
247.6602167357932,245.9457823626557,Train
254.11476976574033,238.3235931469531,Train
278.1784509796153,251.69213590041596,Train
246.3512603774181,248.61407722348642,Train
267.13319795914884,249.87238716863126,Train
274.0242637248074,242.19844221440488,Train
295.0244576743937,246.87332801431592,Train
298.633779807908,253.52984608845622,Train
291.85223012535016,248.25823944986416,Train
292.17980862672016,253.37243707090275,Train
271.616515312018,256.84440944230806,Train
254.6623501812437,245.5778224198636,Train
279.81731323439726,254.09045701879268,Train
270.08140447147866,246.9938560197404,Train
263.9546238924879,253.84874092841727,Train
254.43697149742505,246.80829353383825,Train
203.02844728629006,250.59335074752008,Train
249.72905125908295,242.832865316494,Train
188.0387834158036,239.5327434538147,Train
217.45764375645228,246.31127182432178,Train
250.4856322810287,250.2477623248401,Train
252.1227489895329,238.00330372292692,Train
180.36899388196508,238.2018361964467,Train
206.72436695832516,244.90581934486832,Train
205.188868218613,255.6936931686417,Train
354.26249766282876,245.4292814800245,Train
223.44525529097234,231.32772103626456,Train
194.2371411030437,238.32901800808963,Train
231.638155099043,254.26775774730606,Train
279.64829727897023,247.6565850452135,Train
254.26756764282516,246.3454225024172,Train
225.49596619060804,232.3374861088172,Train
189.83349292231884,245.65730141241926,Train
238.2801478379574,237.35118708695128,Train
195.83593093752384,235.17298088726355,Train
353.00084222101816,250.91736161442145,Train
219.77488168844036,228.76329595443016,Train
156.65804933979044,227.16745815992138,Train
387.6503451750683,261.96491318447937,Train
198.75176919427403,219.91315139201564,Train
202.46232139740766,245.96234225072595,Train
213.28200178446914,236.07652237272075,Train
178.71081035545842,242.12365382549646,Train
277.2487471103756,242.40219333509768,Train
228.8958120492206,240.9797564396369,Train
215.65200517199352,248.22561205303165,Train
325.0173264786943,261.5884565397774,Train
133.491775969323,238.41812674563428,Train
260.57535364387957,233.89043708669334,Train
139.41959826770338,211.61694818350225,Train
121.90003231122017,199.2547616476717,Train
167.46543302378223,195.37002895374252,Train
118.61580040538948,197.57204863108277,Train
97.85113445604179,204.42546307043372,Train
140.17143517573948,197.44957344828495,Train
147.57670256448222,208.79468543897755,Train
169.06693662227016,174.28847340621192,Train
145.14213734910336,197.1168133602851,Train
194.80230474498165,194.90222504745293,Train
132.5474388099051,175.01430544914956,Train
164.8775395438738,207.88297289565827,Train
179.7926069468877,188.70108906910366,Train
163.29264101894677,198.37294383042018,Train
150.377641760051,197.95750314137004,Train
165.54760917020053,215.69503137950898,Train
159.8025432493952,209.7123804082629,Train
192.64244399763496,192.54267180764145,Train
148.56731141491997,180.1285645964585,Train
150.0771455012502,186.00779389621906,Train
144.67194625662546,209.8758334485232,Train
142.8517136810461,200.44123566450327,Train
186.6164477745118,201.74530269450256,Train
153.46614853702272,203.22549550166383,Train
123.90081596857888,166.97299509907216,Train
139.92045006918022,182.12105169022902,Train
145.52505083882673,188.6230940365224,Train
123.21461827751831,191.28955882258128,Train
167.48915238525527,169.63727968876947,Train
117.3486531620373,172.813603021856,Train
161.7931206078645,185.57488230816995,Train
101.32255472273687,163.77912262740116,Train
261.4369555066545,215.11019349771425,Train
134.63632295961733,187.79299559380843,Train
119.92065708162522,197.2906331143916,Train
129.78995787267837,198.32895610092743,Train
213.24422533277672,209.1146920469769,Train
83.28345946192033,175.37615498042373,Train
142.40766026010903,213.08283207647807,Train
170.11682772734298,191.0737696864248,Train
166.410961863622,186.23741771460772,Train
103.29006266894629,196.26423281397265,Train
159.25413014331576,188.24547969488648,Train
113.80316428673041,183.9799267130609,Train
110.43716509919022,175.0872227887615,Train
271.6561325806953,217.74323972633852,Train
135.4600667312455,181.37629260009808,Train
65.84896755084091,196.6760345092875,Train
136.32283503948142,169.36568641230411,Train
140.38166919716718,204.1083514677768,Train
354.52547002389815,236.8090611496927,Train
190.7542375196743,200.02188288915914,Train
177.56797168449557,194.63153747171606,Train
265.96667251836215,232.09531135908372,Train
109.45034002127379,194.37687519527194,Train
173.5189741932307,194.58105996286685,Train
349.05911024271984,250.39852423375464,Train
327.03504704529524,244.94992345508032,Train
329.58210606948734,241.06051503896936,Train
356.70028731529595,257.02606261223394,Train
303.38959078272126,254.1886137508925,Train
323.65001647176314,244.6039049220385,Train
347.4815643824217,264.8937568809298,Train
346.8842345146968,253.0755232331502,Train
318.3580268685886,237.5527986119408,Train
391.4029414440971,241.86579549706423,Train
324.51897824122216,247.54424911456485,Train
334.70613725996395,242.92319356142954,Train
362.46441850032227,234.54116338497596,Train
348.2938219622972,241.32576767518424,Train
365.69434764588885,249.98238145185962,Train
397.1659955510971,250.47327573777574,Train
449.708765677922,249.74838301160975,Train
358.82265802636346,260.07592547200574,Train
348.5076725964217,243.7755060124379,Train
373.2638093880965,258.3309409454489,Train
363.0910684013878,242.5782983996791,Train
349.48944963629594,249.14360779364665,Train
349.95895309282065,230.2023322836913,Train
332.9995787709619,247.9622711964754,Train
347.61132667071985,234.4518947723453,Train
320.2941967920944,244.42463531466908,Train
366.54818913508564,254.71590529874257,Train
325.3733036996935,245.72266957621025,Train
357.769540485918,207.13278968533226,Train
243.23689949375913,232.89120380989414,Train
324.77538072321687,229.91643561153478,Train
311.8849841742913,233.77434728536412,Train
425.06570984698226,233.4708107840787,Train
335.31755774129,228.5199227218379,Train
319.1405278572142,244.07542148104335,Train
341.5346201947551,252.56459753430823,Train
388.49983475391264,252.09944336214824,Train
299.0361715346869,248.96022782674586,Train
342.6436305370777,228.83453791919905,Train
340.8222117610852,246.5318641990206,Train
286.5719152067092,242.19270773638183,Train
277.89274087394995,231.96098271619766,Train
430.2846887628072,251.5110149313308,Train
281.7477588732812,223.44192700428508,Train
273.2819512053719,202.44204077230532,Train
467.8872657590791,257.7162231728677,Train
323.06370253440303,236.27250165111593,Train
339.31126153134346,232.4030439079879,Train
387.1299427499007,247.65687396515628,Train
281.01974619007456,248.3415029356328,Train
412.98067185186494,238.07720635701867,Train
324.5127197352719,235.06526540240654,Train
323.61588984029555,246.2125338964396,Train
368.2901821669359,250.19415130189986,Train
280.0355967151929,221.06708439012016,Train
331.8521334850664,216.73218599105016,Train
147.35831498895294,205.56406170485104,Train
119.27949827211901,208.33143049819805,Train
147.28881470371869,191.99972271284807,Train
140.386264283752,204.5281891495729,Train
126.57184701221914,218.63488968544962,Train
123.34556288911975,187.936331564518,Train
148.20741191445416,195.73230687930254,Train
155.65739408822213,180.75059945985168,Train
121.19550941042378,185.3220254470442,Train
174.3217578810591,197.87123866511058,Train
122.53613950012806,169.3333584356365,Train
154.83865426763077,213.1131889425565,Train
173.22930218356697,173.8534258969076,Train
174.20808324793705,193.2963787597252,Train
129.77499746074062,191.04072574313162,Train
169.43004482197787,224.62450670280765,Train
160.1732253316488,183.4860024790683,Train
175.50453898975343,190.04635194573535,Train
152.42398579629173,177.29611634465502,Train
160.93156575126363,189.74762736486488,Train
162.5272788546692,188.79824511415333,Train
160.71112510650835,177.8496888716811,Train
197.48310450678127,194.42020913930187,Train
143.3432170554878,192.83828003778058,Train
138.29146275262804,159.78989949007268,Train
140.32784159820193,190.71580785586787,Train
138.9523535922094,175.8553304170354,Train
130.66499873465065,200.73534111463863,Train
118.9657770255254,171.88651921708646,Train
121.35468846483393,175.8737538242367,Train
144.83173305257614,192.22376847684677,Train
112.39691078875194,181.927624120651,Train
202.55022167336142,212.2634007448508,Train
89.79166570640459,185.9064046155391,Train
110.12124288788134,191.3810557888023,Train
144.53895321779177,203.60498066219776,Train
200.0447966961359,186.76337374115687,Train
112.13877332291369,191.94659892399795,Train
136.32088309812508,209.94939387439504,Train
115.09112602177015,208.94969415983857,Train
132.4495020938489,204.1661017940886,Train
97.39601131436135,192.16525088743006,Train
139.43065368330736,195.29767437823415,Train
76.55342920068708,177.63925482203348,Train
104.76433786650057,170.59585791073255,Train
280.0633796807475,218.21759367861088,Train
164.9505546434282,175.54839648799714,Train
193.42586275454255,188.28590039680788,Train
144.98930401409058,191.0930160659635,Train
159.6408784220723,226.06533816720994,Train
356.3805859784877,230.3584976011837,Train
224.20842668333665,190.1934272993217,Train
162.12440053661933,185.26088795354832,Train
257.62850753833567,225.17688878885468,Train
132.72074768848563,195.28108418353645,Train
228.40112098706925,219.15828826309908,Train
252.19785753284398,247.2253870587519,Train
224.03523506473834,246.89940086314206,Train
255.4437348846427,229.3797399735435,Train
255.42335699255705,244.1072778362371,Train
241.47410138848124,243.27878298459297,Train
252.09596807241542,233.27357455469695,Train
266.28895704435956,249.55360181489516,Train
294.55306830431357,239.9874213979305,Train
231.88830185227755,227.90961451987476,Train
309.2946576882515,233.1484921275793,Train
215.27213581223538,228.39608101645035,Train
257.8207362242292,230.90417969052453,Train
265.440458924233,222.53968673586573,Train
266.1313039122467,219.4412893568797,Train
287.8932711882704,246.00673786812018,Train
313.226360752304,243.54793907478575,Train
415.6305726043476,238.77772394065295,Train
287.10590674440107,240.52744788049398,Train
260.1523631724645,248.76704174319673,Train
306.7699418885379,246.36527669056352,Train
262.4586428926212,233.35595332042863,Train
277.71846618471443,242.80692343899108,Train
272.0494117648177,226.67913486367866,Train
220.95147963293078,223.26540083094662,Train
246.92466978905387,207.36968622674453,Train
248.46898223318692,231.3150715541342,Train
278.08441696533,235.5857980192857,Train
220.27097398548284,228.6674959723644,Train
281.52865329364573,193.6735531081197,Train
160.85745488981848,227.7611689647193,Train
246.7573787740012,219.26673829600435,Train
248.7284249461939,229.35616904384366,Train
338.2705934063966,233.34288524448903,Train
263.38388415460923,220.6401578370691,Train
248.06829719083174,235.50973057750295,Train
274.8238325150643,248.4871077011067,Train
273.6504901273066,240.7000739650416,Train
223.54827002755897,247.1243862323506,Train
320.5171722158213,223.31044832906434,Train
235.55719669209358,243.16758980944246,Train
206.66834345637574,232.0212541841242,Train
163.8506125086679,218.66863361093903,Train
355.6040038489699,247.11147175027554,Train
200.9285174772819,215.50805007682752,Train
193.32415339360386,195.73864477469243,Train
357.2909115979358,260.1949954978751,Train
244.82879209027772,228.7197334108532,Train
233.9377948706295,222.07763419251472,Train
230.11791993899126,230.2177748609306,Train
205.3691672953629,235.73355987904057,Train
313.69153693974454,244.7179116230553,Train
229.5850288721361,225.43346204175043,Train
303.0496430925376,246.18847947430135,Train
233.08537960094898,243.51170715455098,Train
135.1922383973705,215.59353328810664,Train
240.37021948180177,216.15068854457581,Train
273.45945676057363,251.037241996909,Train
290.02380041110064,250.21292805339758,Train
299.67581059714377,248.74206551760744,Train
274.41548731870324,252.45742992349318,Train
259.7428305757789,240.5862144845395,Train
290.657840368371,245.800018717863,Train
297.16051669647936,262.319353369348,Train
282.750859560104,241.5283592827956,Train
264.92886895924494,241.2614170815358,Train
296.1945448939021,243.45207233197797,Train
254.04788736407562,241.9852396422146,Train
299.4888963697654,242.14344979005278,Train
271.5175719109716,232.7284229894368,Train
327.633913987694,235.91993748144134,Train
320.83792259993265,244.0993904603613,Train
307.12959774768774,256.819010894226,Train
307.508939430959,256.26906626922397,Train
307.9759476497466,260.2620055299883,Train
266.5306224040504,245.25630381310842,Train
312.67296369387066,254.81531806060818,Train
281.9029715192071,236.0834161212611,Train
296.7206458800599,251.06563339501074,Train
315.125986776429,247.2323346445105,Train
242.61899420831435,240.8069700775149,Train
278.69966817571594,241.26914546757018,Train
230.8680086786339,241.81547860268196,Train
246.12401571706815,249.76016872679062,Train
215.96768929101876,253.86675131560725,Train
262.8990294004856,231.36167308587827,Train
187.41803604546874,234.33510616628007,Train
248.5247092259681,255.4237561641495,Train
292.21904894198383,247.39633834215732,Train
399.00105519351587,250.67362932402114,Train
271.37072798056425,238.10412416803842,Train
199.82806730312888,252.56556471779535,Train
299.8730731612097,266.2388835508319,Train
284.50574555480694,254.51561067805227,Train
279.72608448392043,259.90423170033836,Train
264.5340899485502,237.1830094964954,Train
259.9297619486963,250.68192498148852,Train
349.9131004843588,247.88862112865866,Train
212.48410555553738,236.8488603580209,Train
379.6427771622324,251.21913502747455,Train
298.38911530444375,228.32761877118057,Train
210.22311998217128,210.12306283741927,Train
360.1447911954151,256.0878721392595,Train
254.6541289441752,232.80338752549198,Train
268.25113322845175,231.66496075685166,Train
316.93580404824434,239.76547773056188,Train
208.20814140355344,229.97018050976365,Train
281.5681452943788,247.10553793009225,Train
222.01581572072038,229.78432564346505,Train
257.05115268257845,237.65208688507622,Train
428.67415617995255,252.48113936433916,Train
152.38482621284317,226.6167921813217,Train
254.18316278125002,205.1825017164605,Train
105.62480389804642,240.0658371310618,Train
83.03346864011255,212.03334088736398,Train
109.49936723874305,213.38338397748535,Train
76.52249969393773,231.1923254314712,Train
89.1028660056967,218.5726390163252,Train
119.24046617401984,205.9100292194223,Train
201.93530019890738,241.34776152388724,Train
130.6873680803592,192.9157703125419,Train
94.49666981837517,215.77855557727085,Train
170.36320541295544,197.118008795055,Train
92.28697486409999,200.10634798186507,Train
122.76797817180892,210.30465237646973,Train
125.30621533608193,193.98371690252253,Train
138.40168635691933,192.91274709470474,Train
141.05439123432092,225.45643682980077,Train
140.26432996828686,225.8060821075194,Train
230.531502558817,226.8429293484349,Train
156.35590900591131,208.99540172324902,Train
120.73754930957011,206.41805034985703,Train
141.1764234697931,219.605269896999,Train
116.17253148658025,211.03700300745163,Train
140.2258733599317,218.53577923671267,Train
143.33644908984752,218.44478567486183,Train
115.00425867632742,197.30205968794922,Train
79.72930211937181,178.60714722763555,Train
62.011579418980375,195.33165181407122,Train
107.35109057515322,221.78220741207673,Train
30.24783558789025,189.46750565943512,Train
135.20181445719166,185.40421019370496,Train
23.21302718305725,181.90011774698775,Train
114.28147376548702,198.3454679761388,Train
40.907154204481174,172.26683124799376,Train
177.5900685000397,200.59311219117114,Train
69.33021665216242,183.7162135024727,Train
38.127598660849316,200.10854782420304,Train
69.98221452610049,212.55803430416591,Train
136.89406424791594,203.54274187010108,Train
56.86314782629569,185.7700639240702,Train
95.8894652612397,210.56281422213408,Train
85.973016552748,208.82562415152566,Train
125.11380170082049,196.9568689850703,Train
34.81182070545735,194.43209086374114,Train
151.0670735666584,221.3273924640943,Train
29.379560284423718,190.56697379143043,Train
47.74928085875342,178.8426288956475,Train
241.1762352896473,248.45311309409647,Train
91.66042357710548,197.5640292953604,Train
12.201845721127825,189.53221441990914,Train
9.800501721714454,199.29856243438064,Train
63.456391578865464,216.24584347366945,Train
295.6695152925806,243.96296605652958,Train
114.93987286286013,199.34730785705287,Train
102.26746428970388,198.57445509800434,Train
103.65228957311191,229.1933618248099,Train
31.59434871308413,192.85647710333308,Train
96.09364170962073,188.14683842500045,Train
227.54145697154914,237.39947231560765,Train
199.80211543499234,205.175501784453,Train
217.62775757551913,188.6762758371363,Train
211.01838339312974,210.91839255563352,Train
190.473992887824,192.9207818215961,Train
222.49458605960203,194.4461405563236,Train
237.08016290846382,211.50430082238148,Train
276.23072343440924,185.81252306530797,Train
199.94626763743844,210.01769898949422,Train
312.72679551755135,201.09639694094972,Train
166.57230707474798,196.74794921939574,Train
230.4828023090284,202.5627724692511,Train
234.9582812203925,201.3584261441713,Train
232.49874380884035,188.22443247240696,Train
212.60419007437187,213.8009992854043,Train
245.27462001698711,234.85739454644224,Train
271.0100336366861,217.6915452783586,Train
237.31043093346887,207.33315509223897,Train
221.1758119073353,204.8694860472178,Train
236.60617655828543,208.85617872531486,Train
199.6015248863194,199.70191290784445,Train
260.661856891437,216.15344807386973,Train
258.7871725736384,210.92194416770914,Train
207.97747193292344,194.5127072478899,Train
213.23275496929216,178.19786650634015,Train
190.5530216827447,199.9150216143028,Train
234.43827207328098,215.2155670475028,Train
173.38850614090094,192.12374639874793,Train
203.40372388560462,175.6929634159594,Train
159.98392530739198,181.78197658820474,Train
176.12911040626312,211.9663480036148,Train
185.339279182218,171.5173581058258,Train
282.11443163525655,226.24836790476166,Train
168.95456776537895,185.78934789941934,Train
157.35968757258493,216.4979898518412,Train
215.8297910568747,199.23905675189576,Train
337.3648782182482,210.49713749351636,Train
178.96494905670548,184.90667822527305,Train
286.6300035722464,212.60507143303153,Train
348.8600417648711,214.89850539609407,Train
229.15506363457945,190.63590401269647,Train
197.01506918137153,217.17564056037736,Train
269.9400584052473,213.03945300653146,Train
160.93003130620696,200.7469752228965,Train
149.98498788425024,178.289074113211,Train
415.60492813937725,244.28457789687144,Train
257.789852071588,201.37103814696647,Train
173.53975968088247,176.44176936881257,Train
134.85465096726068,198.61372713898058,Train
243.2345259307225,218.90439135459738,Train
362.1793845712682,239.0009710780573,Train
239.68922688889754,193.92143174111337,Train
229.26405288361065,198.89105484781774,Train
211.9038625554074,226.49726263713168,Train
166.608655904288,190.97591401475285,Train
201.87843293025225,202.80165000575357,Train
164.6369001865039,241.5753649502093,Train
130.1672681181746,217.03456805471666,Train
172.77014954949186,217.28353671558094,Train
141.94554448045562,232.68765996447496,Train
163.69345291106595,216.61650592110578,Train
161.01387484132277,203.2442826821973,Train
207.40681027122616,242.82170091368096,Train
183.87225920077597,206.49149455137328,Train
149.9102216299724,214.71370186856316,Train
249.02069755881539,206.78501647229672,Train
155.7036869873048,193.02560546203966,Train
177.95918991544085,214.8774421416804,Train
193.28720634322332,206.00235948254283,Train
201.6877362706524,191.44058443247013,Train
213.66077969772795,229.42446381288528,Train
201.20633662445002,233.91772012922522,Train
293.82440705081865,232.04979208782132,Train
222.01499097683376,216.7159207522562,Train
185.27808840249543,221.56520133645748,Train
208.11369932780363,235.8230418720891,Train
154.02182375275837,204.78786093422147,Train
205.00246167735963,219.34645568074953,Train
214.05561310160743,216.84741046543073,Train
167.18127802550177,215.1665588001524,Train
169.37945644904264,182.20040549258826,Train
143.65014837222984,204.00916879849132,Train
201.99335379506377,226.2915839082266,Train
134.40907271754423,211.37830375165123,Train
241.89730513967112,183.39797196426784,Train
107.95805106144456,177.594666958242,Train
131.59131048286463,214.13246167818497,Train
134.29708340393114,183.30519097169332,Train
259.57536982464416,228.7048638140933,Train
153.92616974500382,190.91664117548106,Train
121.84948316500981,223.08549053478737,Train
100.34531008466244,211.3298662426663,Train
215.4136505039616,211.94195338780173,Train
96.0545044229073,204.65479660878154,Train
165.76787184149953,216.6360204195315,Train
155.0537527597382,212.1654019949264,Train
158.41214717762347,194.9025682146694,Train
112.84305509515531,211.82055046950208,Train
228.34647651233357,232.6483410929848,Train
105.92241142915846,203.90626789741628,Train
113.07085984562988,181.884262290803,Train
326.79182176174777,247.65537234280734,Train
166.08529717751213,197.6224353402721,Train
103.45128609292306,189.48941699137578,Train
54.88978850798051,219.69156523557567,Train
142.9008044226845,223.45631833860702,Train
314.984333837035,240.5844351822353,Train
186.14037675103208,195.00616750952986,Train
158.86893316467567,218.49223665513688,Train
138.6700030779658,233.81319830805995,Train
118.54358649090244,199.18135935676204,Train
157.98968340348551,189.09181734791,Train
195.55388050176282,239.7200407524677,Train
186.5136463268208,219.40661701037732,Train
198.51867768727962,219.6598131692457,Train
186.06897458313966,226.41652604349053,Train
212.16453701440065,211.22538129123632,Train
220.80536498106264,213.96823706225464,Train
239.99145848312577,236.69525403261537,Train
238.22281752058984,206.51932152454538,Train
190.99944209345492,222.0837770402649,Train
280.32133220172113,192.56936333147087,Train
170.18848784538838,206.77803830822492,Train
224.60090902445654,222.4654025168176,Train
237.05859573892587,196.0776855997574,Train
228.56154798879618,199.9097113236289,Train
227.10976577406757,232.03298513083124,Train
236.20324909473993,240.36018692478487,Train
367.8419979508134,231.40674842627314,Train
233.5260123422878,225.24991406666587,Train
211.2552922691634,205.0485838180341,Train
266.0298377314399,223.0606502033314,Train
198.34964872911743,195.07789914598106,Train
239.214725262196,211.84110421264035,Train
234.6250673306756,209.67397041692357,Train
191.58067493455633,204.0117196132657,Train
173.08154807383806,187.79585541757035,Train
147.62768674852074,194.5274705807496,Train
230.71909095860457,232.53548075840376,Train
128.3557607040894,211.49892181967508,Train
236.03769598497516,182.89378622944895,Train
123.26489680126215,183.50551508765437,Train
182.03736315294998,202.16314277843622,Train
125.35509504003903,197.8227034220103,Train
261.218092462529,212.42902265184696,Train
159.12635542042003,189.9938566482885,Train
148.07988391371208,214.33200291040234,Train
154.57867794240525,225.07990850502514,Train
259.12273750649933,222.3019531479302,Train
101.21206260599456,196.59796257107223,Train
167.34665324089082,211.5672487564044,Train
167.0265094111879,196.44383995275737,Train
187.75163111688622,197.72516816429678,Train
131.52201835798556,191.65929470245072,Train
243.33767113448593,232.6067000090044,Train
117.19858944638733,183.31024574291175,Train
145.10477329368976,181.9120019618968,Train
278.0562226763932,248.04932679716035,Train
285.05293759449773,201.4014289378535,Train
145.09491804800322,198.87533248865986,Train
127.68216403690977,205.15677075466542,Train
127.81467556121734,214.5221317826685,Train
358.992452620926,238.89704861931673,Train
236.71549521603578,215.34098851651314,Train
208.98380334654644,218.61281122154563,Train
261.7973770124581,233.30251618502302,Train
83.65621621377095,197.541929534108,Train
140.0603209504848,198.77194183661416,Train
112.53391176653597,201.6137451312005,Train
95.58366475159181,188.4767743505542,Train
124.21237835159425,186.5905537645532,Train
96.92005256654309,201.86801640739816,Train
111.70668739643833,194.4548338457627,Train
119.57228284128016,186.0069568638577,Train
113.51683890106838,192.1431759891559,Train
156.54035557580312,180.3141210715529,Train
133.1428328654843,191.28724251319332,Train
172.82427077011204,195.3044147806707,Train
100.58466928968615,170.98981915560384,Train
143.92402842420677,203.10226161559152,Train
148.84234817367386,186.90387736841262,Train
153.83962853808745,203.64479024870224,Train
127.41586951744745,190.10655726444938,Train
171.07107111175404,221.3048307040781,Train
151.80523332100702,201.6834175342874,Train
167.6183561452064,194.48809519463416,Train
117.01043958435238,173.40638969812198,Train
132.98148363844476,176.84173995255176,Train
131.53148830748364,192.23772481990932,Train
119.660453591469,189.06653477463638,Train
142.86837949040086,195.87600280462198,Train
120.65526600427911,192.78884125960428,Train
123.02111313310387,164.47168505371303,Train
121.96592087687512,172.0772576180336,Train
138.48968923559286,179.6807472943252,Train
85.0924182092571,188.61897891023744,Train
108.77410779786774,176.2265445664333,Train
76.53475800142488,181.80365935521505,Train
138.8743688199284,188.1597078396835,Train
85.79294025337853,167.4774920636788,Train
225.29047230177514,215.19854109927164,Train
91.86696496511817,185.65960916202954,Train
91.52241824340769,194.3141193538023,Train
115.7568321366436,190.06848775289797,Train
161.0702066448261,190.8059429843995,Train
83.962541767955,167.8071671228215,Train
97.9338375060304,213.91780739882708,Train
132.9840938590522,199.03712422215008,Train
119.11331082702058,182.39029922958093,Train
73.82148840993547,188.52802929845416,Train
144.10862660779665,179.8984625599616,Train
67.47472542060443,179.97455460864782,Train
71.4197848483587,167.12081564117727,Train
330.94380489105936,209.87835309124983,Train
125.04678554870654,177.2406055086523,Train
62.7287268213002,191.41758053848054,Train
80.98962870884036,175.56838364588492,Train
176.3294912113269,208.0171946795454,Train
334.74831432876005,246.20932807735798,Train
213.2460980611396,194.80171725614056,Train
137.32284240846565,180.31015966979376,Train
152.47854737073808,232.16803137757165,Train
104.71321294795702,194.24805169990725,Train
148.02683914012243,202.2899096998605,Train
200.39501304192257,202.3767716691725,Train
186.93248411348628,183.26429731709584,Train
177.02601579410373,164.801610947401,Train
167.175608083775,185.66968389163046,Train
164.3812609824999,212.2822956050097,Train
172.14297449027862,186.5793353792739,Train
186.96074860711107,177.80121018553004,Train
212.3345833329973,180.06063448564592,Train
192.26447866793723,174.22443492493804,Train
235.250434611931,190.62244490327373,Train
194.29245116497847,178.40705183945204,Train
188.3905283270796,185.40624711232914,Train
242.04466609823453,190.68959838577996,Train
218.7548644784433,204.66859507850168,Train
174.52112346770565,187.4139268245483,Train
189.84344306602188,202.81946211565165,Train
173.72182327339178,186.06969671978013,Train
227.65626408981547,175.07686813720554,Train
180.14676551529288,178.2911357175823,Train
195.693327549824,189.0625796465922,Train
200.7959501934089,203.94788317901418,Train
198.95463344604758,188.56639043821022,Train
214.66937730774004,197.35125955215452,Train
198.94018177848614,184.8285323007697,Train
183.2670468582861,166.26126686930604,Train
241.14997254713978,180.85507702587776,Train
194.0889588450471,186.35396417875916,Train
196.08400575200832,173.65760717627697,Train
180.6351132680231,201.82042102000187,Train
158.24228139309176,185.21208713559713,Train
163.9055101272142,192.8564679948821,Train
176.6247994703903,187.3939308471348,Train
220.90014942262016,201.92214596543838,Train
163.73155998390382,185.69967768522022,Train
169.61903115424113,199.0195467034256,Train
196.56256293363222,180.02688852864284,Train
314.5621553220771,207.70757577180402,Train
173.61780831957563,173.51768915827208,Train
284.72952192612803,222.35207741501858,Train
192.89729614173413,194.86635249710122,Train
188.621130966394,201.88689205297865,Train
159.90102640010753,210.6487552528406,Train
211.73698244287493,193.7593316341545,Train
162.128999094696,211.89493470586996,Train
175.57707635557077,193.7682135738101,Train
336.08121422549937,185.12485847890025,Train
227.1414127044817,183.91447774860453,Train
167.25767179251787,199.33707657266578,Train
187.92999148960763,195.2549895748433,Train
226.15837179575112,208.13336468718902,Train
411.44281271094843,227.60931398506892,Train
218.7833142351996,203.8598907864523,Train
197.67987636850432,199.44311139838464,Train
285.13249911086297,217.9907878294831,Train
243.14118246227514,214.39613120722115,Train
327.2059264227412,224.5213490370203,Train
137.15089372835135,235.75843969878474,Train
106.43389572657986,204.26043039887975,Train
145.78920030789368,191.14678817357685,Train
104.7168074722926,223.04165568220586,Train
95.21671721977683,184.034645163476,Train
141.78892955034635,187.27462278175736,Train
160.43344446400098,215.88644642437882,Train
151.1502619607408,179.660063991011,Train
148.93938204056596,198.7533230026545,Train
188.8008047034763,192.3980109222538,Train
99.23452994947185,175.56320082842075,Train
142.7405577785526,212.21934793727115,Train
172.31888819071855,185.063015113757,Train
142.46952118596982,185.4971913064979,Train
133.69245676430626,203.075402833671,Train
170.48769492572794,216.67824409663052,Train
158.3552356702348,217.08506207483774,Train
184.79507899782698,195.21427938986673,Train
127.30722490850425,181.78619327480416,Train
136.39167340226683,205.51170874617443,Train
135.0484244791146,199.50952412046203,Train
165.27747813904762,202.9433535998268,Train
150.0788343820658,202.81507002319339,Train
138.4524932081693,196.02349376320785,Train
95.39845461735798,154.57164841904574,Train
122.41671860963189,171.43527824336084,Train
104.00728518499099,200.33165402881434,Train
99.6701543434353,185.39123469809476,Train
161.9053260849649,173.7846179555341,Train
70.21280040957973,177.4329244476433,Train
139.59257731727965,185.4461926755745,Train
62.04465680806487,167.3185398562948,Train
198.0690388819354,201.7206602364247,Train
71.66572353889103,178.64647545037025,Train
46.834710778931964,191.34113097385423,Train
88.5760006020581,191.77382259382955,Train
200.38959300826946,200.32834044489425,Train
56.77548799756599,186.56523960039956,Train
60.23368556994784,205.55833269877647,Train
182.7641857254148,211.73083314448587,Train
137.36698846396706,188.02405009877634,Train
92.04209378560451,187.33171588706364,Train
232.28950169032717,190.8919659304875,Train
89.10921217813504,197.72708177030563,Train
75.50122524902821,177.3314533174197,Train
268.46554090300657,238.45735682470053,Train
160.50215914007015,185.02485882768252,Train
45.611079960218945,176.7699973065001,Train
49.79230336345293,196.99665288314154,Train
113.54582934977222,208.33376206518454,Train
366.37165791917664,248.7303912378796,Train
174.7697890716663,187.22020128904603,Train
144.2402228072412,193.55380801812058,Train
152.2829591259014,227.16380427330523,Train
76.39799802764672,188.38055381242071,Train
147.58533951247733,200.0894540709646,Train
287.34208573673965,243.9709651296865,Train
293.6114058338197,248.0752389464305,Train
289.4604748959952,233.83607955189967,Train
288.88929292326645,248.5658154516256,Train
277.89785991563315,233.8083212441756,Train
315.9861758730955,238.03742268133306,Train
305.1542407956533,255.56142230231376,Train
322.4020546833068,245.5854096903238,Train
308.2296175360559,240.3186645618473,Train
339.6369293539004,243.0725148475136,Train
301.12399013684063,257.0826704248186,Train
311.6907998848764,241.86453699621464,Train
318.83735859800777,244.13644288952588,Train
333.0636662762348,243.95922697328228,Train
347.36972291955715,265.3717468041326,Train
326.7555285279753,250.52946596749695,Train
337.72108310148894,255.88930566289957,Train
324.2663866400982,257.9505380572217,Train
303.891439143803,248.4173188971847,Train
325.5962406126033,250.88078858442583,Train
336.8807910464992,243.2118911403456,Train
288.74509044549086,250.3314023055701,Train
275.68913880957786,238.36035492516365,Train
276.7129361387605,250.1729368400318,Train
267.3164824330388,234.48167806718934,Train
250.99977769241255,239.46433001865103,Train
287.262821916882,257.5046740410049,Train
271.10561510644703,255.79949475874645,Train
269.0281572611075,226.70954379182422,Train
228.53044838086362,238.14645590995636,Train
275.6124884657154,240.69102150231836,Train
291.2742775156627,251.12551569398155,Train
401.5158155307055,244.34573833468747,Train
305.3371025108438,231.861458548419,Train
265.2381384560779,241.43782594468297,Train
267.2189233664074,249.7827134917144,Train
353.2794572418326,247.22092276901995,Train
295.9197400823533,238.63186576945566,Train
280.6397718879696,234.8536274729889,Train
310.93955265868146,244.95374762597524,Train
320.319082394489,238.56223917293187,Train
214.27836109539197,230.6068183858557,Train
405.8173887613906,259.41176579174055,Train
243.93616539248467,238.5744125164978,Train
236.1346909886745,215.31085335335095,Train
403.4129655499598,260.994613793923,Train
248.7709890763406,229.7193188823955,Train
251.70876156781713,241.77188118377788,Train
296.72628302438926,236.11454246725677,Train
268.3235534460568,242.70519208213182,Train
327.50057283282,243.70446924438085,Train
302.75734118467875,237.16633433524854,Train
243.0938585016332,246.41228467073887,Train
418.01012478368307,254.16345134112854,Train
246.5061400308286,235.97405099737315,Train
285.08190424306963,225.57629639875356,Train
196.1778928222123,222.9739999580726,Train
187.38400768844926,212.23885791336892,Train
224.12425288303626,196.17720743688042,Train
176.8986284059733,205.0355570154827,Train
182.2071342572606,208.7461503913679,Train
201.54977043689794,190.29239870958446,Train
231.42653694488533,230.91098337171985,Train
229.83743378122296,191.2485246138505,Train
203.78246094591063,211.05453676712924,Train
251.26161843894855,184.91324357162404,Train
190.2749062603365,191.07327318854897,Train
230.8223244100746,213.3023321682685,Train
246.90387288816277,193.7471655343983,Train
231.51955169460115,188.47451484382117,Train
223.1693608293896,208.71480091542975,Train
246.3533002925282,219.92513597889567,Train
231.0713700840169,218.09431888819648,Train
240.3235702038557,209.9279232380788,Train
204.10990065204462,180.47654795213717,Train
227.43036142858378,198.3252441923931,Train
215.784952533473,209.43540748133435,Train
249.67367396671224,218.64413862736197,Train
210.09652572830174,191.75919159977883,Train
212.5535078182413,196.71894689368457,Train
162.54462023653087,162.44428904090452,Train
154.5698629831707,173.74625312206155,Train
192.1292360581607,202.63719369960677,Train
149.2227394615007,179.87992741369806,Train
228.85037319319088,187.1859271480257,Train
172.0121372532313,173.47167288330425,Train
188.70803164162155,202.04718958499404,Train
142.43805635836213,173.91327858516544,Train
225.7022114034528,182.30136167427167,Train
116.50049677689358,182.8550512749234,Train
140.33291247868453,181.2098337704596,Train
160.6994585088255,201.2272573650352,Train
268.6001348673166,204.56237046397223,Train
138.534941554158,171.45921020999518,Train
173.0038785693494,210.53756980900215,Train
214.50694591289087,187.51121400118578,Train
165.04414358478257,193.3252253660941,Train
115.61547158502432,164.55532515060702,Train
311.22092991361615,188.2948186256802,Train
170.86051857055816,185.55527860337205,Train
142.53423755585032,165.62302714415634,Train
310.2420868694926,225.02207550409975,Train
183.98406651148494,183.88379949583725,Train
110.26017648182756,200.03480892130395,Train
190.57041678052002,188.98026933916333,Train
130.9147874075628,206.43164553444893,Train
372.29328836295565,242.2480914054044,Train
207.70591964669867,192.56667141737694,Train
204.1526812587918,198.97027197379765,Train
400.133573199235,226.70617596764802,Train
116.64859546802833,191.54588379850634,Train
218.1977480651719,188.40204830467314,Train
269.1173474485148,245.68438154412598,Train
272.23268044968347,250.32872191699767,Train
278.9206366713536,240.35897363349804,Train
250.68121611352518,250.58148625084516,Train
240.01441877619817,243.93268842355295,Train
295.9202446593726,248.92036221872402,Train
323.8986937630484,260.14965076635576,Train
281.9497660872256,243.77523529219374,Train
229.57346163190425,237.10909750007292,Train
275.2697803970843,225.25618727158763,Train
240.53872238276585,240.63903146548557,Train
279.3802875889487,239.11051718681512,Train
272.79447601563305,222.4548048401643,Train
262.78128766281884,226.65886186817846,Train
301.840722530506,253.13051778855674,Train
333.97278061869457,252.36296785944057,Train
331.17746192738457,249.56318876512677,Train
293.45476645657607,242.8988030731372,Train
259.30469420626895,220.9732607034478,Train
298.72724517646316,253.15088686349466,Train
292.72241936715886,226.38492549261235,Train
283.290216778356,238.5912755167767,Train
291.43063741005454,243.6833291054821,Train
233.14368126225446,233.8676817853243,Train
241.42934833495582,222.80274761632265,Train
225.28763862815867,225.3880503232829,Train
272.21855214186286,248.7004253416061,Train
224.72208887606845,227.64291340211673,Train
264.7982488307755,214.50423370727097,Train
161.44703200598403,213.43274483923335,Train
233.16843840169392,243.11918657560773,Train
245.46246801790517,233.09595246426,Train
369.82912085461794,218.04303169011786,Train
249.268396911832,223.9855232613373,Train
233.78029618954758,231.87222198748614,Train
270.8648186877646,256.54836322048567,Train
308.02196440648305,244.19254817719334,Train
261.2517333457029,242.09641685439664,Train
207.55412550542405,220.065977881776,Train
255.4291408856468,239.92951652379716,Train
240.37677948637088,230.5519954157293,Train
204.39704130759634,225.25836068267637,Train
297.98992634932324,247.02048147664232,Train
258.65543461155164,206.7435039166294,Train
198.39356609428143,192.648410040342,Train
404.2043207975126,260.87010437934754,Train
246.0876987212452,222.85805458350322,Train
249.04369986547917,213.66406579520947,Train
245.07232423021463,232.86794088774283,Train
202.67357181545154,226.29113641110644,Train
373.8474426211897,237.69473961765442,Train
230.09393664742947,222.49112105069548,Train
285.9130538941706,243.9499203553678,Train
366.3047943614131,247.99489398506248,Train
142.26915804915708,212.35347694948697,Train
229.80614495740252,222.3781263338679,Train
124.79774129955237,215.01950784165393,Train
90.59749759650155,190.09290116611717,Train
129.96767632488258,173.9560543421101,Train
109.90827748469543,199.49410708472504,Train
107.41930107594013,194.96882213324278,Train
126.00074709861656,195.60370680157695,Train
130.6526155527249,190.4360140584276,Train
163.37490643826513,175.66933196261058,Train
119.16761975523707,187.32046114066367,Train
201.03075550364085,195.04508477939046,Train
125.46431368347646,177.06075058190498,Train
158.4682942947439,209.92498401008504,Train
156.54269733744331,180.5170725443008,Train
158.1875228115744,186.25729883106686,Train
142.4027707171374,185.3259145083459,Train
193.18844105413208,230.52928334823238,Train
153.04453382255872,213.52738156909783,Train
151.4710490224172,204.29132862229542,Train
139.4679866537075,189.43415888826485,Train
155.53534671642956,185.56607554720625,Train
133.17312921058343,200.63827157073428,Train
131.88133413616924,187.37774741608757,Train
165.6599614931868,189.26615549880626,Train
129.5090112816362,199.2338359471344,Train
121.42848350151742,164.87736876493818,Train
123.91837815283048,170.78789977352486,Train
136.9786952355753,189.1378115203416,Train
108.10943474975213,184.3453846100915,Train
145.8105966953606,169.93959165333553,Train
96.08218107240091,173.06653878927722,Train
147.92418788087315,185.55858931798892,Train
87.83661712077725,167.22010757494172,Train
174.81946879211307,205.37711985988145,Train
69.37274289488073,188.4887382983828,Train
68.99643942908023,185.10945273040716,Train
110.69055839471156,197.26439064702504,Train
134.95509979177473,189.06537080459626,Train
43.790063620269734,170.20169052963945,Train
64.69544988019658,208.37909579204612,Train
152.17125857155514,211.54571993186136,Train
110.21748969434567,195.69256008756818,Train
43.834143248567926,187.1263926359991,Train
149.02121923422212,190.76523741038721,Train
79.27871765130804,185.03283427284924,Train
76.1066384998258,175.87159617941046,Train
258.5049817797755,221.07926230455942,Train
104.97374749115694,180.59126327347298,Train
91.51293563397022,192.1971064200887,Train
85.12254620821523,188.30740014330698,Train
166.30257921389216,228.53221959464003,Train
373.553034651001,248.5392280260873,Train
360.3739125195416,198.02345301380916,Train
147.76521281951392,192.36848281447413,Train
138.22693555091814,220.51870288986734,Train
104.25908071375426,197.24566364269157,Train
203.36164830802213,206.8055020903217,Train
285.07281891459957,246.7867751077559,Train
256.3801910109196,240.07915472663638,Train
294.27608226708173,238.3825132416897,Train
311.2604926830858,259.512240429557,Train
254.83342225893182,248.61479836922715,Train
306.9948709946199,243.88540245569428,Train
313.7448388901498,258.52810828179304,Train
310.0833259455218,239.77866889102364,Train
268.0103321607358,229.98399697220106,Train
310.02585753579166,226.92868218424047,Train
240.12990207068964,221.19119495604937,Train
268.32246576542946,231.415029119452,Train
282.60354862001145,230.4254638618629,Train
272.4731506344352,227.98541262997327,Train
304.4312718087011,250.34910902461436,Train
339.977912142809,248.4536621060398,Train
372.1130716367588,241.20567252457974,Train
306.33675029055064,238.1985911347528,Train
247.64894810418443,227.09630373708808,Train
283.54966507766017,245.29966213175823,Train
256.5389012109779,222.3478985614616,Train
271.6166565041376,235.7624816946731,Train
269.28293095713934,228.3554899179884,Train
225.03772456998303,227.13827798364815,Train
268.3810373426687,201.3607576296776,Train
259.31286927519636,224.4725050627647,Train
337.83322036756596,248.09118873283288,Train
265.94209061977756,230.0915262986484,Train
313.1394800318311,189.93299763439012,Train
167.9253886037267,225.42579052340938,Train
253.79981633546433,234.42604777892637,Train
287.2627632270439,231.11723540210087,Train
345.3142292784654,229.18492152104568,Train
252.95421448972894,223.74589401398146,Train
216.6827188608344,232.95063591281715,Train
264.4997423917818,253.08818822448316,Train
266.90528508257137,242.62731576295317,Train
241.39934693320274,240.8507612655654,Train
355.98192794367617,219.04265944853148,Train
218.6530281139916,236.6546866295201,Train
235.412647444149,225.86754102929757,Train
175.26078593414832,211.80904174561016,Train
412.6974435839897,245.5812968325143,Train
226.722620393673,218.34280193668022,Train
201.83631636319834,192.7738277733931,Train
439.5385314925656,261.247795448735,Train
327.3292657817749,229.90916456897457,Train
232.70851923082617,215.9087403215583,Train
257.17629183971945,227.8369911732042,Train
183.73258360845458,237.22683085763725,Train
355.3773945370318,236.32322416475597,Train
331.11072462545104,223.97505036809744,Train
282.43257387371216,234.63948432512302,Train
321.34294228181534,241.36977203187783,Train
230.84182984976042,215.64296884869518,Train
217.42923657754756,209.9385580708353,Train
260.72050866106815,248.65561327891427,Train
284.1969244511889,243.6578393501001,Train
314.7687878693026,245.9066603043232,Train
292.9360989154094,257.48624693861353,Train
278.198857589509,248.52298387055538,Train
309.05706389160156,246.58935236408576,Train
319.01071782168714,256.77379023077884,Train
297.5598193797656,243.72561349831145,Train
269.204368565837,236.56095585176138,Train
289.94436537990134,228.32682561713722,Train
265.2798098219587,230.10914182125626,Train
293.21070189200896,236.57536420464854,Train
275.7370415900522,223.1842790449349,Train
261.8588289160884,239.33047415171723,Train
304.07606387011754,254.1938786613499,Train
346.3887464521395,251.57264535991277,Train
346.7968766621546,244.3490647224902,Train
315.8004545001626,249.75677993303552,Train
270.8994799661634,235.40738123872643,Train
285.59395306015733,243.84190563180226,Train
289.8838737821442,219.98265794674597,Train
290.76924213212385,245.05848985903796,Train
277.7500581100967,242.57188555338584,Train
275.32632171606235,238.93942829234538,Train
272.99803295002084,207.25809257144428,Train
225.2651918119725,223.39090677271858,Train
349.127798301917,251.1374267832453,Train
235.08585241985452,237.82119353805467,Train
278.6393541657849,202.98635973233564,Train
182.28830353970824,216.693804243286,Train
257.5327005416246,235.05373213429016,Train
308.3725451715339,225.74418337519387,Train
380.3078374294361,221.65039739335862,Train
277.3385773153313,229.31816062563044,Train
254.96476482921935,233.398841740622,Train
271.1863999711005,250.01102413110743,Train
329.50348274097445,235.13292516978052,Train
244.41601313884146,243.20057872676617,Train
243.42399116470136,219.5600228544846,Train
239.02741681855414,236.05684973304832,Train
280.2262901004,231.6029268495893,Train
171.02061101023875,208.83472631206874,Train
376.91037954807047,248.23179066860428,Train
229.3955957138951,205.2259456612481,Train
204.47625950771277,187.64104195890926,Train
459.6523709295234,253.86852981370876,Train
326.42392997932683,217.21297188086515,Train
266.7909366571233,208.97859432952316,Train
224.75339096291268,217.49950493366885,Train
175.81129289669508,221.03359692337503,Train
361.4646424584704,235.1468967175666,Train
225.21343964823865,221.9160102035351,Train
365.5576844659999,248.522145978825,Train
411.49737691175403,249.17428615325193,Train
219.53251698550113,206.15912714872772,Train
230.66310468724123,198.7672576887696,Train
254.47242937435107,244.88068880492932,Train
246.74669684801265,246.84626914262358,Train
274.1110271355161,239.4166287252877,Train
256.0654202368614,252.29433493350197,Train
224.10987615204868,243.17436101750226,Train
286.7443948810778,255.05134918647533,Train
286.4689764239487,262.1116347634962,Train
258.28362078066147,239.45369480146667,Train
237.18832795121614,240.20061027958803,Train
272.18309793561264,226.91617796077304,Train
216.267930733851,233.2144174411901,Train
265.4428263459311,236.6902820019844,Train
265.7077847718532,215.7666116783232,Train
252.06280601161706,238.59558214714787,Train
280.5078900652229,255.35010664261364,Train
312.5430369326705,245.47649728304378,Train
313.16824661395987,250.26579059541012,Train
282.38351910909125,256.1588809342919,Train
244.68885441806447,232.57281405089944,Train
270.08425254087945,252.15689697066512,Train
246.56971347753637,227.56714837128735,Train
275.6452372280351,245.05324939834964,Train
241.81082379237571,237.60178319953928,Train
201.0664731705581,240.97792915650035,Train
223.41218536258248,216.82471702809417,Train
203.84796036844864,229.59631836174512,Train
257.87379818815657,253.62110056211247,Train
178.98969882170653,240.5177182594468,Train
285.6956622690983,216.64133870717495,Train
164.99168853033183,230.03524004316236,Train
208.8777776054073,243.34040398196612,Train
249.35392949432466,232.87490525389424,Train
335.4201441970838,223.6452285640007,Train
246.57642171368482,233.01408804473033,Train
196.32276204412761,239.5409303043648,Train
289.6591651884123,262.71783260042025,Train
288.58563114653896,242.89896563766538,Train
231.60215991850734,243.68772188698125,Train
234.20875150431758,228.0570664377503,Train
271.9054059039697,242.68199906874764,Train
292.19212311746367,243.33528530447344,Train
200.56890314479958,221.2989455902969,Train
336.5357459859773,253.14323994667387,Train
234.5926516409968,210.99287110820504,Train
206.23962010985832,184.66689232517442,Train
401.9766513925615,259.84089366089944,Train
237.30374548910663,226.20130253403883,Train
205.7209023994936,215.42048183263594,Train
216.22812212372247,229.43984710233232,Train
167.32540466179321,231.3553316842203,Train
269.0127500137056,226.80507579917875,Train
192.29015817946015,216.70031958360332,Train
276.65762915905634,244.5910780978294,Train
315.6151629524944,247.30248581568893,Train
130.66275955977437,215.4430105977902,Train
201.3004189808962,211.0184793152575,Train
202.76745300327258,210.16871088077193,Train
175.2643294484921,180.63736247413078,Train
221.3175641242948,181.09491831693148,Train
176.4271570306805,195.81128871157182,Train
173.59310816764952,203.61127153315212,Train
177.81541753520168,180.5973345042938,Train
182.09408513333696,189.9360267845204,Train
203.92911096205546,181.75001905233532,Train
180.32049502135712,202.60863782378846,Train
237.268237311242,194.37655392042612,Train
189.27233783171,166.72794483358769,Train
200.83279658276112,201.25992608855535,Train
226.44961356439546,184.15236093266475,Train
227.62278877661296,197.2340871265219,Train
183.35232221941368,188.96323246007591,Train
233.63821389279752,217.58481127803287,Train
206.9804637967645,196.58886712295038,Train
271.37907193131457,199.71087953748616,Train
199.33403829644803,169.18213317009918,Train
197.3453628921646,167.7199696522246,Train
216.41304571846428,208.67893022636963,Train
207.5370867753471,182.95913254850706,Train
219.71748606281304,195.84999696398302,Train
175.9542435808623,200.10478930892452,Train
174.2473593294947,162.5715775549185,Train
204.09683330871025,175.16200984588468,Train
216.5026655185089,173.5798292634889,Train
155.46485595889078,190.07609601601388,Train
216.9834046298558,175.65090079743175,Train
142.05831153140406,174.44249959674494,Train
186.18957666353543,188.86574204468948,Train
139.37720002624994,174.7270521773925,Train
288.62118161954766,211.91595931713718,Train
189.42152144342853,194.52561803083648,Train
163.77821949789262,192.09944360507728,Train
243.19127578293984,193.8432671690075,Train
301.6606902985702,190.73654593487444,Train
157.18646304478386,181.22122657419618,Train
208.76859402158047,221.1217121958237,Train
179.9070832289604,195.9362667289757,Train
200.10193066692347,188.47272994163447,Train
157.35313633546974,195.42141352240085,Train
184.66070023459918,189.38157094850192,Train
138.52462236431163,180.16671642097833,Train
162.4449027246074,169.42687264259493,Train
249.42154131548642,203.24218139204334,Train
224.45453813694843,175.3600230087704,Train
164.5438931889937,198.87837409895255,Train
178.1896064716222,165.2176935108364,Train
205.89167798483382,215.18668670882585,Train
461.1501077286285,232.8585953302315,Train
250.96489570300633,196.34618846026177,Train
222.83604190796757,170.07387923356345,Train
310.2635463435118,226.39419855405998,Train
184.24740900963926,200.0901351409794,Train
296.2876299063498,196.7092259684624,Train
212.89964569141125,212.79995111635694,Train
220.1439260992247,187.44188513341192,Train
262.4507568989678,191.8173299201506,Train
213.8201380906406,184.88486154703628,Train
207.25206967424313,187.83807117009945,Train
225.24655164977526,182.11722746176832,Train
264.3035840172372,206.08458809723152,Train
247.42316677662876,166.99890489727127,Train
237.60529992794997,196.2433605190489,Train
262.84998347120097,197.36518777503568,Train
239.15721740638162,164.56823817022425,Train
254.027001733492,197.54738592196932,Train
268.95933645253194,200.6709067944841,Train
245.4542215635017,199.00676317348174,Train
253.51165706640114,193.32698775519407,Train
265.13164296123017,212.12637458971687,Train
255.814179247989,200.84934429676292,Train
281.5592659266774,179.87703806907632,Train
254.8669029972956,184.3737070965307,Train
266.7370904598434,200.09699340006497,Train
243.66982831432097,203.52237598956205,Train
252.16511656072814,189.26999596106364,Train
253.7229551990651,209.4525787725607,Train
223.84334422933165,188.017079717093,Train
229.026283651528,166.04352293294468,Train
244.77177346565392,186.99794136885245,Train
236.07981367170964,174.6260559027582,Train
230.95040426969496,181.21068252647478,Train
239.88354525960995,175.7603798557672,Train
220.87923664145475,176.6151294079917,Train
236.93747841522912,193.58236990667967,Train
211.0582705809333,170.45679180554268,Train
286.741613138567,215.7274744726113,Train
215.48750608813054,190.53895241652566,Train
189.79594942962368,205.13924061351628,Train
272.66694316304654,206.70708344674574,Train
366.1004872883991,206.1383809678465,Train
253.09658180568135,191.01124970747367,Train
217.15522671489336,214.03870596182603,Train
195.27642201603496,202.26719850247775,Train
215.46016770910626,186.66624577981946,Train
176.20646379410732,200.50312952531476,Train
270.0153102710379,199.45172727790774,Train
192.38670713989825,181.6159857697702,Train
160.3206544006884,177.7925177923947,Train
289.3171520534081,212.74040516473337,Train
253.87620009805767,197.13684422956214,Train
190.4977985346368,205.3411334247345,Train
253.1819473631455,168.52179475553308,Train
207.4286465835841,207.49303200746004,Train
466.2378961959523,228.87108245435985,Train
154.60969620025017,196.38526096200462,Train
210.54404659647776,182.5833159330227,Train
476.5409473846351,229.59239129257034,Train
193.10039856472196,197.16085369455823,Train
245.7224001367386,193.43188057643468,Train
289.36392051264033,247.97500743007993,Train
319.21594779124644,248.82735777843072,Train
307.17326355358716,247.10757972058533,Train
319.7358677996625,254.95580522002518,Train
286.9037605294727,235.00187011996374,Train
313.67694174301744,251.5717544438803,Train
330.055411440297,261.6451147746561,Train
301.0391696213112,246.38097665099644,Train
279.12821628606,239.60501237154875,Train
320.32255143454347,217.2662984383363,Train
288.1221750667617,226.13608889300826,Train
322.5270871827146,234.81348952159433,Train
311.5372877824021,241.0773070816766,Train
318.1527768658243,246.93326026031005,Train
324.8735544329812,256.59776676733674,Train
328.19962048387276,251.0199467900269,Train
338.630975018499,255.34833323655394,Train
335.16761803685995,254.19476299718502,Train
293.30954953895554,235.97178897273673,Train
328.55676952478586,258.55304372153535,Train
318.40927799435076,236.29950398596355,Train
329.3670749476504,250.22422404959332,Train
315.93016038468477,240.27305641513132,Train
295.59853430545377,247.1694260968958,Train
310.3721967099574,225.17606044974485,Train
269.25114759819576,246.81933169884968,Train
319.23538697016875,251.16560337608914,Train
288.8249148258764,253.34494347896765,Train
304.01973116531883,223.9909031101473,Train
224.8198359884959,234.52261877350463,Train
278.7252292954076,248.09123586316335,Train
311.73591108605405,231.8421611387834,Train
390.351881360435,242.77113349177736,Train
311.5731401185508,232.19908782089303,Train
250.39968736040123,234.64097280646146,Train
283.8315230859863,249.5955611633473,Train
334.8686472953062,234.54279722346067,Train
263.5110599883606,220.19441596804924,Train
276.25876116514974,224.4212492551908,Train
271.61175082567354,240.3011488357593,Train
354.5700289699321,218.14205097765097,Train
203.1335955979252,219.29984932889315,Train
398.30245070965316,249.7715139929059,Train
261.0765943051157,209.00715485234156,Train
225.4560263843128,200.7815402445041,Train
413.94074694724475,261.09797972982335,Train
266.53075599391127,217.77127963131062,Train
276.72605352431253,227.35536392033922,Train
266.0266395384485,229.12500896387027,Train
237.932514036319,227.10049337851396,Train
318.4436770179243,215.00195530888027,Train
255.5601284832642,219.23881023579347,Train
287.2818684323388,215.84418506680237,Train
424.1088968651481,245.26990667509196,Train
228.5412137816921,208.8063411926672,Train
302.5788191819708,199.85045140158758,Train
235.31165342261303,196.0858809500852,Train
222.2782502563381,179.08879067057174,Train
223.28456713560493,172.65207447624522,Train
206.8306040604138,184.77475556494463,Train
197.4163610307646,208.5645728713794,Train
202.04183804665723,179.28851027952174,Train
231.20703510809182,185.65431775931404,Train
253.41195221506825,175.30723796330247,Train
230.15658936758672,191.69412310184046,Train
269.940946565647,199.57463144164558,Train
225.76502380924927,175.76136310503531,Train
234.12882109839344,189.98006394591474,Train
267.0323384330795,192.18539436213686,Train
250.97557581330744,206.45573985114706,Train
206.95853323907735,183.72186390848992,Train
236.4812107103892,214.4040773859281,Train
231.043608227243,171.8926002061455,Train
278.1457257896386,182.14788938391416,Train
230.7875633975762,173.7136844786988,Train
246.4691210510557,189.8731781482265,Train
241.19039875007718,199.64128705910477,Train
235.95139649464048,184.25194079203592,Train
262.25211428474574,192.88506089492097,Train
225.5925521203929,183.41072748210442,Train
220.47271000158202,165.76729189400393,Train
239.892587928313,184.15280296869906,Train
220.85218590058588,182.65629672332648,Train
250.85150391840074,183.42846913871438,Train
224.8905419817575,219.6779752195864,Train
202.46930009065613,189.48103573320452,Train
197.5877782450967,196.48807031515346,Train
206.7459764450793,185.2961582016309,Train
247.44389469060366,210.09704050984493,Train
211.18153298167005,183.45087869737455,Train
202.9588913182783,202.8588065860256,Train
250.77596970042845,188.70165770456094,Train
372.1327681281207,215.12818582299997,Train
220.5292866013546,170.81891084364776,Train
275.4655251201305,221.05460856652076,Train
218.44148368444834,194.58374470347894,Train
224.45716229430812,201.98785304626858,Train
181.51256094970984,203.73879244248212,Train
236.60767965065338,204.66770258095016,Train
200.7425183971389,207.02210171649193,Train
196.41707718916643,188.0157743955466,Train
367.1313560267357,190.0216670042822,Train
240.38535490984694,190.47555670677392,Train
225.6790738385001,210.86023556201457,Train
204.0125128126952,184.34712710717554,Train
269.88567183243237,202.52939635516873,Train
486.29855089771127,218.58596759934204,Train
237.25115000853216,206.12716772961386,Train
215.74346916489483,175.39957327086137,Train
355.2755083667996,214.90421951335844,Train
253.3472676142462,213.3890138631431,Train
343.9587469072347,215.32332780991712,Train
131.52898926688155,233.09711535166946,Train
107.48197955081939,196.61445501807012,Train
157.01081312021256,197.30168042747383,Train
105.11548997506087,212.98810076067286,Train
112.79601011536451,193.88161596122248,Train
134.5523735411233,180.67498441970935,Train
145.8845802523374,203.45377997953648,Train
167.79263024900666,180.37612451758875,Train
133.77652353113123,209.54718602941853,Train
204.83626009871105,194.53762997962485,Train
114.971839951746,169.63339144369058,Train
147.6832630902363,204.25323640083553,Train
187.47052951418192,191.66289077788983,Train
164.33363922358268,193.7456590433252,Train
158.77259221843866,196.56802267202,Train
174.28738849875,208.97904985990453,Train
147.87802806451637,215.118385293854,Train
174.04451091573816,205.7915625289407,Train
147.7868370524151,182.87324507462276,Train
142.6050064745474,194.05270221669826,Train
133.9990191821348,200.77638414317616,Train
153.46887517517752,201.0938208053784,Train
152.0145744536755,193.72087274074372,Train
126.13611701762872,195.07704587147404,Train
100.33350286703717,161.3317926609331,Train
120.10673200190075,172.81374794225704,Train
125.95580442221967,195.3060202341418,Train
103.88072012799392,193.45383654746087,Train
120.38147911922331,169.8612991125738,Train
80.95808139590794,165.30225661081153,Train
157.11052695804779,185.93642986968828,Train
72.3388158056429,164.9434984985704,Train
194.14294793869323,203.17827197917092,Train
67.52292335719889,177.8868626085381,Train
59.97874206115969,201.91237256590077,Train
112.01040405057583,197.91254520440225,Train
237.61790932544721,203.16343291065226,Train
48.30125788577381,167.82370819603008,Train
100.56044973155565,207.67440325021758,Train
208.89548486279273,200.157907435469,Train
135.30636327948494,185.93597362486383,Train
86.29308498163249,196.57200496390448,Train
219.35564996923537,196.52772495404076,Train
89.99405824229339,186.03883253286142,Train
65.70830980080655,174.23069296085146,Train
268.9984046447751,224.4344017346167,Train
192.36434277419886,196.76206782587377,Train
21.30612418907782,192.32254550676186,Train
133.82374888941212,190.7768455617905,Train
148.41721687520155,211.52867719465686,Train
422.0865281464463,248.03701408573525,Train
202.3316827031462,189.59172636114255,Train
154.15268054530145,197.56447111760633,Train
253.0495216729119,233.43730942991408,Train
110.52220608597763,189.14284829005925,Train
178.07073378449857,202.37334052069792,Train
175.99281120011227,206.42358361229583,Val
291.91803944590987,197.84869681150002,Val
208.4109149513165,172.50035584678798,Val
236.97143771633205,182.44708439502494,Val
251.59960774095663,207.94061671837494,Val
290.7954250251901,202.79798785401078,Val
123.55888956903252,215.27443322703155,Val
201.39000137248405,198.2731234020174,Val
230.28876043554436,215.95484054660588,Val
150.75516675821382,192.07645294622097,Val
74.78922034049211,192.90040739328953,Val
313.89092118237943,213.09390678368902,Val
322.0602692838757,212.78577051015804,Val
214.79726464498094,208.79510785453195,Val
111.24274215008381,251.0927672465072,Val
235.16857540525734,255.39775923380617,Val
226.20367795386917,224.6742556505811,Val
266.34804979591945,240.54449121627712,Val
268.10169093140803,229.34331652742497,Val
269.964601360335,245.2708778060915,Val
201.93678108270018,261.6321311017698,Val
158.51823009850375,234.4629381989456,Val
395.2089484077457,245.49845967616275,Val
201.50893601042594,243.75450568112427,Val
144.41819290654456,250.6538458539055,Val
220.43671909610154,245.3468289840754,Val
212.5645145790968,238.42703506247548,Val
131.30157935553052,256.5885195282549,Val
253.244711710589,201.31486401833362,Val
362.2681179078296,218.85832473293812,Val
296.3697510388833,195.86860831345643,Val
314.54961110374995,214.55173049221418,Val
290.80769810242964,237.2703892659366,Val
361.6440120349221,227.2671573923198,Val
222.55855290122778,227.56877394423145,Val
293.5513207013464,207.12571000704946,Val
403.122315435278,242.54573305320073,Val
285.2715371030226,222.64055222957282,Val
160.49898570458004,208.36924453221394,Val
361.30466123995063,238.2170906472739,Val
352.1885637091341,218.7289307105067,Val
371.15069311213057,228.37189454001427,Val
155.48920525779323,217.8417445666635,Val
365.1336264413097,188.8527445033469,Val
287.80962664021865,223.6207778006143,Val
256.0172058545203,198.79972863489922,Val
185.7563640842144,196.07246236796118,Val
227.52710132930105,183.97883419320914,Val
265.82941758978023,192.8420026441829,Val
251.6633128656519,177.55542054540086,Val
304.0287871569162,195.30814432252922,Val
244.42584046357308,206.35189832808672,Val
170.85447278562245,196.5166061600045,Val
384.31468412306435,165.45714480586577,Val
195.30647447589877,189.18145857139345,Val
167.32984384412578,184.75159378168303,Val
187.47069945403797,202.5503947854075,Val
331.4191895026753,208.7329757543087,Val
265.44027596771116,180.57605747497328,Val
287.03395884914613,189.85925487623837,Val
210.7002381469799,214.33002968878668,Val
267.4391138612125,211.60379441830136,Val
173.7505859918439,212.86019685426535,Val
213.13465453887403,195.27022549960785,Val
277.091319502303,202.9677502379558,Val
159.1205808821309,206.2147237153622,Val
107.7224386783576,192.96998000366816,Val
290.89689289098294,217.1667038701361,Val
288.64394352000727,205.39443064898597,Val
247.96359056543048,216.52684270197818,Val
95.96083783898214,213.73466378643548,Val
243.5806206929427,201.64979338294296,Val
170.76166044760365,178.41120918400767,Val
245.00395710296502,172.4448435276565,Val
144.3075106590268,184.23585636325572,Val
229.1723211157892,194.4546529415237,Val
195.09838847325182,186.03246954215564,Val
140.08571273141484,192.066207693364,Val
169.1342938902783,199.3068163538514,Val
135.24413194984234,180.92650530462146,Val
104.91522691010661,174.65015603309823,Val
288.14757877107127,198.1467688536436,Val
149.4411875327364,183.37757599028424,Val
98.2960531951021,193.82260374548036,Val
208.57201768126345,186.94220416696447,Val
286.0279783809984,219.7514761457345,Val
216.56497333719034,185.69082912842276,Val
287.18300254983956,207.38580601046706,Val
252.88206601894586,238.52487430208308,Val
320.1621637445093,230.72248013116914,Val
261.5232957265299,238.65020432017025,Val
220.4654619650076,205.8219019061438,Val
385.98866245994236,227.1384373834748,Val
236.5928972113343,217.71658040825437,Val
132.7781662191834,215.30985198081802,Val
291.54446948348954,236.7112905813173,Val
250.89180700425288,221.10407708289577,Val
178.82017878147337,230.13777630444653,Val
89.33270021881111,223.28233128560075,Val
234.05350148975182,193.12684510648626,Val
161.85487083055895,221.18353446306935,Val
198.2368082412323,186.28675115153203,Val
129.69931372177217,202.07229453865594,Val
127.74238727217823,194.1067597152974,Val
178.36602889245083,200.1654433918437,Val
134.57023858258964,182.37907700014046,Val
97.85501634259487,198.19608261082448,Val
124.22036217246651,200.40804830772257,Val
77.16627607220457,199.07960579255243,Val
177.19275804180884,195.16138981277317,Val
109.29980808127954,200.82967673393662,Val
111.48742619061665,179.09682461559422,Val
89.09716626978356,207.44628610037367,Val
265.0166615023111,207.07869923526655,Val
199.4933705799022,181.85296310247983,Val
263.52729350255714,185.0648065426574,Val
198.11843027027572,217.3728640541408,Val
178.26678088305806,218.8145934054866,Val
144.4723453409041,217.23846238375867,Val
163.23512364381392,200.39588027547924,Val
210.05511579178727,210.87099419467864,Val
102.93232178482447,194.80526701080115,Val
72.8667416229254,207.41221717901865,Val
273.85837530609,208.5506447641581,Val
226.4072228343183,200.947049951756,Val
98.51328420761027,218.3267198431269,Val
129.07166819860498,205.46727371291,Val
342.9444437487877,209.24802238868946,Val
192.85547454397278,183.75570515476392,Val
224.8047605841603,169.53561280604714,Val
232.2923018693502,212.4917187693748,Val
148.81809839954263,198.88747884262142,Val
229.88215017473743,196.51397060308403,Val
209.4844571949346,179.97493992975376,Val
255.6250194601343,203.56701927801365,Val
112.80383697033635,172.3974337866286,Val
134.5209097255409,205.46824763785273,Val
201.77623772574776,209.40996343187058,Val
153.5698209709571,198.55951823909027,Val
133.4016594611689,225.41345309472248,Val
62.527299230248005,195.5972546768287,Val
235.16294254218263,218.04038500237223,Val
162.8360053098056,180.4817803557733,Val
178.0464875331171,184.76277224350954,Val
186.29438921211704,219.66967820965814,Val
194.57971034680526,219.97690940762453,Val
101.40245093718198,215.95573809371567,Val
148.26261098324707,194.95937264062562,Val
251.16019048500056,234.66350264448565,Val
74.09518944244249,187.27206222646808,Val
96.56760785557272,212.82841514171494,Val
129.57744572439142,217.67950712764588,Val
169.6247030488985,211.56952289453181,Val
104.70937982909417,217.054510638204,Val
153.23720554707282,192.34868529696848,Val
213.74788544251103,223.16271350891768,Val
305.8245273051326,207.43009419225382,Val
257.9671311349375,201.54033912105285,Val
245.17569693192578,233.22690565154613,Val
305.9502246960972,223.16257026822686,Val
181.29071442745217,226.93392716860654,Val
172.1971661259903,210.30464131344206,Val
306.6695797917118,235.74692447676105,Val
196.20795542461659,212.22386006928338,Val
92.81229302470466,215.42080358393724,Val
258.982592591976,221.97359100450996,Val
229.21885412643064,216.29055002312487,Val
210.02107762806867,232.18149377250433,Val
342.5123507552627,212.9604293575807,Val
346.78575941767855,234.4093618253275,Val
372.1512370560513,201.16016732160506,Val
334.608783670381,219.26918123933726,Val
335.6583992606678,236.7832556037074,Val
340.3000838269115,244.22277245940876,Val
222.53383736911212,235.40290990920653,Val
216.85965988726971,210.96777971194587,Val
487.7775513813842,251.10316929673445,Val
293.28751185145575,210.27095884069323,Val
203.88954129748427,217.4791551877357,Val
345.5836397194696,232.60341292310184,Val
305.369807117412,219.02246699788404,Val
338.7480434913113,236.06080457412367,Val
237.6080161032019,200.75846922871017,Val
291.19830028966203,232.9137087343394,Val
323.8939651451447,186.2539492420726,Val
335.69501066964995,206.43820245595813,Val
267.101436863178,239.41843134835966,Val
286.1132437257286,235.02477102308782,Val
203.73043125730177,226.54517272996063,Val
226.45299945789753,211.09611103913932,Val
347.28094832751606,243.38388829705866,Val
279.2142778661571,214.23483214351273,Val
141.25298807382083,211.70025814198064,Val
269.39707895050714,222.4321070625532,Val
310.1465504962161,224.00692021353268,Val
298.5014027109477,230.94713947812485,Val
237.34787492054951,199.25984436779186,Val
287.19066790521106,229.77867062560057,Val
340.6115661484006,196.8610537884623,Val
331.11056965011795,209.9532226003327,Val
269.18767841036333,235.87788317385218,Val
315.8428924291366,232.91222191715914,Val
229.5762117064379,224.3040438150962,Val
216.8876362422671,209.3637803875931,Val
375.7771660366242,232.10761923672263,Val
233.7448010895094,199.04496639362458,Val
140.79054140092248,217.93469963210802,Val
289.41438697086335,215.07786524964254,Val
280.6163377993323,225.73251016151866,Val
282.3963938863292,237.77043281938734,Val
137.72218978113915,197.84731861560908,Val
257.29753116274577,217.4616655625783,Val
359.41953423151784,204.99869008268965,Val
290.0881989874553,199.94632418689778,Val
241.803525430558,230.97440288003662,Val
361.56551356082616,220.20048116383236,Val
225.8741633782597,215.7485817293975,Val
205.7294748828586,213.1732504089439,Val
297.6314480746228,236.30308898583314,Val
197.08008295355248,211.2172862625614,Val
156.07537951964753,212.8313020522024,Val
293.6173377729079,214.8382942192225,Val
259.70595771333365,212.91515244909516,Val
204.84123934092474,224.46443394606882,Val
104.6182833395588,214.52303155917224,Val
262.2010841636901,198.58853767315426,Val
230.82497800316372,219.40749285244686,Val
223.9899648579796,195.63168787729916,Val
126.19604472813792,191.34388246741682,Val
192.94321761363852,180.773140098423,Val
193.2314835144815,189.03461519677674,Val
246.06084243066675,179.87919584908246,Val
256.93129436219436,189.62086773265844,Val
169.84283930906423,195.47392538709346,Val
142.29547727127647,202.43488353279773,Val
268.7892082488312,185.03461831708356,Val
153.8240322417281,198.4978077493431,Val
105.39994924996735,186.47594886354196,Val
61.48408015609024,203.06043111118043,Val
272.3953954374339,215.66520549781984,Val
126.35424764518207,172.68716560635804,Val
179.86063677933478,170.299142922271,Val
184.41456283989214,205.640673414761,Val
129.516025826854,203.48186311525743,Val
162.16502574022041,198.83120351727075,Val
177.36156257999156,193.54061247626052,Val
273.10563634616705,209.0759162018458,Val
113.39724703874714,178.69749399664803,Val
121.73639465773188,200.7602858751314,Val
196.62307920312105,209.92574673086978,Val
149.05730067491487,189.4849041699265,Val
126.0390590731132,225.78094458313677,Val
124.60990002009814,185.80516236519122,Val
286.0684175890543,224.72616857878816,Val
244.57064276188294,189.4374945525878,Val
255.6165755385839,186.87947778550483,Val
287.70621591915744,227.8557277845155,Val
242.83956390360316,211.73546873319566,Val
229.51661949192146,208.55946209581407,Val
146.23738268411194,185.40954084409358,Val
280.001853480175,227.04221914018797,Val
137.31003188011042,180.16519601161454,Val
127.66191788391822,207.00188038190626,Val
237.0575114915982,221.08813871970048,Val
192.49681270315077,190.38042261668014,Val
144.4798215185757,223.35410093407415,Val
208.57764241730058,218.51449683443118,Val
355.0456571829949,211.75782193827573,Val
319.5567613940804,185.79155524214696,Val
284.1109550505571,175.87319366581556,Val
196.2082381524252,201.24949723995394,Val
283.3486106996844,196.91799857093488,Val
325.03207269233496,196.5542136825187,Val
307.2586241303768,190.00140856264989,Val
450.5282650138098,212.60155656935572,Val
250.8409953426342,200.25058420194318,Val
219.19681511684976,192.29576528609064,Val
422.09572433645667,185.5133843911865,Val
254.03772300145474,185.41909517410718,Val
219.02281111184413,187.0762700504032,Val
122.70943691795435,190.85665260718162,Val
256.42867566614194,196.47901912087397,Val
260.70511479620126,183.14232949013842,Val
244.03875430813196,172.48135795405042,Val
265.92959420193415,221.1744355145546,Val
179.37763447760784,210.28872218520092,Val
215.38287513515303,198.02638187605723,Val
174.4453161745697,191.17953813810945,Val
256.064957595858,234.2155964208947,Val
159.24179939901757,181.03765767514673,Val
97.47584158404884,201.47334253818215,Val
203.76708415095152,214.91108598825627,Val
187.61552709972577,191.451459856566,Val
147.02117043037134,216.83989899881712,Val
277.3704833534555,217.42771707061803,Val
371.6354768542537,245.47582679090348,Val
241.96179195515452,212.1527532193563,Val
353.8494286561582,227.54987093489373,Val
315.29838695726454,237.72032941737433,Val
315.30866685847354,234.87973199714307,Val
280.3802683597854,228.8766716704121,Val
291.0131914612,213.729880850112,Val
466.2074361627173,251.97615423160437,Val
413.96300246433725,222.8176844030892,Val
190.27989036606004,237.60098873577596,Val
379.6580998678855,247.21989515893077,Val
355.5976309698136,229.03921769316332,Val
398.0984836718445,235.55473443638613,Val
192.8185900488976,191.84415347625043,Val
250.27449112215749,220.9668275853828,Val
304.3160695660904,204.22242713484053,Val
305.9433253806967,191.423758951047,Val
209.656258565976,230.01220330583283,Val
358.45486912192865,226.25661740933575,Val
220.33915704855445,213.4869462830837,Val
211.80912234585327,211.02981459126624,Val
364.36476501382543,244.150104336122,Val
195.00608505247084,209.01636106110098,Val
134.23308246178928,207.487525029702,Val
325.54575724178096,229.09981215123466,Val
243.9441093924458,196.61993941486912,Val
225.42813891378384,223.8011436874701,Val
142.3171609143866,201.05739200834648,Val
342.1270565689049,206.4099602323048,Val
219.99112054875053,170.39425509998316,Val
234.40935285392356,182.55149999433814,Val
262.881753484424,219.44739296638429,Val
193.40832244025165,197.8316915581969,Val
256.98905972140665,193.72864746205477,Val
229.62396532788904,182.73509189449246,Val
226.81303925969877,210.73483308712164,Val
161.0562815168359,186.39328053270094,Val
140.8536920993003,197.3514839367273,Val
218.7052710070921,206.46976912864102,Val
191.61101824021114,189.2596343742633,Val
133.07093379865768,215.94836939457258,Val
291.47867883870083,225.41448402614327,Val
466.4909084888722,243.35162954528928,Val
354.58289675589833,217.20306439903206,Val
424.7546436397794,217.9442763286313,Val
407.50614914051533,237.2355280639307,Val
421.83741325810604,242.9560459532273,Val
299.7484359925516,236.1125047646038,Val
268.73921734385215,224.77575308871053,Val
573.8097573120076,246.43432485858847,Val
486.9600558970177,227.48624782444318,Val
277.69011309888276,228.87723037096154,Val
358.99992891760274,240.16438617099703,Val
321.38950335317764,230.84825407884293,Val
388.85883640560724,236.56544334436148,Val
157.4589177886342,215.15525511599176,Val
308.4940567898329,205.85572549621253,Val
200.60069594021786,169.57514838113292,Val
257.2788352397892,187.62972981670853,Val
223.0284746885469,216.79504569157558,Val
174.84961428649086,213.30888612999024,Val
200.24225403362126,200.22651489825242,Val
190.70639392993806,192.28734803505418,Val
191.74203397544116,210.63985527514646,Val
164.84917417013048,184.91414237982826,Val
103.02781451400628,194.59409095177108,Val
307.2779550070684,207.07399972384388,Val
210.59959564931683,196.64441942089059,Val
127.99273644075166,209.51794613607314,Val
196.46732944585568,227.6375905732704,Val
340.6754166182173,236.2586195603788,Val
222.45936647825795,194.9305669960753,Val
289.8191790259776,223.45389001571945,Val
308.25485426137624,238.78485558853154,Val
295.2663921844538,236.92099598353428,Val
173.85379279521035,240.31248976306867,Val
189.01705609364592,243.25703771426038,Val
424.7561820797604,247.66126744006442,Val
275.5711707535539,225.87389541724875,Val
175.46202211502646,251.23329708662564,Val
250.42873616417785,246.1601123306719,Val
230.97131290100825,238.07988675036214,Val
257.0897523255177,247.92731994794002,Val
130.7948710318254,183.77057200720867,Val
261.13693040349875,203.48124571571037,Val
178.05199859203967,184.47823523501788,Val
235.04007559744826,194.06023401306885,Val
246.6011614197244,233.81831056157264,Val
268.7352560588681,221.69743848621172,Val
140.4423595148795,217.79708003143705,Val
194.2224717877586,199.94057290783246,Val
300.57559287750513,215.10724044698523,Val
165.50172278411944,210.26393130659545,Val
121.50086150760131,201.50798458005553,Val
280.5730090479507,229.25833126218834,Val
285.7181654051678,218.02948122684805,Val
213.93633057925237,226.5334510623413,Val
63.62752674727962,218.7522030322166,Val
291.58254218988714,201.99026343447224,Val
236.09470553480782,197.71840961102157,Val
261.16401678204153,180.91950156063186,Val
198.7904759315884,208.3942614330747,Val
251.97408298344828,190.22255770962806,Val
200.21483793762124,190.57163365489848,Val
232.51274079410734,179.16275390135021,Val
289.3677915529064,196.16887783420586,Val
143.2799902140187,188.97773653446274,Val
154.74933677744394,196.21834490222528,Val
341.2758312431823,194.10843222420547,Val
181.3594736112338,177.5789345484353,Val
137.00026388159836,194.6322497155657,Val
243.1088334500112,219.10516309533165,Val
362.8208648018941,232.11970870352874,Val
230.62396534666578,192.60348192885505,Val
315.5181350843262,219.64336661589502,Val
330.5033740148749,242.06357191246508,Val
317.57968213831253,238.47886830139564,Val
248.74705945463865,233.8518561186596,Val
250.0055059638534,214.10944819500898,Val
492.8550216659569,245.35537993046768,Val
438.29560656094884,221.0672854977274,Val
177.32726064882945,215.98638835562275,Val
283.9499839295988,236.63223901031765,Val
271.66377640325663,229.46484969715817,Val
385.4686380698031,236.77663579280704,Val
98.96355115485454,215.42824306255957,Val
271.50169162713655,210.0975891072089,Val
181.6177114164446,173.89073290563567,Val
193.31161052277886,187.7541972545238,Val
226.08338894613937,205.23797467078674,Val
234.4330466865259,206.8259480916078,Val
155.36058374393866,212.7260165360825,Val
174.36600011837746,198.80559977183322,Val
182.94929580984268,224.2880676711184,Val
135.61047081833374,189.881292692351,Val
67.34952514385103,203.6540338970794,Val
254.66645878639454,211.26934802353563,Val
228.5612717459643,204.91597069224213,Val
129.03396402256007,218.3653522884719,Val
61.93943683864465,213.17236025160693,Val
262.45968441798885,199.68136474127675,Val
144.54597299509604,171.00961701251313,Val
212.19830256996616,181.84178642187118,Val
188.91667314259894,209.90642386566685,Val
179.70108471299457,183.44792971401284,Val
202.05153728115295,185.88459332024746,Val
154.4680308470744,191.50701761354807,Val
148.9505654107584,202.36388756435318,Val
150.49914097220545,182.1508987385465,Val
99.61375753141516,192.3535526378981,Val
213.29441508838792,206.5196427835335,Val
201.04111364312334,188.22115200152174,Val
125.85385319562161,208.8442963919436,Val
97.59578545333426,217.44270217731292,Val
241.9005671550047,195.89739011772878,Val
197.27635465856554,173.18477950242948,Val
261.2231479640165,179.6815025349882,Val
153.74094707135788,192.58641112964494,Val
210.8297519805896,193.91364581904628,Val
201.48956269171143,186.24934087569363,Val
174.72037920472368,189.1415760528888,Val
144.52220151962615,192.24798870092243,Val
145.89502963641897,173.01104245827062,Val
98.338863555102,190.84438838025025,Val
313.35370327567534,201.41453153965716,Val
167.93954879813901,177.59227552894873,Val
113.59640012249291,180.77379657956948,Val
132.54672258871324,208.20759920372333,Val
356.63494110069354,205.61548419235461,Val
234.26404063196105,173.16319287315946,Val
241.4340211825153,178.72071746579672,Val
248.64488275235664,217.9951365106436,Val
178.89662534148482,196.37579539975036,Val
235.1892489499,184.40625349449132,Val
197.02275357760215,175.95769689774912,Val
207.89713922459123,192.1053410961676,Val
211.8124058908674,189.73655435991762,Val
128.26855357643046,192.8983763031348,Val
195.2655822812805,196.585407854372,Val
192.3034920054174,187.98217728780548,Val
171.88228274884148,217.01295312262988,Val
272.0156146239799,225.1901004572886,Val
394.82493806912316,236.58013744684638,Val
325.2249842526967,191.38319167322382,Val
385.21575317470047,210.62391324610053,Val
368.2972448351346,236.8900216068558,Val
421.46945923399915,243.91151463333657,Val
226.2323963712937,227.92557757913045,Val
220.0860562470186,214.24368651667916,Val
490.5304388611738,246.3362117948713,Val
302.5655442137594,238.66172626047336,Val
251.1913723047751,244.01803252885807,Val
266.40792313422105,235.25769743022667,Val
271.21519670209744,241.39769420067088,Val
286.6131930084039,252.57184277990473,Val
191.3219138232917,199.78235698047598,Val
307.3315612227377,222.88614479683523,Val
342.8990864666463,207.34508839789294,Val
294.5244895550174,196.6622506184952,Val
284.707770487851,238.70519020656832,Val
376.44892926514734,232.6728490698711,Val
244.2479658869063,218.57598933307966,Val
220.60488035312767,204.33554331597654,Val
393.0196726638118,245.76600891156866,Val
236.49234281895838,210.25260422918458,Val
143.0228908185677,208.81336710879208,Val
347.11131666263947,232.37507572122234,Val
267.75762035117395,216.04835971063366,Val
258.46180188417094,242.67042941345844,Val
311.54263938276364,213.16127946902867,Val
455.1064892328783,231.6156518020872,Val
364.2487502761905,182.61254464545138,Val
402.96942251270025,199.59210633054732,Val
354.2685059424075,242.23202238446257,Val
403.6460005653123,241.30959760079784,Val
267.6019063814145,226.79094106911583,Val
268.1362233907143,207.0851833130902,Val
496.2489515932116,241.70089946186224,Val
479.4400909889064,228.59351853904906,Val
245.70964157779872,219.9141834656313,Val
341.0576033598886,233.5441094553267,Val
366.48397633517607,219.82820238151763,Val
451.4887605036609,230.1473667856875,Val
150.6503516374701,183.79170867228822,Val
249.61943934888671,218.57496928672364,Val
152.66441345886815,190.44047220115067,Val
262.2852739674144,193.91032009550185,Val
210.9820208745255,240.07760506920968,Val
240.25465418020138,219.19067892551075,Val
143.6031738844421,227.79081728534675,Val
201.02757998724763,209.7253710691492,Val
332.02787248861796,218.8519247391056,Val
204.10405138855316,218.8692733343276,Val
104.25611668705315,219.06691596796716,Val
277.48406838411796,231.1427684234864,Val
300.28790647974756,215.52822092022603,Val
186.66763097394204,234.96509353077633,Val
162.0536372162076,224.50916488249416,Val
264.14954514067597,197.46071716483672,Val
222.81881498872457,224.40657947910051,Val
227.0614467603533,212.4812163370982,Val
150.87744045556224,190.36588523649343,Val
211.2667960743515,202.38708956090412,Val
240.2295136167208,195.41942008702705,Val
209.7655930826703,168.50203464115833,Val
189.87503447220013,188.75894738604813,Val
201.55783778531008,206.07012967267917,Val
132.81400302200018,201.07880619704065,Val
183.14353018227058,177.809949869844,Val
188.046419266121,181.12843825239202,Val
126.52267027355185,179.6804350869359,Val
279.2998906558371,237.38464189834423,Val
426.9359233542993,242.47139899432293,Val
347.17476308980326,197.6460182384496,Val
400.5164098623494,229.67232485757933,Val
355.96086367193743,232.33094347387885,Val
346.5081245185674,249.5298901614443,Val
281.15819240223937,251.91386324260023,Val
240.41106732295316,244.0608812513223,Val
444.76674928070906,248.64047747216236,Val
344.72523827550685,235.1609597343204,Val
199.28653430734653,244.4609943177015,Val
298.9506373762283,245.69071315252515,Val
300.71754748215193,234.17343502201905,Val
358.5872646251174,252.25921441454017,Val
129.38180700363995,218.09289171070972,Val
272.7499087333356,198.50257781656512,Val
234.15579144392956,226.18058099432216,Val
223.59945513542158,205.07344084654994,Val
139.58089980781182,189.9628848041255,Val
209.60012546110022,191.0494427216583,Val
223.65713209528695,204.30682479655778,Val
290.25191971037174,187.62443116651679,Val
318.3844883063548,195.48765211104381,Val
185.55483788323602,206.63714246449206,Val
168.26296844101546,201.3129907229363,Val
361.008879979693,174.36576885917543,Val
168.79257249926889,182.6095972034207,Val
148.1140459997428,187.04075893475743,Val
158.7794622822094,203.93695694119413,Val
340.4076715913212,211.99599114075647,Val
280.5692156710078,191.07190240772766,Val
294.2640945212693,175.20544558222278,Val
248.49230814210568,214.70279716560947,Val
279.7538565335169,197.1752646091508,Val
248.048739695503,194.19691950744198,Val
275.8769576280639,178.36792085953732,Val
317.7385103311997,198.45259222006004,Val
219.63339780491032,190.02694338735486,Val
156.56162004919585,181.01700751427185,Val
310.52317706405626,198.6462439583217,Val
212.51806884949147,172.23147433296663,Val
177.54629540550155,200.4646526286578,Val
115.60086231157796,219.34625788075408,Val
336.2909781275566,197.49133249484123,Val
245.53147955479366,204.218693388125,Val
312.32236659328896,186.51274563096518,Val
165.66363924304267,195.84347186690036,Val
257.0552975040548,194.21201434192957,Val
211.9973413763252,195.02698018095967,Val
278.9897708598538,178.4060350293084,Val
353.03258595464087,195.74229607967095,Val
161.1257866606864,201.61402699302323,Val
130.2693729779902,203.17024525152894,Val
389.9633449065524,186.27802272810368,Val
138.70770244637282,193.12110264516718,Val
150.00244559745164,192.33800175842381,Val
65.75277496078509,214.00773252946283,Val
252.60484307597778,202.120385479037,Val
159.53458099018758,172.23844990780796,Val
168.04198870341435,176.91509856636242,Val
145.12706621565826,198.76476242024395,Val
153.78981352691932,191.78470226236914,Val
169.53023063719743,187.03762840848117,Val
129.34831754649258,184.84779667472174,Val
127.74407425480477,199.67804338457643,Val
94.71750076213411,191.7955700007276,Val
58.26859706848039,191.8228516095841,Val
315.8973631738439,207.57586626972991,Val
167.60379907822448,184.51987620531546,Val
85.8879047816222,201.3708082388285,Val
297.23054547785284,223.12288231090182,Val
432.28560916079033,192.4316087891177,Val
511.38352347233763,227.140502649409,Val
331.5242884124948,218.87998991024554,Val
344.20790398126184,188.92564733953617,Val
426.9343701786388,177.34750820897926,Val
422.2036870046255,199.20998882692285,Val
354.5158544592222,184.28211394115397,Val
489.87087254242886,185.44049716749066,Val
348.76874125424536,209.9110772611089,Val
330.2094605946717,193.35397990088694,Val
511.1930305637079,166.13220304750905,Val
335.2194511613541,177.06344028070592,Val
313.28872238761005,190.3234580115034,Val
76.8453293136234,215.1847373984586,Val
283.90759109360783,203.23998866474824,Val
197.03038516740554,174.6650373814536,Val
243.21371153501653,187.98886475470817,Val
187.95757019644094,189.58729418550715,Val
220.26196115167883,194.7956351131445,Val
193.12688440072995,201.59182952995474,Val
176.55233994359446,180.71843456840833,Val
265.0383277802724,207.59856094784516,Val
182.08484791076364,195.33734942800257,Val
130.69190033506823,197.07694375048695,Val
278.8594850531863,206.15125726432603,Val
136.58760206511755,198.2895794286473,Val
130.87625137086224,197.07801754327573,Val
248.88175742453416,203.2050483074325,Val
357.99866760704333,242.2811315033428,Val
292.1984207093403,208.46717131804243,Val
362.9810167314253,207.83730299497591,Val
300.84645567329835,242.79309841387155,Val
280.79473753495927,241.56148691821943,Val
232.82586231640806,219.6421274359996,Val
216.43983001764485,216.31697974841077,Val
392.63664063866963,242.2929218109374,Val
316.9162941794824,205.39998092830405,Val
146.77879064008306,222.8962101050621,Val
284.72413002047176,234.95021954226394,Val
268.75231232064834,216.18291886380703,Val
308.863337540613,243.62253337146842,Val
126.13842243700037,216.15430823161827,Val
266.3646818303221,187.86535599480715,Val
196.63855016746584,206.90657915093945,Val
273.9600274484311,187.59075705820712,Val
134.32911367321822,191.3937944892098,Val
204.7458088418271,180.36176044844518,Val
205.21011295425774,184.76041421169379,Val
184.72202601051015,180.53860933625612,Val
174.7815480105843,186.1277718266834,Val
227.8886789544801,190.83267813986643,Val
120.04341884219778,194.8452205502567,Val
278.2457676737372,176.2815779412601,Val
124.99572544909839,197.4106531517614,Val
153.79329216828123,177.39724576821624,Val
132.1684316685679,212.94429763116273,Val
297.2501914300966,205.58136024904175,Val
182.39282992502007,175.29352943490977,Val
274.09634715333857,186.8432923274654,Val
246.86074311505183,207.6441096580629,Val
240.68601781016002,202.09742138059633,Val
210.07217123866315,192.0246490447397,Val
225.01920340056114,193.28398907269923,Val
261.02711429585395,198.1757162147052,Val
160.59590392454172,192.6700966813036,Val
123.22557228662421,209.00931227080738,Val
257.4161193821018,200.53330620399964,Val
157.1675452109741,186.45715712686155,Val
119.97984977324141,218.5416640903218,Val
45.55994495325899,200.83820949712566,Val
273.8482262048577,213.24374615812638,Val
106.67972980094481,179.2039915474145,Val
223.05445574152031,177.42093454092566,Val
188.97240402658414,207.45000830543637,Val
165.4335746561364,211.19000270691197,Val
155.93796763017707,198.76815512984328,Val
205.9855829487061,191.69349153949167,Val
207.07642061172353,202.7380150066284,Val
89.2104806192294,172.22630754201197,Val
100.8877629712237,204.08624521670805,Val
263.1082676677063,217.70063230208603,Val
176.87199470867736,204.43659580615213,Val
94.17894409413684,216.50800885980146,Val
78.02024447065698,213.8865542204489,Val
271.27947696874276,201.7629062622728,Val
146.10006161444113,179.86705000515315,Val
213.4819984077521,182.2208521394619,Val
179.4252873486758,216.9235004320225,Val
162.92992843721208,208.57951493820227,Val
160.49592167336112,203.68711143062197,Val
137.12326705712263,181.3057136262431,Val
159.31196458849686,207.3184064391701,Val
118.5620142674837,187.3124922359367,Val
60.373416094083254,197.85958356193726,Val
201.7461700682954,190.5100922619449,Val
161.1802761901202,195.6493072480251,Val
103.17573445955766,213.26553374464726,Val
87.09634535080146,209.4322780438545,Val
259.58768574722126,208.76441172231551,Val
127.63621130174695,174.85870961816124,Val
191.74192201437864,182.4001720581945,Val
178.90481788511647,208.26511430259012,Val
145.12489891396035,195.06670139310376,Val
174.40216510091017,194.38933920213896,Val
172.23661644596615,181.29095426146864,Val
229.62825294912818,183.52723310363828,Val
105.07707461039617,182.1699920196911,Val
103.0830814297702,204.7139361659681,Val
195.6462734072503,211.163664697173,Val
130.76665054283643,188.81344956315337,Val
90.44421283652862,208.04536383342338,Val
15.964792867662908,186.25930192087776,Val
202.81614688327218,210.13962344259676,Val
123.71953042509836,182.01045874511104,Val
142.67494349314103,174.97646662657715,Val
168.6823860874006,214.457435121221,Val
110.74185820787667,207.57478222621313,Val
108.85335985456955,219.9658142766399,Val
128.01689102747912,186.88910279696128,Val
262.7324517266053,229.89669107446434,Val
79.00004195194826,192.60265321090148,Val
77.31966170350793,203.55926194027236,Val
142.1913109812842,223.9875616504466,Val
137.11498978527726,198.16388163547,Val
104.09069811548694,225.36746018762616,Val
119.87913323661974,192.4610777402027,Val
264.0715418540277,217.76149571444748,Val
191.31210732775997,184.5272195040606,Val
255.10082965781652,193.70286740954558,Val
231.43770884419737,234.60221563010242,Val
267.32274488690246,213.24264679810364,Val
131.75593778593202,229.70946910181064,Val
223.73728754128592,203.81939493260538,Val
242.26679415296405,220.66978888920556,Val
159.34445762096664,206.59964718210188,Val
97.47027794529343,207.51636078612222,Val
231.6442551259446,226.5220761907692,Val
271.3663891629201,213.78831293954994,Val
234.1366800562198,225.9427262301421,Val
191.04748892127614,201.96678428991143,Val
297.0476211162244,229.17815218505703,Val
203.63483975518008,191.33495124935004,Val
232.80914483814308,218.2279652312573,Val
244.57053636511358,235.380374386436,Val
277.41901433609155,237.9125980637001,Val
163.3545787510769,234.38277937242037,Val
206.87722961006972,213.05116091741596,Val
274.98696691307,229.68551862034025,Val
213.68379066007765,222.04378027914962,Val
169.9677008510927,220.98440633521122,Val
273.33869748611517,235.08507522234507,Val
366.2967805651452,220.3834749479127,Val
322.84195008818267,233.79110489641414,Val
272.15047729976527,207.44302723491032,Val
336.2341828517849,229.4995320538661,Val
389.9157075399378,213.3533652112922,Val
328.19505136422373,198.14289102015366,Val
298.0722143246427,237.91899787072904,Val
278.5471964211948,232.27077231041704,Val
241.61999765388023,223.37692808253888,Val
208.29061802269854,220.00026759108357,Val
409.5590575276501,234.70640892894096,Val
383.4253161687348,218.559585856194,Val
182.38939394595255,204.62087040251131,Val
292.9512908593035,235.35503958745198,Val
344.11100690878754,214.07644185388742,Val
297.3685420944046,241.7752400451965,Val
60.87591542518105,213.92014433590253,Val
268.38197587351794,201.88862204071378,Val
167.95794176692368,171.6822686374459,Val
197.10381310539827,188.73807159393704,Val
152.81958988894166,211.61351098819728,Val
185.60527211755394,185.54891010661848,Val
169.46085979123504,198.95913452110722,Val
167.38635290998488,187.2433072823184,Val
217.88175147380366,202.13843898079188,Val
131.94705548269127,175.56776930082268,Val
105.58226493664785,193.9943306334533,Val
257.78737983567305,203.1352478575854,Val
154.5624001797672,179.9052909631212,Val
110.90732596893028,190.5566738347148,Val
105.45908983054123,204.31491904753491,Val
278.009072394062,211.43579400998743,Val
212.62813237717407,179.8558844624903,Val
227.81626977987742,182.94019186460747,Val
204.5734846021722,215.01098514053393,Val
191.89977684405812,220.66647997130366,Val
189.7951465055354,209.42074685812045,Val
250.75959358660413,201.0250182946843,Val
241.79311808726396,226.61966289270583,Val
124.3957200075152,194.00699739708423,Val
119.06739934735772,197.96810676835202,Val
323.80815610679156,221.80890757344724,Val
220.61799028581666,200.3650970021248,Val
148.99690188443307,218.3103614400433,Val
272.5056753381941,252.5035273848129,Val
367.3432977925725,247.4132216591885,Val
350.26825030555904,215.8475470178847,Val
382.2805328771535,232.81299099515292,Val
344.3801455073561,230.17175198789954,Val
345.0670881961667,258.56518458607434,Val
296.84136094358547,247.77845358551724,Val
245.20296374961222,248.2764151418631,Val
501.651896614247,243.24172715736208,Val
338.18815953749,229.65356437947995,Val
286.81175251934087,232.50126249077664,Val
274.0226755597999,241.12281800951015,Val
313.82092865886705,236.87269740022637,Val
220.7065118165421,249.46552363226908,Val
73.55921749278524,210.6287593820308,Val
270.74290019957067,212.11746608747026,Val
170.47755521569957,174.8662736093333,Val
217.26318254117206,182.33346880525565,Val
190.59978217598814,214.07301643876932,Val
135.9873541201477,208.5999637435933,Val
133.92589837365094,219.96739657115015,Val
201.9154149364976,196.17422848776627,Val
192.95590380868782,207.43859866675302,Val
61.547364990221524,188.19261958045954,Val
80.68979848109886,204.17602326866304,Val
295.8832042813197,219.132455499716,Val
185.62758239088402,198.74677471135638,Val
78.922932809792,218.92651250893178,Val
71.90753015582946,212.32804460281727,Val
234.1566789342961,198.79996093823627,Val
189.9840980044605,173.26774886791395,Val
240.3897873663227,180.10060852781777,Val
189.37374701988256,192.41489532479574,Val
166.43597696514004,183.9541201825461,Val
185.57647720209536,192.34558019244034,Val
159.29524773074843,191.36128688695408,Val
112.0922885510992,197.84054878492316,Val
113.96759966314772,165.01069948276648,Val
98.42118106689378,182.8989668783886,Val
205.45303276233767,204.48510001989723,Val
162.0631547494794,182.37569785176188,Val
94.25154702831875,183.51974029799928,Val
276.091575994595,206.89664846286897,Val
387.8068811459237,236.10381886499655,Val
314.0905718686355,192.93273037161103,Val
355.94264816273034,208.50660384891236,Val
327.86311002820855,235.43826914872054,Val
345.3519574650698,237.81868099526864,Val
187.90919047331423,232.8821277295362,Val
230.03480905294194,215.7560752998391,Val
492.7288132039527,236.9236164427345,Val
303.9912029263468,229.6623747705194,Val
136.32197822012392,226.88175363190805,Val
322.22113908528434,231.31880205359113,Val
389.18868552182784,226.1161622827838,Val
344.2246175297545,241.71048411346175,Val
127.17341911088991,213.4333232957302,Val
282.0697773422065,215.69160772796877,Val
185.016925035499,197.15575900909215,Val
242.01486219076747,188.02208880599912,Val
201.06358880801173,228.1103933093989,Val
321.16310488723184,221.59759154367387,Val
115.81341042842786,223.22751302765684,Val
197.5145054315998,204.26106210523068,Val
296.76638989674757,244.4138174804334,Val
154.56906382387126,211.30816118245616,Val
120.92252721297068,209.32496540560246,Val
206.32678006404612,224.29886475224149,Val
284.7818223770973,216.16397604330047,Val
240.78765415212447,221.5181377599633,Val
42.46410023519951,206.01263309555537,Val
222.17616410872148,205.34950463958788,Val
153.445286123833,185.8344674526275,Val
224.77146628053407,192.69626083291297,Val
187.6547045788245,216.82400021415324,Val
189.09500101870447,214.85587318309197,Val
124.09235560017379,214.6407856129128,Val
160.64676832323286,189.20764372755892,Val
169.2582391878811,205.804024925596,Val
69.42676819411886,201.52749911916172,Val
46.65235534194619,218.28835795342167,Val
244.43500063136287,220.82356687953384,Val
165.7747040623691,204.42773846978238,Val
122.17146563496487,227.4878146195764,Val
56.45961343512096,183.11481072586423,Val
239.2452502747003,216.28674277511124,Val
205.06398875785456,188.76941725718774,Val
212.91582888458365,175.62219147113763,Val
192.80077065488757,218.3034015687939,Val
218.2188140687664,220.70089657121474,Val
124.66995912622005,218.03070551056882,Val
125.65420582724843,195.6193209641748,Val
284.1715541718518,222.47548926638564,Val
162.72200416002997,185.72135835956783,Val
135.80555579178292,202.85935819283532,Val
168.42220906711088,219.69683393640668,Val
173.0719639860136,196.69034426943023,Val
118.25482054849113,223.5034633681098,Val
122.3124189393926,220.0251838907856,Val
273.2492771970354,187.82412980512495,Val
235.2375254442581,219.55296522932636,Val
225.27716368106098,192.84317764004558,Val
159.3681919074437,191.890481314595,Val
167.01061012340656,191.312393559078,Val
192.20441832894937,189.73799546215145,Val
213.9496165240722,169.31641839785036,Val
218.24620470877502,193.1858850709739,Val
201.59418288305795,201.30073334113663,Val
118.49355104692086,198.9749618945469,Val
283.9443092003638,171.4825876716903,Val
151.94645734338667,194.09916677823045,Val
124.99999547598969,172.7597485375403,Val
60.71264669142151,215.44786673946012,Val
251.2466884669588,204.79429171912273,Val
144.3675134430469,164.21644998186426,Val
184.57512161968572,169.76624691697893,Val
154.86951299687522,208.7082526363065,Val
125.25068757461541,191.43864843229073,Val
165.71864535290632,188.9388260120725,Val
136.273386331748,186.4803592491084,Val
148.9149105111403,206.8762724548757,Val
102.14321789108338,187.35963432416514,Val
58.95830847157707,192.78063472493744,Val
323.86018225262154,212.10801891335055,Val
151.34883923421674,188.3646895747817,Val
101.42427941636262,198.20851807287988,Val
351.98426622589136,226.70271463691662,Val
452.8145095180497,238.88014345574652,Val
420.7075538361559,206.32536866154734,Val
483.1633991802099,215.16261056581934,Val
433.68204555021197,234.5473788155062,Val
492.76349294616205,254.57514639967604,Val
352.40774136806,236.686563190363,Val
296.11479081590574,222.468307496526,Val
575.8846412896995,250.6000564325325,Val
502.2172927894411,246.7729295980785,Val
309.61274531513055,233.62242437022667,Val
369.07099886676804,243.06909683943658,Val
404.0920534443534,237.11350260287907,Val
523.1759090478868,241.6684581496233,Val
48.281400595772126,195.26661059036482,Val
300.7774562482326,209.43691344449354,Val
161.30340318997872,171.09975411549834,Val
200.35924142101055,165.81684124943683,Val
221.94497094132794,221.45226233873277,Val
135.060591750931,217.6803332875131,Val
156.7061038498196,201.0601839662172,Val
150.38150723799393,179.49252876203167,Val
305.0868019154539,197.1328457216033,Val
113.32198788219955,177.93454877962762,Val
100.08706513823077,203.54201447872782,Val
177.88203368354766,219.27996197643793,Val
147.20689351815003,195.19298542772782,Val
127.06164464203816,224.48858016351724,Val
128.76805950236377,252.33153829359233,Val
305.069893544776,248.59745012938518,Val
292.48085577111607,226.61244395082122,Val
266.00094618138394,232.03084384009867,Val
292.1301647755797,228.07792877046262,Val
258.86851155370334,247.54929342065967,Val
271.2159865157548,245.67178595379485,Val
203.17258966173432,237.96769075071225,Val
401.23832099164144,249.81935566918648,Val
287.91318050547653,242.58214870787253,Val
157.19716820323944,252.95456898957937,Val
254.09028408493026,246.35437895477023,Val
253.09252815054893,236.3673271165266,Val
161.2039004000954,257.14588268178665,Val
62.67257503423279,213.86629585958642,Val
228.41114254427995,196.18227021447225,Val
107.23467672337239,166.57751032502028,Val
199.64317757151008,176.94453034998122,Val
131.1366450886929,203.8294015334151,Val
164.21507927492092,186.4655186181906,Val
148.37848013019405,186.92658148560992,Val
132.62684765451235,180.5831405248853,Val
211.46018184787602,196.95971186492065,Val
108.37848271028466,187.70517522671835,Val
75.38175024173867,194.2947037742167,Val
262.9699844422378,210.13437957610614,Val
121.64318531178202,173.5345186281719,Val
109.90135285037155,193.35479702323607,Val
341.7397924765568,221.6957984133866,Val
453.1985736896636,237.47925426971483,Val
372.2284771243869,204.2668391847226,Val
434.82950278072724,211.85936063845122,Val
361.00165065868384,248.32436771063607,Val
385.24492075825736,246.36700399018363,Val
280.0593130794474,243.4713946941103,Val
269.44482762225397,226.35937381720566,Val
538.9014643866773,245.45667668523808,Val
440.9292233727173,238.82632959244933,Val
255.52810458037376,227.97118889821775,Val
360.698108009647,237.13789394321253,Val
402.93923366053673,241.8661736567513,Val
357.75148153304326,232.30891022251149,Val
68.66962743408654,207.90458140911733,Val
227.52626702953742,194.11535972313212,Val
158.9710397734221,178.96094180119601,Val
216.50394566574033,179.958935803797,Val
155.12498470649217,205.58858522572092,Val
177.8341568956779,187.50574464088524,Val
193.6314622332971,197.73324293712568,Val
174.51690071935002,189.28695698552292,Val
102.99047235383658,207.97653870434175,Val
119.05217713675674,176.85456374660149,Val
96.70201506811058,190.40783809753782,Val
252.9399861478982,207.00273920993834,Val
174.76609037611934,194.4937758736127,Val
86.18032775277422,196.33385453467156,Val
240.61932285424302,204.47334550953897,Val
370.43954851469425,237.99105648596822,Val
230.83089646315545,204.4121851059464,Val
269.79336669962663,214.3281231615825,Val
259.82695922410767,240.35587908444867,Val
291.9316740365987,246.7083156098686,Val
222.6075111370996,245.97039493159585,Val
223.35447052561048,221.3304438119621,Val
402.6725522021313,243.4196860211767,Val
284.5617561666621,228.4911553490731,Val
173.52208241920283,227.82168958113868,Val
251.55353095975352,228.41636685265235,Val
333.15610178831406,231.65065962274386,Val
351.8297949048847,243.9195465809033,Val
282.5691658851731,222.22077077784212,Val
412.54283552461254,241.13431291148007,Val
276.60417169956816,195.80990385352018,Val
385.7531744100402,225.51219381355457,Val
382.9898436560284,237.2130506270118,Val
366.3141794375331,234.03706717295054,Val
279.726181754554,246.0786337602313,Val
238.7258506070911,231.20600312195506,Val
523.3131859951445,246.54350681575167,Val
349.4881879187143,221.6577832345397,Val
200.25085637780035,241.0969569090942,Val
271.60119137240275,243.84693753793476,Val
241.53919290252142,239.1163140563886,Val
334.0648609681564,259.5650113520973,Val
31.150168562721504,198.0642175652054,Val
207.76392927238658,212.09036762408263,Val
107.9349238386159,186.9459779123194,Val
176.16315226140952,172.74961933293088,Val
156.94861454076732,220.98472651266775,Val
186.7913106766895,199.62396466990154,Val
94.19124066917587,212.5728907883421,Val
148.64840451822653,189.38967131232928,Val
189.16280222384154,214.27561838571194,Val
51.234433786020745,199.01259941243077,Val
67.36329920476423,201.80368609870203,Val
157.0493984800719,213.80537837687697,Val
148.79273161194396,201.45687873217423,Val
70.59329860038018,229.31782576665765,Val
139.2131936333002,208.83889988967658,Val
307.6129380134319,195.97503478424827,Val
245.07766607064735,196.89620138758815,Val
277.1073778049466,180.22502893609277,Val
207.70207321632944,208.3435467175778,Val
253.86175230479608,201.62427746341848,Val
170.58641507034633,221.99397594898875,Val
192.37606151298039,185.54336839578372,Val
245.73069163269815,214.55582448595533,Val
152.1503054294997,191.94008911067635,Val
90.13490290338495,200.39370698734638,Val
294.1844840543539,206.25676679255716,Val
284.79904888240657,202.06723965626492,Val
173.97859738754295,218.42306663210863,Val
110.00829381571525,209.5531497570958,Val
247.59941772759151,208.3576756837383,Val
178.7630551391142,177.78136484219021,Val
214.9992060502835,190.81631812048417,Val
205.80787046109924,228.49792736773492,Val
273.6890483715615,219.90619668549718,Val
142.14273978167034,222.85886579439205,Val
196.1689446914257,207.13804158694816,Val
253.7676631008277,223.31216597145655,Val
97.938895009876,212.54575082446195,Val
61.182640418571054,209.77928137487848,Val
300.99889932691246,222.54026673108092,Val
176.88767173490055,216.45671239763027,Val
178.848957642535,217.51831501848,Val
130.00969122259966,188.87200404308112,Val
288.0043270301156,223.46019063005497,Val
316.5442283730325,191.427616250392,Val
257.6293952513505,185.1735633203493,Val
223.25982766506945,225.1533224026295,Val
293.9355256141895,226.76180979841163,Val
161.65648909871055,223.14864021443609,Val
235.92271811863262,216.18108044931498,Val
352.2342126739558,234.6538121609842,Val
195.59097276467998,193.80375899980646,Val
150.99299839080513,209.24666311027727,Val
249.94028955233142,233.9196675069326,Val
264.93284624925866,206.1835355448687,Val
153.97066848158698,218.19853626591137,Val
33.91942594723437,212.3682391711487,Val
220.8909733692928,195.34257189058786,Val
127.94148140629761,181.21949978133875,Val
164.57095005824903,186.9861905078473,Val
124.27937932514683,201.50526138292582,Val
154.06676920699104,194.18823704788747,Val
159.43311970378184,184.43975527696747,Val
133.37843081551904,193.11918828465937,Val
131.90270254220283,189.52486086237636,Val
113.00593488383292,173.63882175091953,Val
73.1881278404096,187.33122553135954,Val
313.4492814119327,200.53580194038153,Val
126.78939559840227,183.95508249603535,Val
83.70847039981834,182.54288670237526,Val
166.32673099226093,220.654814503751,Val
299.50359617083456,189.00473490631376,Val
257.7365219584618,224.2072466150823,Val
244.0255083551428,210.818097468164,Val
167.3705553608776,193.50711236125937,Val
188.77166297566612,187.2288766171315,Val
227.72883119950836,184.34250781706834,Val
249.24206003240442,182.94421781966523,Val
242.81134947435413,188.71815921472634,Val
201.43669952535765,206.90996462907123,Val
121.6181101854149,196.75657340088185,Val
262.35558145452586,170.90281118667565,Val
168.64911333269066,181.93665411877393,Val
151.99870581990916,168.76489421953872,Val
50.84498358039315,213.15405522238504,Val
258.6769302313942,210.555717492665,Val
134.08117946548037,164.9452417101893,Val
223.0577312826519,180.04415860465951,Val
189.60658568290853,212.86764321579884,Val
138.7277426662505,197.2280004796205,Val
126.42120223267762,207.60285906629397,Val
173.68696438218996,186.3848252403669,Val
196.5250291147876,208.23244089655827,Val
72.43539643047035,177.7236002448945,Val
84.9180663292384,192.1025773949756,Val
251.47303881109167,214.08475136446575,Val
141.6003138760301,182.48813787218927,Val
98.29989152405388,220.15338084639842,Val
229.2374174204063,233.32494933508568,Val
351.9726795628386,236.76798325760402,Val
317.2876906703664,211.73911050623073,Val
345.6824507429897,219.99349849741688,Val
293.6569597807087,234.27239942125783,Val
357.2112177835232,247.4895174902649,Val
280.84522475143325,252.4566850900771,Val
239.55898068443895,234.06126467861372,Val
453.8524855825402,246.10485134837995,Val
297.225739445737,232.7691125905596,Val
235.17874227402942,253.18016117579475,Val
239.71149406741742,241.59827177390508,Val
258.3239948259009,232.8973995606282,Val
277.01624454948,255.79724600824503,Val
148.28103099066544,192.3353780416134,Val
351.39844424450916,209.32680933044628,Val
260.549987826703,172.1099482425496,Val
267.73566173724697,169.9828931253678,Val
274.95546597614106,218.11791194350494,Val
187.7094005433853,201.71924778873097,Val
268.4974654389797,187.3982327632888,Val
205.81966066292412,182.3011316193589,Val
237.6759862152187,224.42979252518631,Val
189.0664420958634,179.1660435011119,Val
189.4910283048582,215.4555861380272,Val
203.9497448422032,214.85027040171286,Val
183.44259170789826,191.96976696384036,Val
166.46956890194346,229.83235529651537,Val
275.4157550861493,219.18989834189838,Val
328.0979884353975,248.5407933776653,Val
258.3528450051472,224.28710340843136,Val
335.6803247953982,213.6027680481531,Val
294.0804278061507,244.4482548758208,Val
291.0531540374045,238.5230203226833,Val
235.59850348915984,225.3538470623982,Val
208.21647616141667,221.82502223335217,Val
422.4070720541747,250.87301013384095,Val
339.17029116743436,224.13091194710873,Val
189.50613350119536,227.5222529295829,Val
288.41459905545787,238.17744186852212,Val
285.8956878302216,227.31362700395354,Val
328.9493998254868,231.1055852826477,Val
43.53463833372193,219.36841937505167,Val
244.27805079085337,201.85406989836426,Val
144.09188567941675,173.09168115158346,Val
187.47614299941196,173.88997131059799,Val
164.430822750839,208.3030844354724,Val
130.95592493369782,189.38742290808523,Val
174.5514495479885,185.4732203977403,Val
123.71739659371109,182.76099884787357,Val
114.95376607086538,193.82915299562382,Val
92.26055797945152,191.22088217475067,Val
66.13777231946959,192.22441636320258,Val
197.5854090909194,211.0934790502344,Val
154.10346829380103,187.96848933546488,Val
75.69194992811452,198.36832750890247,Val
256.60516246517665,196.78571658055486,Val
369.36960751264775,236.79031291194124,Val
324.7225717199608,204.11928731440864,Val
350.1640550871158,200.2144251648552,Val
270.6940576141129,241.4723752700213,Val
317.3125793009519,247.90097950098988,Val
241.51962014763288,235.2395261283615,Val
239.3151801541559,216.62661742867112,Val
478.6992593205208,238.8017765367313,Val
329.6718576467278,231.7358049038378,Val
201.73297513277674,223.86161558557632,Val
304.8826117786675,229.20646247754974,Val
352.1207675844004,228.59610711507315,Val
402.9474425499753,232.72669050788318,Val
252.3891400169742,203.66626816108644,Val
386.2106229747002,239.24434860523698,Val
324.127553560419,202.0544810140516,Val
314.63993177413096,207.57577802816616,Val
322.7477576158358,240.34314273568552,Val
295.95103108553343,244.55284631153424,Val
237.74975218322422,224.85437946893518,Val
249.6439209089079,218.72325725616645,Val
454.1335372625845,254.49927664298656,Val
333.21860124425405,220.65762585064164,Val
166.89911285391653,230.90725779067293,Val
315.675072091572,236.55365525343387,Val
303.5464789572204,222.55067514396444,Val
340.51333345086175,230.8946472405833,Val
209.02814121585993,214.22109753270507,Val
335.84592626466554,233.8608564777863,Val
228.25377412731282,209.4924085569499,Val
334.25168480380216,233.76402152239905,Val
310.83965829413324,243.41686344720438,Val
287.5176945983062,239.5482228998058,Val
215.285793716321,238.22086426921044,Val
185.1439556481777,227.96506302023192,Val
456.09218039387616,255.50450209591716,Val
314.13046795341654,228.5913109910877,Val
179.2588183267988,220.6322922289901,Val
296.47723151402295,238.5787802249058,Val
235.28570751508883,222.37798253055428,Val
296.68424632999665,237.05758910635424,Val
159.88420903364357,211.36095248473092,Val
272.03714639152054,195.17882293515055,Val
212.74644197998072,185.77937692565717,Val
241.012095799024,178.07444971839118,Val
188.83410784865043,198.39486368652624,Val
220.71247812886003,198.22031979754792,Val
249.1472066396528,195.683477631112,Val
235.63829338102883,185.0320851282844,Val
211.68573835298787,195.32993105709338,Val
142.28954155553015,192.44728956098993,Val
125.44970298865567,190.36894501891965,Val
332.6662226523643,186.4031750667897,Val
172.43910054665616,180.11098569655582,Val
183.76833667153107,176.19075523055156,Val
137.40695210068503,220.14266426363537,Val
372.1540544565611,202.48077916398876,Val
309.46370720436664,200.89996625514175,Val
232.83591034410207,181.54375249312577,Val
215.77066387576727,199.9445133852725,Val
258.26796779936205,186.47237044652064,Val
241.32782211488643,192.91011919045172,Val
294.4502268223406,178.67204214584808,Val
344.13518192172455,210.27211946354308,Val
194.3826874130381,194.70098729193785,Val
188.19274329628124,199.63750851572553,Val
343.06534957145414,188.65239639523503,Val
207.50050623855668,188.04782632087483,Val
180.498213297589,194.52539201221754,Val
264.7217130659841,215.3520669019662,Val
440.46989543373195,229.46436248102506,Val
332.8233662852148,188.63046180516733,Val
375.7821256204321,219.0906022330691,Val
383.8461734393842,240.8431895713824,Val
437.5155097420709,246.1551823470354,Val
305.79013452849216,236.72668863634215,Val
279.1700477986482,222.50227608623626,Val
560.6552495525391,239.497552734058,Val
408.2457397901645,223.90221179978263,Val
276.9415185115246,236.50994885351085,Val
261.2425857166194,237.14078179252846,Val
266.6489414054487,232.5931753098287,Val
310.66058557801296,243.7208796032686,Val
200.10994624576523,220.87422716880621,Val
297.8008656298376,185.86485091099448,Val
283.5315050594518,226.58277557034896,Val
255.30186453460806,199.7831046368167,Val
216.61194405530614,188.595574856778,Val
202.4617436215462,195.16774453021392,Val
296.85126323332804,190.01382019408786,Val
342.280502890652,179.6184388555131,Val
335.24946259351776,189.5637141536968,Val
268.75814234192546,207.16952140022255,Val
177.80654213587508,191.74357644434346,Val
331.8946619753666,170.01244445520516,Val
241.02250186039998,183.80993155358277,Val
181.69006179097545,177.87654777565805,Val
42.69510476847475,212.33420272996872,Val
236.39531903790618,214.79569249645715,Val
115.17137659279281,166.6180780838992,Val
197.0232774331347,184.48806542694817,Val
142.45102155893193,206.95296397719068,Val
182.45460897018427,204.92107491783423,Val
152.53403966689186,193.0891083032427,Val
126.18931364905478,182.42683992199107,Val
169.92043091667284,216.03486916740636,Val
77.22739146974624,187.88459030800314,Val
103.61019530827477,190.61299244925928,Val
245.56884243225863,217.7921195147554,Val
139.10333284169775,177.9089927824168,Val
53.71366653659207,205.0131981423998,Val
191.6019072656952,193.60915078821898,Test
196.47419714601835,197.54665231541347,Test
380.2641342859506,227.0863920753877,Test
340.1217186854916,229.26847201123786,Test
557.9969503446417,225.18134441736083,Test
296.08982926340076,211.23262206541224,Test
132.95035544176892,183.51524490981095,Test
296.77852887974586,228.25294296113603,Test
183.12434957733183,227.33687021051523,Test
195.18781753452677,229.61718521080817,Test
184.56893275133072,220.1364754224982,Test
297.5676952277436,203.48430176935972,Test
273.78410496376546,213.99201721202024,Test
210.66986621463602,217.2722865300624,Test
260.1479134254025,247.47205159646654,Test
210.6035167887128,238.14901330873025,Test
284.3683894454615,244.73782091058592,Test
412.1425313956486,256.1572067485364,Test
150.72057300683943,227.72660080877367,Test
386.60228054815855,240.63968164661966,Test
299.7820382589756,248.1416170103589,Test
209.22106526323105,242.28470256634807,Test
374.9693615609248,251.8754475069107,Test
254.8769271520569,238.17522170239573,Test
345.76986621463607,258.27407557795783,Test
211.69104944894008,212.78357302196747,Test
234.3096327195626,209.45734186223842,Test
268.906442923998,234.92172180963212,Test
377.0814800622463,243.1849359417197,Test
704.0847441343078,253.23196493892044,Test
201.22595307986964,188.13435773922663,Test
288.0138979533699,244.34463625389535,Test
268.6244685018097,241.49504623811944,Test
241.4979467855012,223.102267121963,Test
244.67702632806652,221.84312658133308,Test
180.38433280444488,224.66572479094717,Test
221.16986621463602,224.7666293983279,Test
219.88479222774535,204.29917003763856,Test
300.47131962675746,192.95715264455362,Test
186.83942604116203,210.37820619121553,Test
202.3891114709592,195.19626806989774,Test
217.4832193767312,199.55379576512942,Test
184.4776418527059,211.52454162398794,Test
157.80364334407346,205.88676662567107,Test
177.71122385083328,200.6208960190229,Test
211.65038337298574,202.06698651858088,Test
204.32112191053076,185.92288882479306,Test
264.5734394634683,186.49892643724138,Test
225.80733603179834,194.08441958209718,Test
205.97281161552098,180.29379310947263,Test
181.2698662146361,189.47762004154015,Test
256.3558340272525,182.28720323112168,Test
247.32067390547311,196.02956051140998,Test
387.10811020009277,222.64758539540932,Test
369.4681429111113,222.3379695997121,Test
518.1507720385283,222.27539717348333,Test
214.7059975823445,202.33332059762836,Test
152.13381954255942,178.25831096832465,Test
298.93423791917326,231.72360362873206,Test
220.05725271218554,224.56643433121707,Test
206.70286392159704,226.07188264256388,Test
218.6210715474072,203.46080753269348,Test
260.17527604822396,211.26269282945344,Test
277.5612729232307,217.40220717660367,Test
208.21986621463606,205.64662730099425,Test
92.71217575816803,179.9161693236377,Test
181.68955522193437,186.33971620444612,Test
222.77819158640136,225.35555801422643,Test
194.27808485156845,190.1288600145945,Test
313.53923501743634,204.4688713540539,Test
181.56164208400423,181.3239972580596,Test
154.99530605127288,174.68039076219873,Test
161.04022691924166,196.58755349913756,Test
145.0964046879111,215.03220701877595,Test
113.81383935728077,211.13071478752192,Test
127.39253092735107,183.49321961520553,Test
256.1824793981217,173.97314625202716,Test
197.0836847695926,189.11141370416863,Test
191.94614704176414,203.5347775367968,Test
125.61986621463608,195.16498385114528,Test
222.329584815151,204.41851031983265,Test
174.92002510528576,219.07527173268193,Test
254.99149965187758,224.02948440898356,Test
306.7940084549266,245.52228996979218,Test
492.37755151443275,247.0197542830524,Test
144.8877404028164,193.43048947432732,Test
305.5143862316939,230.94730012133172,Test
320.06078065882025,243.33221842208178,Test
286.6313121117751,214.41134003147866,Test
276.16312922293844,213.5118162203016,Test
269.2759805905587,236.07451954889757,Test
263.16986621463604,241.23070494813638,Test
127.75561236982007,200.1982317911576,Test
123.10436661888991,187.22426353924556,Test
129.73368893782595,215.71471341381076,Test
161.9935793266284,195.08158399011472,Test
260.48403778529735,198.04587586453832,Test
124.20506431383266,193.4885650972659,Test
146.20665891223427,197.09790745273438,Test
127.68882158050215,192.13667626298678,Test
40.65155231863655,212.95556190648327,Test
29.29485112663724,200.33583653914258,Test
112.51871800450435,215.36764452467253,Test
161.17315295223767,178.84995319290235,Test
193.8081559698376,187.10050737864145,Test
185.5737270573037,191.23383948014592,Test
114.7698662146361,179.99815680608907,Test
103.67655942596608,187.9653966971788,Test
157.89704848938553,193.51208509234155,Test
283.5747513978686,228.88699904264016,Test
237.4596681514155,218.2727083451425,Test
425.20179875002617,233.2711920529259,Test
186.00114319370047,196.65902363339887,Test
110.30770148243838,176.85365850105603,Test
210.72147361624016,221.6079269439495,Test
149.49245959510552,232.43147921046395,Test
185.2706594190348,230.57582935549095,Test
93.7060730880276,207.62549336921307,Test
165.6487006020842,195.47697895304944,Test
177.79854196120445,200.70111032499705,Test
165.50559716538845,216.01333172097793,Test
161.31986621463602,209.76759547429643,Test
183.27175319638303,182.28409370498133,Test
142.18010217659963,190.9360785088441,Test
221.8767064018187,209.98143444755186,Test
248.7615658720402,205.69254562264695,Test
449.98468058726405,224.91485482601504,Test
250.84605054749034,174.46472765126651,Test
89.54567575271896,172.5063621118471,Test
192.53355620295008,209.692850531712,Test
127.90969189818377,234.5206247570639,Test
148.0240828384197,214.25756206169817,Test
105.5267290236581,206.60712896271613,Test
255.56763045389891,195.00230432611934,Test
222.24678712914226,217.92353895747434,Test
126.66419904938788,211.43222884623253,Test
146.6198662146361,195.55071660200483,Test
113.33147606497812,196.40307697544424,Test
156.99099175655044,212.60029068692455,Test
256.6879269038112,233.27510388972337,Test
273.12228150676026,238.4238477707956,Test
371.49405556539796,240.1516913824844,Test
133.2032490797239,194.01485656305394,Test
79.04986204973821,179.95584916284895,Test
186.2838944754411,213.90394478573387,Test
147.95534635683225,235.50682270880182,Test
98.11421769391198,225.8696704826096,Test
61.9605084866799,210.14377711308936,Test
190.69421873513647,200.46425844779174,Test
201.86534843928126,211.9542064823013,Test
139.22389759911454,220.7605833268595,Test
122.81986621463604,219.46239834099785,Test
194.38926309688998,208.78627164038997,Test
224.32341053289468,217.19765759245772,Test
278.47351993608265,245.03965899919362,Test
325.33959130645377,242.65683741416396,Test
639.6716246440085,246.71518880991067,Test
143.63357722066743,181.43920972167393,Test
269.86349645977197,235.71103176631613,Test
214.52122083953083,233.40115752773494,Test
162.4490259801853,220.62228362784572,Test
196.05252216304405,209.09500926844015,Test
185.4782132052484,215.1421066148229,Test
188.6198662146361,221.55668152391175,Test
312.71834884116765,211.1780791544184,Test
283.28072316698086,216.92880179317368,Test
285.7851664687511,238.68654504053757,Test
380.4316787464782,244.33607333565774,Test
287.2009102298034,218.07036399283533,Test
228.12362943540137,203.8771423779097,Test
384.3884176169564,238.5047853980003,Test
313.5952747744684,251.2597013647257,Test
444.4942009079373,248.74346888645263,Test
210.43519601736307,228.10114453657752,Test
391.21826010274594,228.0294893797551,Test
299.09339316408574,218.67981289570693,Test
168.21059520138238,242.02776034713293,Test
200.5198662146361,238.54870415414,Test
199.46163559470187,194.8117038933868,Test
209.02724914747864,209.21514795566307,Test
219.74824336927816,231.8968895577006,Test
365.6746182601002,240.78986901141775,Test
703.1563738199447,249.1668052067482,Test
251.14351004881223,233.06877393676712,Test
154.48602694670217,201.36435561083698,Test
271.43392451361467,244.31122759316852,Test
307.2872027495498,249.67201561776443,Test
308.59586165450764,233.69002934352923,Test
223.55990122848812,226.9512443689655,Test
244.32932147149126,224.2320568170372,Test
275.70412238351696,223.08176790813323,Test
173.13430396456522,231.5586528249585,Test
225.71986621463606,238.03077496431538,Test
207.25455523185406,212.71395871024885,Test
265.1908218359068,214.95418465504775,Test
298.0051936984876,236.60429214371007,Test
302.8976708195962,240.58546525273573,Test
696.0182531992327,243.13810832838973,Test
287.36694083739735,209.95807753297441,Test
189.59373373408994,193.93155513048362,Test
341.09863188931035,228.06606592676707,Test
260.74274397533503,238.53289241801568,Test
194.08195790613945,221.92684061595102,Test
371.79927709547167,222.17832844494492,Test
266.4447015433319,221.98556404628417,Test
193.01823124971992,229.1499742815728,Test
169.3698662146361,225.84380378175578,Test
199.02318265568124,208.43720257867975,Test
228.25178765760305,219.96817026482415,Test
297.0770543466903,237.81759270662084,Test
304.6989827229429,235.20866401413866,Test
707.1675727863608,251.0914913590958,Test
235.0328245369442,212.63767586727732,Test
157.74473797469295,185.30731923439765,Test
279.6533130996071,227.13223931291589,Test
236.7585499116865,242.0049407303007,Test
235.56044841093134,233.953216828196,Test
321.50423047091715,214.3379977476885,Test
245.54611403165802,212.79435311799983,Test
135.06986621463602,223.1307746663838,Test
141.016959273549,213.78273475673063,Test
246.6750623124728,192.2787674955099,Test
186.47425836673912,218.9043761351717,Test
182.31454743634765,203.7575134302676,Test
275.84592952129856,199.87987092156425,Test
162.91840462159183,193.90927497329875,Test
169.73197273722752,214.4122289681423,Test
216.8366338682053,207.56031665337915,Test
110.33238801452562,197.88896157812457,Test
158.56923517618816,191.17379144664736,Test
214.89717535319303,177.77258183630497,Test
228.2162085455402,194.98154294591095,Test
231.42633475322998,188.31537677558833,Test
195.8275539762618,188.5360719830851,Test
129.1198662146361,183.5872130967436,Test
162.56835439771618,190.27461854935942,Test
139.64518664872367,181.88877119165772,Test
242.4195558261357,214.56121739689004,Test
193.3414619299524,219.6192875856383,Test
353.26090496017343,222.65008736820423,Test
67.74240179982957,181.45907909866943,Test
122.80445560926432,218.3376846835013,Test
108.2640463451038,229.84263100929593,Test
164.12117400734786,208.08093503832353,Test
89.47583859599635,206.72633814649924,Test
193.37777855250704,208.50724744106446,Test
172.07505392036927,204.99631876081244,Test
98.31986621463604,191.8625080501229,Test
215.50653793787302,184.8006247225814,Test
178.0769619610427,198.5974110690015,Test
207.89109358808474,212.05234035607046,Test
283.24893281899926,213.11267093119932,Test
481.150479653786,232.09969143358657,Test
182.4457340924455,184.04625055404503,Test
61.58469613497704,193.7002870838586,Test
122.06736578138101,209.50282671124003,Test
132.19374303165756,240.82576668475704,Test
129.06382788580623,214.3655718306763,Test
18.177620343827527,211.0501184407753,Test
210.085120405721,196.3715767506073,Test
176.28632807148688,210.96774520132303,Test
178.46986621463606,198.4225454296521,Test
348.6222556687967,198.8944655811038,Test
267.01986621463607,179.73670871353184,Test
200.98401414288858,196.9554837878174,Test
209.50405823727723,209.689193872301,Test
234.53130271353734,222.20919688039243,Test
273.965747571669,216.12945464065947,Test
484.9573928116722,227.5887642241673,Test
179.75623843354688,188.8802299631049,Test
135.71228443729294,183.60874445470978,Test
219.47553082291068,208.05463443874362,Test
181.84597759039977,225.2143940696689,Test
145.32362473976048,222.18636319985072,Test
130.90847227099255,206.72341025366325,Test
233.84976847907132,214.37773342186154,Test
176.55621715591803,211.07300108711132,Test
171.81986621463602,205.50678559179767,Test
265.66065797397823,230.29184739378024,Test
252.28415387621465,234.0893755181974,Test
303.71897137855376,245.5750310864285,Test
341.21511048099563,255.49375739242828,Test
692.0225711835402,256.35060983038153,Test
300.19135348618755,222.21996414171213,Test
368.26562999474584,255.3579224115839,Test
272.0796986978041,239.17354619126542,Test
290.0550890009651,230.2773686110555,Test
290.1398344075951,230.7082797910497,Test
251.2491895110643,238.6181770451735,Test
285.21986621463606,249.30512281341544,Test
171.99784580579504,203.87968059784794,Test
206.15323006847947,207.71108701083904,Test
237.24429170183691,231.35508988408657,Test
261.7710307058678,234.16629488729257,Test
659.4834470805718,246.9567899582098,Test
216.2315408259488,214.88767342576188,Test
142.3153119419991,193.32257773225058,Test
323.98476042872255,236.07939539342132,Test
282.43988628611925,244.6810017279215,Test
199.680689514189,227.37195492628004,Test
47.707170112932175,222.97642372430792,Test
272.76932808234835,218.77418962737707,Test
224.2171634224377,214.2357764762724,Test
157.9006761332002,223.6664816408814,Test
140.31986621463602,231.84225938323502,Test
183.08501768243144,184.68327219194413,Test
166.65326989153255,180.07789783773273,Test
308.12569042596107,217.29000894208255,Test
339.4022792857169,210.42279740610417,Test
604.5330364708001,208.68121070475007,Test
262.46796198121064,174.0243583198499,Test
140.95705581694858,177.27085934374307,Test
290.40031797801373,214.1930718210479,Test
147.6477484644064,224.1927235155651,Test
126.74934727612626,229.8855036658953,Test
172.75511441317354,197.14255868190662,Test
297.2150498755482,194.27074108790106,Test
226.42915366325008,193.0430971129701,Test
208.19742577627932,204.15796151228614,Test
134.71986621463606,188.2289984171622,Test
295.4079280748918,224.7865025977922,Test
279.0367783610312,221.8295629150787,Test
418.8453872640255,230.05999061859535,Test
409.9837547838747,251.32963378747291,Test
720.0518809205787,256.0706899661054,Test
258.7997656741374,229.62327836367803,Test
281.32740904455113,215.05628618880942,Test
328.08481103181975,237.12445013324285,Test
455.0719716359432,245.54889712235178,Test
318.9388908569215,238.3845409275982,Test
333.0355686947547,225.90416760843127,Test
411.61200514944267,243.135362353826,Test
322.26820022098565,234.1879501164289,Test
282.3541539093834,233.37834859557157,Test
297.1198662146361,251.80243424443523,Test
111.9573773813729,175.73491890664016,Test
183.49351847118044,196.88602204437348,Test
325.80115971017426,224.5397891176389,Test
284.0803010983546,213.0163919011735,Test
421.2809426357211,220.4405442254472,Test
230.95308432227395,183.3813609849659,Test
146.04672615801329,173.90361955464044,Test
251.96186814293893,206.50571785369496,Test
174.89851027705095,231.14709096692945,Test
171.7566525603492,220.24178111024278,Test
113.0362949928338,198.35778752553747,Test
269.98743757450484,192.604700514434,Test
250.96008030536228,199.33611327397242,Test
228.15422318540595,218.9515224876692,Test
169.71986621463606,200.04402840543725,Test
230.78405443770606,243.74986094173568,Test
232.55421923757336,236.6387184603938,Test
306.1502467251197,249.44978373364677,Test
304.572136900345,248.9828874547473,Test
550.8698897632494,263.26141405847727,Test
167.94350531383265,228.84603402253992,Test
180.94298355209486,208.6481785031949,Test
260.5183244780361,245.34465845132658,Test
298.16952809165616,236.63961282282548,Test
199.3965943929554,240.8124368036184,Test
280.5995233819336,226.3586586662742,Test
302.02831505859075,231.8801061500172,Test
275.5829694229269,231.01031360905253,Test
232.763486474942,236.4604445096859,Test
274.01986621463607,261.51843530585137,Test
229.72750457020473,192.58717667348765,Test
193.09168737802466,208.57267203349375,Test
234.92887900271216,219.5121659595991,Test
254.08907944426727,223.53470346763314,Test
456.72228870269004,237.46571982449134,Test
241.87850677798025,218.54692247298635,Test
141.20773367013823,184.34856545354916,Test
319.55996937916393,235.91046575423164,Test
201.5352139050571,240.0483830448392,Test
163.73346724781783,234.3802780683578,Test
149.45472940744634,220.9395273047342,Test
213.29900038394237,204.9257279222519,Test
226.46628017730598,217.68612007155176,Test
216.2565687875372,229.76832184723503,Test
187.56986621463602,218.26410525214843,Test
134.698202054276,188.3288776576973,Test
209.4532881292667,184.66668402615898,Test
252.06552210657048,209.16669918496368,Test
273.0349039861873,188.02879279048227,Test
472.2114337681173,199.52247150937035,Test
161.84511145236036,176.0043774742182,Test
125.23593703891646,188.1456239023404,Test
277.3339105277855,191.33018374161108,Test
116.93903191896781,221.2478093337712,Test
138.60130121246323,205.6127403556574,Test
174.32071840827152,178.10381658839933,Test
312.6472835063931,184.0653033057714,Test
251.5309965068277,195.84845712371273,Test
199.57185740957533,202.35765487983676,Test
159.56986621463602,174.83874901603176,Test
219.36456892923837,225.2327551245228,Test
228.35156898156214,217.9285763067337,Test
306.0296382267744,239.24324890432652,Test
376.7987766648755,253.76582596554746,Test
705.6089842958651,252.3137344618031,Test
212.36026111974348,219.97152864210352,Test
421.56050674871,250.43446600304225,Test
253.82606034414283,234.89388559753775,Test
300.7326831324642,223.97333870144567,Test
299.9691362877729,217.59487731427706,Test
314.26986621463607,250.2697573744094,Test
113.58453561618208,195.92949451819743,Test
161.21298652683012,196.42767480424442,Test
387.76931675450436,228.8568057649214,Test
334.05352629920486,221.6733599552859,Test
345.5156151609316,227.28440146311715,Test
200.2555833396842,200.1206843575413,Test
69.77343083546319,173.4464290144452,Test
213.06915764826817,220.9998482729355,Test
127.19276377809949,226.74980961878845,Test
83.39424922495694,224.41081603867386,Test
55.073613988840236,204.75697960339065,Test
181.015981467686,194.105443978108,Test
200.17898418264798,221.01942752085563,Test
163.7698662146361,207.06460887464482,Test
85.73263374588274,181.7753466018071,Test
182.17745529390672,192.89523409862724,Test
296.8883178396935,219.51057114180531,Test
251.01522138324324,210.22156284571358,Test
249.3081659245557,219.17266754094342,Test
211.617151463631,198.01698832413305,Test
109.24217800046902,167.50980108576186,Test
174.58324553506992,207.30460170084663,Test
131.14035406743392,220.34150509368033,Test
81.46350359756042,205.7637461193445,Test
128.1026941254499,195.37041968909156,Test
208.05792565110218,199.12369148779354,Test
196.02919817451732,205.39604324979064,Test
142.7698662146361,202.67559788174603,Test
139.82425724873713,187.31345664967247,Test
155.62312017687157,172.69982014286242,Test
245.6929889068963,221.1287938411638,Test
200.0338634388115,192.40819053507374,Test
329.4457437726168,197.36786865534276,Test
182.77862990831244,175.11134650480065,Test
157.98252184589845,169.57058850346914,Test
170.70741958537462,201.38321711858697,Test
128.55332312674108,215.99796394916814,Test
103.97023246999782,195.10530774240016,Test
106.75814761514495,184.48388699120417,Test
230.01706856218232,187.99980322135121,Test
166.4469953111099,190.17741441419713,Test
194.99792786192782,207.25864594809212,Test
101.81986621463604,193.03616812381466,Test
190.0019545115523,190.84511890751043,Test
187.16250729355022,182.200608039631,Test
311.413941094835,215.5803595515588,Test
282.7562559154069,202.66248619886727,Test
463.4394517552656,196.50127791562045,Test
230.8135286144112,182.70518729167492,Test
197.37848649284405,167.9682821092644,Test
425.4343253905636,198.41844095577827,Test
187.33104530757026,221.0315038372683,Test
176.4186462438638,210.8852975429875,Test
194.94712819944436,195.76803181465542,Test
354.9164911743118,190.3317688451314,Test
231.4267351684664,206.25192336609467,Test
225.57786018190785,207.4075095522521,Test
170.06986621463602,194.298993454791,Test
267.10191205314084,223.52930819556332,Test
261.68135383630795,224.02061972034,Test
400.2015183579054,241.11927983256524,Test
396.7124056179331,257.0212548925595,Test
688.014015616391,258.3717741700086,Test
224.4563483532794,229.35233391634353,Test
245.7394038285979,220.9380477897393,Test
377.82768299452573,243.41625558561867,Test
282.1329066851351,247.74123558977368,Test
307.27885311417475,229.09569789431987,Test
357.0155222816446,235.9252103288589,Test
276.64291418754476,242.44950117461735,Test
269.51102883187525,241.19570017692683,Test
301.319866214636,252.68316215317589,Test
231.72386126163053,215.88688077571078,Test
278.5437984835527,225.13230440607472,Test
308.6216135499374,230.7419187552007,Test
305.85730646078474,246.77666686625437,Test
724.2008772160947,246.18869651567013,Test
305.40232581586713,210.33016235947733,Test
193.6116522601023,192.10935445334093,Test
308.3288565488,232.01324462553472,Test
281.35393868196013,238.06942533269154,Test
240.78689865958302,228.694813600437,Test
157.57773648166852,217.89146032240026,Test
277.4264521482165,223.9842949690891,Test
276.58304565922697,213.15175140052477,Test
200.8698662146361,228.98874317991144,Test
333.5719558653433,209.75946203477918,Test
313.7335624202232,215.49917560762833,Test
372.7235801683006,223.46908498921434,Test
425.4920091095757,243.73846885548446,Test
298.164100571718,222.49169193417947,Test
264.0177630925855,206.6058965800507,Test
411.9498368066505,236.08051433292178,Test
433.26032171391313,239.41968630409005,Test
420.699217814373,232.15406141667984,Test
313.0165251080307,220.17877529746093,Test
433.61224359488574,226.71170292695643,Test
362.83637327493835,231.25233719334227,Test
295.28891414818844,237.01213589770524,Test
345.069866214636,238.5084114582466,Test
209.6232418667013,194.50045139933277,Test
204.65473915802528,207.33965189004715,Test
203.61212284791407,223.8881460721843,Test
285.59539293636783,236.56274726913662,Test
531.1045494233863,247.5995688496458,Test
185.8895923089695,208.11476684486067,Test
135.8005215931177,193.66189208029937,Test
288.4373372758307,229.56978624308502,Test
239.90003935710845,242.76252429086026,Test
262.13862783695095,241.39294532002785,Test
241.39346399233062,209.86241680509684,Test
220.80971166786765,216.79910271882684,Test
192.1198662146361,229.99424904548314,Test
215.57228320456272,221.09547948909062,Test
213.69525805915382,187.74497013254484,Test
184.2415948373252,210.4293076720233,Test
210.51129353907663,196.0246252117135,Test
480.1043541644084,198.938835731176,Test
215.67077671332032,205.57638237948947,Test
197.71056118581245,211.03354441495208,Test
206.77370758188468,192.51402538361467,Test
139.96021590153708,217.32686430124002,Test
196.77008614476972,206.75034038585306,Test
143.7533183115827,188.61008665626326,Test
223.80991240197574,194.40089980180585,Test
217.83986841594887,190.61090065227913,Test
204.24318635350244,184.7399295339102,Test
175.66986621463602,189.72162458297922,Test
241.55978880512507,240.19365584486047,Test
306.63512002217453,231.41553231491974,Test
422.9132582762661,244.1652498909683,Test
359.04420356739934,250.2130349647363,Test
283.0645152607922,224.55321072589084,Test
335.00388166305146,215.16492653134335,Test
523.8910355786958,245.57424810310386,Test
330.78882309208115,252.51009445959318,Test
314.89902785448817,238.07839447145818,Test
325.46986621463606,251.64460715634675,Test
148.47330048111507,204.89921527091005,Test
253.87033594338538,180.2759918862527,Test
197.60515238655404,216.2983244137038,Test
215.57774981062073,193.39756898429528,Test
343.83812821558575,192.47987551167395,Test
172.88628760144894,197.03800896437738,Test
201.8222279682102,207.77365036726664,Test
215.04594931586973,207.88665614892787,Test
128.90745164442745,198.4397481733625,Test
257.0067349538833,199.07963268408318,Test
219.24379924423755,184.06976040680073,Test
274.6186445154898,182.80564752568608,Test
282.08127076764043,195.238438188392,Test
182.83167800068907,178.93750232791385,Test
160.96986621463606,185.3628286398814,Test
191.60785673208653,182.8109341785729,Test
237.20275282924638,197.30599555212743,Test
301.730983696981,220.05642135403497,Test
295.94254933529044,195.6536878582312,Test
422.4874497441749,201.8922881188172,Test
244.5656849236342,176.5567050981172,Test
244.1272548736682,181.75809138372853,Test
537.7221595942773,202.06697791221288,Test
184.55039908546098,221.4811577988731,Test
190.51197334721968,197.2321896207867,Test
247.60688237955333,190.83270177407545,Test
295.74670475594496,196.21517858866747,Test
237.44161810000293,202.27760159686568,Test
180.21986621463606,189.05987519294038,Test
182.34757435978884,191.6281534589739,Test
179.74308873338435,183.7259401384996,Test
224.08898871823834,212.128016915863,Test
243.63527431435045,187.8569686572604,Test
471.8319455217211,197.55177350623893,Test
200.62900234035004,188.41310356094158,Test
139.12248646378674,208.06367929925804,Test
137.97108572744918,198.1751465280861,Test
151.57007060236987,176.32921816919293,Test
215.26944108854894,181.6070352846196,Test
259.0691971859863,188.54458089852176,Test
164.31933889468198,198.35895426207753,Test
138.91986621463602,175.97109542940473,Test
74.24968028403686,180.02407252972046,Test
132.68912558546867,198.50540225322374,Test
233.5562406859175,220.1905324022573,Test
209.5510255853834,208.4377205731195,Test
249.6734802838664,206.26652356334682,Test
153.72360478136653,168.80517965456332,Test
127.15139907788372,162.5710762169132,Test
121.306863173418,216.09792422204364,Test
70.38999706796939,214.02828887911565,Test
58.75080076153769,205.26744580317248,Test
79.3892742541233,192.68713866040946,Test
195.65541754572587,182.47467407948733,Test
178.99923063634543,191.0040110005092,Test
209.6707135259822,212.88495335703877,Test
111.96986621463606,194.23195321011102,Test
340.4008442424759,212.33940710767902,Test
406.05581672595173,207.29462401809724,Test
316.65421294595376,206.14477545544423,Test
331.7734385724789,223.54825208474583,Test
322.7855148276139,208.38160805909965,Test
332.04044171135877,204.60592038283957,Test
374.2382192237137,196.23120344276907,Test
441.962326134253,184.08626640826765,Test
323.63865553243744,190.1649355275481,Test
332.0578355592319,186.65281159624516,Test
251.6198662146361,181.96247390769327,Test
118.22543297042033,182.09736614269278,Test
158.13514686379173,179.91775197924602,Test
236.9553930509765,211.6871212970101,Test
195.08617153197451,189.9091796717065,Test
352.42748230678615,207.19214425020772,Test
179.079325375411,175.97983041362255,Test
148.94170073784917,168.65011445827471,Test
225.96460839410082,207.24449088903455,Test
139.59804834416576,216.09318511129572,Test
132.7420205880441,199.1520795787795,Test
124.5465251257358,180.131248184625,Test
270.76156195724076,173.6521052447604,Test
246.58713108255907,203.95526723275364,Test
143.46986621463606,177.99943276891335,Test
265.0572056803654,223.95969464571672,Test
280.8339167399059,222.58781298941938,Test
251.54347071923434,246.70966551781623,Test
312.63586761835074,244.1246177730829,Test
216.06011583442756,205.34402025566317,Test
285.88388441269586,237.31780587723236,Test
287.17995032859614,231.92528171296382,Test
293.55224766622814,225.1018872691348,Test
340.95738792364824,224.61478395477707,Test
297.44537110085616,223.45189638930387,Test
234.76619719785208,231.9708674770537,Test
241.1198662146361,235.08426172144527,Test
161.63846783128594,191.84671388005592,Test
218.53125243811238,182.4135028794197,Test
206.8716459887606,220.57749746292404,Test
224.30964848323055,195.63131189134072,Test
332.44525992152217,200.82506903998086,Test
239.02848030363572,178.48037042528813,Test
211.10930962957093,188.50199853693613,Test
195.48774789932799,188.7172172875571,Test
159.9637951129066,210.98208265095414,Test
139.88745127030725,195.83474577203606,Test
159.05871637152939,183.50649478256986,Test
253.17759041657354,184.89059442228043,Test
217.49407340543922,190.19546105217927,Test
210.55816533812686,194.34876383015913,Test
128.06986621463602,179.15580510954433,Test
135.35303306890353,182.55363206863908,Test
154.28709509796062,181.0668434226609,Test
223.68203586041255,211.70776578889257,Test
270.0378553562592,196.99549876651272,Test
532.4045535855009,207.47400552652047,Test
205.78213054813745,170.01507727970852,Test
100.77058624416897,186.84139859009505,Test
199.51992067359515,206.12042921307165,Test
107.58013383641641,220.32985582768376,Test
133.30122573263247,219.68096239393176,Test
150.6831963622434,199.59018948458984,Test
260.1760457252492,196.34123216911317,Test
260.17977382165,199.86951330562403,Test
174.49438065144554,206.07163397360222,Test
166.56986621463602,191.21874619562158,Test
134.02911582408464,188.86794797639257,Test
142.42250989852087,198.3788682756128,Test
263.90912631744567,212.7977782367512,Test
210.4389650808585,211.23591844828312,Test
488.11202618875996,225.73481593811547,Test
141.07830964114987,199.11490839809719,Test
35.23781543802809,188.27926747835468,Test
246.8905435793946,222.69094119160002,Test
92.48649406524963,240.32581149587205,Test
123.6256668955931,227.8583257919696,Test
51.208062070424916,201.163992186326,Test
207.03367958974513,199.64463526365478,Test
162.00251945355382,209.9621126866394,Test
171.26458166185077,224.4635853133179,Test
111.61986621463608,210.11383038420837,Test
66.23254487660765,188.44591900999086,Test
137.85070744127046,195.74928403965703,Test
308.2302221535457,225.5421346756133,Test
229.12108901343373,216.68948234089797,Test
335.5733080209344,223.40987160838404,Test
173.63687917604767,199.04440626256095,Test
99.26180247877359,176.8524673722982,Test
233.5480779291122,207.7124505505785,Test
115.19570552706342,225.00125455421102,Test
90.70468527262722,207.13869783963625,Test
75.02501716580372,200.887804754746,Test
224.6067012065929,191.2593349048164,Test
201.34973739499463,203.2746332949163,Test
152.21986621463606,194.96422286602385,Test
120.17896028832686,183.6933184552515,Test
142.97089289823106,176.914047273841,Test
209.5700106662413,211.95515429512355,Test
253.12631359235772,204.52757699023556,Test
437.43980167658015,219.26438345183695,Test
169.61047491890855,177.79729734947915,Test
74.73833331934296,165.91448681454443,Test
150.72337687788354,217.9502723735139,Test
93.76560559453007,217.55101390711602,Test
82.71501946928264,208.04627651908925,Test
73.12161850214127,190.94783691517603,Test
189.23540269310587,190.05167527868804,Test
192.00637204217662,211.78565905275863,Test
183.98452654935343,208.94372800741013,Test
100.41986621463602,203.19158675664679,Test
123.61843597191331,189.08554281950418,Test
118.69820335455638,212.44485777273704,Test
210.08000026341614,216.69285993196132,Test
272.8138266984928,233.0836746329016,Test
458.4496826597858,232.77297035248012,Test
153.08756814729588,185.93357920217076,Test
10.877483161022326,170.54094257407942,Test
120.0194277009657,224.15353303980652,Test
103.56340176712564,234.3620051873453,Test
107.45940535950223,220.23799210995722,Test
35.107438478095574,210.64064517185454,Test
168.95750112290563,205.8720905943323,Test
161.80959329393247,227.64162836643445,Test
129.86371499117593,212.89334465539778,Test
99.71986621463606,212.27027549363183,Test
242.45512780584397,195.28986233919827,Test
219.32173241179248,203.2610208255687,Test
294.58649387406524,225.18386038854675,Test
358.3494121926623,232.25913617810747,Test
525.7604873675837,244.26268484267075,Test
237.51971939882952,208.5749943771381,Test
144.62710828639953,182.19671522711394,Test
317.782654030294,231.2277663953657,Test
163.0363566305128,245.24415189421896,Test
201.8882160870558,237.0512072138822,Test
124.23823239992313,211.43945883356142,Test
246.13640556911488,208.29853906277668,Test
223.8827355946309,216.09022289163872,Test
214.27722247647137,223.57151947350556,Test
181.2698662146361,223.53847961868954,Test
233.97420605522748,212.22779239531081,Test
204.69354846627982,216.63786639956854,Test
212.94997732133942,230.7953383304897,Test
389.2934926204066,245.1956776651635,Test
622.0740943634812,254.60370980710204,Test
248.0417825505632,225.62187965233443,Test
162.49655718165272,198.18396267480693,Test
248.53841825674954,246.76685954019933,Test
250.6673657758539,244.75164906391709,Test
239.9333997389656,239.9989623411865,Test
180.2865201460848,218.86703508350135,Test
188.62672699721145,224.9411705075752,Test
242.2040202923456,216.99482992297658,Test
175.81840003148704,239.5519336495817,Test
210.66986621463602,232.34861826510559,Test
254.2238964161549,212.46934728657698,Test
267.17706987403835,206.83954176125619,Test
267.2780624680548,231.61378036895417,Test
314.02687419820444,238.65050809473738,Test
744.1235050644872,251.47064601931794,Test
261.517955066903,214.76136669559884,Test
187.11022420545189,204.3774615491881,Test
324.20031248013413,239.16110131108482,Test
343.7882198909493,242.96832282283373,Test
356.4739464378976,234.93025612246544,Test
173.9574921209791,222.30642345135257,Test
345.7388569401936,218.6094751113022,Test
247.7680408955414,234.41619172379507,Test
197.14504398702223,233.58924727549262,Test
233.41986621463602,238.19481495820457,Test
91.822157203162,181.21822072121594,Test
188.30689388246267,183.4228463825973,Test
227.81153600683214,213.0644498986565,Test
184.0860835762706,194.4097717691296,Test
384.0305365907778,202.90062476434386,Test
157.7448950503538,170.9892376305824,Test
110.72915895499858,172.9325559254125,Test
151.28332830471243,197.14241386543617,Test
100.557403099495,217.74163336674098,Test
57.25138333934642,201.47340465993148,Test
125.66526902426659,184.31807254969192,Test
236.84906015425565,177.12146192151218,Test
172.7527567293136,194.0145424235722,Test
152.82635874944046,201.8341378270962,Test
137.5198662146361,193.7513116428837,Test
143.94489090264088,178.3976801583197,Test
212.46195734043988,193.64221617021818,Test
305.5481011978303,228.84056043766796,Test
308.7533224748119,216.0582780257897,Test
431.7276211713849,222.47359525983515,Test
255.170997287549,196.30651714589322,Test
151.13345082330466,194.30461665129022,Test
280.2649817786515,228.30891301518247,Test
159.91559015358968,238.71929277959788,Test
158.28527594811908,230.02532104797936,Test
292.431879795952,209.18080403937162,Test
212.60879784925538,198.72826409151529,Test
212.6547933221501,227.05675580467687,Test
143.81986621463602,210.82159042550617,Test
267.6794250328253,255.8013588570596,Test
258.7396683077165,233.14556728305752,Test
361.8872416412158,243.2886523503603,Test
359.0721450333232,259.62043837063857,Test
231.90394199336214,225.54128440074163,Test
267.1508355612938,218.45263911772926,Test
247.53505918783316,256.31944533192177,Test
371.1566128729809,239.76646205988294,Test
240.0654966167366,260.0539605487178,Test
340.04525428007224,252.14572192724808,Test
322.61612819965217,241.0332057799229,Test
315.66986621463604,254.74741359156977,Test
91.26925553804352,180.63108971093283,Test
128.16655057563847,200.56698254312028,Test
292.51481792257704,213.87486849124937,Test
218.2140575788591,226.91463312441886,Test
479.2642695444847,229.53462831030018,Test
58.96761040376684,181.05945194561255,Test
188.9207392974231,212.56908414540004,Test
124.32484050042272,231.71875430023618,Test
93.72991401276622,226.158115440414,Test
141.20096840585748,202.40822918998637,Test
200.40993115557495,218.10569877207394,Test
110.91986621463602,215.3011543580732,Test
103.51820959885585,190.74586089367068,Test
168.86314246109066,177.817954633522,Test
295.88634561502323,222.0660469353544,Test
237.1378190606535,201.66691499400804,Test
183.0175627979815,192.1959760624548,Test
203.17557682700726,205.33004636623542,Test
155.51186114773063,159.97323009878417,Test
122.6264157601518,202.43511393110276,Test
105.21924066427073,215.60851846463513,Test
26.99033586008727,193.1993088085108,Test
62.93970134760153,192.55276962486874,Test
224.26733712681357,177.79609548062245,Test
223.97324319772338,195.2429782892631,Test
120.36986621463608,202.57612156682958,Test
243.32893510906442,219.76271336519963,Test
247.50163825975744,222.94077288457902,Test
312.6427269818336,233.56580311818462,Test
412.15220127529295,244.84700428262204,Test
587.3300611401356,250.62678827097224,Test
324.3763065763614,244.47215722490105,Test
211.99093758397026,211.00448197182996,Test
261.0239541629624,247.64935740943108,Test
340.9253563133377,250.34544408923128,Test
403.3951440350962,242.6115284848346,Test
272.0333173282378,235.63033946410025,Test
349.6898761927625,238.00820191715775,Test
346.91482062867055,240.51036154963106,Test
257.40815063596176,237.8117289499071,Test
314.96986621463606,236.79666030940575,Test
154.8442753891275,200.62359739580793,Test
208.95168608810633,216.4495631623993,Test
258.55988624906104,236.133652039365,Test
329.2188758719917,234.21713254489995,Test
566.8786549568982,248.43946389423095,Test
191.73922350378052,226.1184833453139,Test
122.90058151263881,188.4376729758629,Test
255.36272898347283,249.27527331358883,Test
169.47566591628288,235.96085036593107,Test
178.13939231106872,244.19293599854475,Test
96.90390816783034,222.1442066426858,Test
228.8692134865681,201.32790881319139,Test
227.1853082672814,217.09320283771785,Test
161.50219250997094,234.61954210348136,Test
165.16986621463602,238.9258772240353,Test
117.12528534915,182.59079501892222,Test
136.63616320492469,211.7018416228517,Test
287.4540992022887,233.29928384744002,Test
259.12909334124214,225.3293816936169,Test
425.1111456217852,243.05792333135483,Test
158.55025604391776,193.21769131473184,Test
55.49642460763951,172.91078155363167,Test
216.39965131295114,234.61341769592383,Test
136.2099361598519,235.80096192718645,Test
176.12727914834232,229.3495663546741,Test
75.0516802784222,208.5914666620727,Test
164.08313955009135,195.4868445562792,Test
183.87165696335012,213.75127975852527,Test
150.1198662146361,208.7539403328544,Test
185.97077875454357,189.023372921936,Test
176.71983860417083,208.60723312593564,Test
198.65200009737288,211.9943769105229,Test
272.7672632341498,222.69906822671308,Test
425.3156280145016,225.32972842967698,Test
202.69709443842828,186.61980167190205,Test
63.411662505929726,177.01212538454746,Test
131.70933221700614,216.58075608299438,Test
134.2401035716572,242.9828814466997,Test
115.8039765698833,213.36764844195355,Test
60.30095121168415,214.0485609499477,Test
224.63102749705976,195.3983218415975,Test
185.9942054260104,210.68955007594266,Test
128.49048499853583,215.80730288678836,Test
176.71986621463606,205.43170728914188,Test
150.60492359817266,200.57475462125223,Test
218.2612417099357,186.91940981012783,Test
169.0689498112787,210.36112548366438,Test
190.97804790220164,202.13718946625136,Test
327.38853598270475,194.96282392031173,Test
172.3004140527878,183.91364508705416,Test
167.41368211245089,206.63198522626422,Test
199.67834016169394,191.3446186177201,Test
70.64438820051701,213.77821519381666,Test
145.3618262289201,195.0133935687077,Test
184.78065424690337,179.91762264153184,Test
217.95087225446645,188.35525631177157,Test
228.07248025160956,187.5909783840072,Test
217.94547823833278,188.97462004419668,Test
92.0198662146361,176.131878581552,Test
65.5865027990592,186.35952459828263,Test
162.8355093823065,188.05643969580223,Test
237.07129916610458,213.48914633330492,Test
207.44387215045322,197.06982239905545,Test
241.9532283353527,213.36420595311148,Test
186.9493677208028,174.86730096782082,Test
100.53229030680367,164.93884471481493,Test
188.50199609335522,218.79165363838288,Test
98.40848508045761,211.89384767190975,Test
63.001757268110495,204.78962167571498,Test
69.3318126563141,194.69137532869598,Test
204.19865124506856,189.32228258444485,Test
144.20227303437366,195.7359266338171,Test
150.09267802422949,213.47257019193066,Test
127.71986621463606,187.75845772344007,Test
295.8225656773679,218.749786695157,Test
317.0320233327971,229.54720468695703,Test
409.70428201417405,231.00915455098627,Test
424.03934172149906,251.76587429148285,Test
754.4872024547719,254.44304936419041,Test
367.14786421399276,228.42022359559192,Test
339.67132699916147,215.32586417670777,Test
352.15759081027807,248.4234585676059,Test
472.15665564734263,243.22124856385642,Test
443.81852151035497,244.82828140402813,Test
364.79318839931534,221.18512381738537,Test
341.68092525507984,230.80915172915334,Test
348.569866214636,245.31611981909663,Test
197.94628705521197,188.17651958812218,Test
167.36082075767135,200.99746544829304,Test
240.0552457494164,211.42752330904105,Test
273.9295620304471,218.95435568797538,Test
373.98376960076337,231.0760251822906,Test
183.91786846036518,182.53482647323506,Test
24.68185860925287,169.24191455944222,Test
84.22574004742604,213.12934430909317,Test
98.64951277488487,228.3309018135745,Test
113.80317679162933,222.22797288855895,Test
34.13673209765928,208.5404170626386,Test
189.70017869297504,193.64400072150434,Test
159.7935165775764,216.64564480575925,Test
160.36674575146338,209.2136018760088,Test
143.1198662146361,197.15763381171408,Test
244.42440083356985,251.7182673105785,Test
229.75402945097204,237.00760148905343,Test
307.94278625230214,249.4273188548849,Test
313.0906712375601,256.33272477584654,Test
580.4976844067459,251.07109631306528,Test
221.51382575985951,234.88444893204928,Test
204.5890952969011,228.59670680532523,Test
304.3234930178705,255.30480254898634,Test
352.3670189227676,242.57848177910662,Test
183.16967301159275,254.37336299230222,Test
249.70236574102645,247.6160107105894,Test
277.18240438163514,237.44264759997554,Test
242.82157120617168,245.47521196747684,Test
298.16986621463604,258.9483042392862,Test
91.24448705800626,188.06622218985365,Test
153.17258793468594,180.6216339279894,Test
219.38565548041106,219.30087758385434,Test
187.68368969518133,194.89754929233655,Test
166.53465813185733,163.3600042291243,Test
149.78759235376307,173.09162465744117,Test
189.475493244714,206.13035993670553,Test
88.19836080471023,224.73809738226416,Test
125.60619503375153,208.50688988457057,Test
150.14899593183804,191.4255727426345,Test
208.93949773514655,196.3877198325671,Test
201.8871986403687,204.7448240113787,Test
156.7698662146361,196.84266113230447,Test
270.6348516271662,209.71901737698929,Test
320.08934394290594,222.53601862810393,Test
361.56495848026236,234.8989475262906,Test
436.01169523923534,248.46165991901816,Test
673.629554219825,249.54909560378113,Test
213.52863884585406,206.00692263814273,Test
362.8098644912935,243.80397075110824,Test
391.4122123583499,248.62062450187702,Test
414.8356824470226,249.3031293142557,Test
301.4802747573119,229.5120425688902,Test
383.145989289218,232.88191761860642,Test
311.93282604274066,235.34244547605357,Test
255.14078501788003,238.67591882726177,Test
312.8698662146361,241.3254132639434,Test
130.6826982778628,197.1569235771891,Test
168.27320195138498,174.3848135567106,Test
216.8018387733408,222.39864117805794,Test
182.81860874373012,194.30964093556457,Test
181.96654812981012,179.30207372704388,Test
179.74771754550062,180.60923260532937,Test
162.21702010962474,215.55529210982996,Test
112.57445582218243,218.68494541976116,Test
72.47002468317395,194.43330448162027,Test
89.15372669259901,200.77840398471682,Test
198.03553015675027,192.13406305188323,Test
180.68363161147624,218.6739545807185,Test
128.7698662146361,202.33807022776176,Test
248.07461030946519,217.51787892789616,Test
245.89054800205554,222.23034129782533,Test
264.777607982656,234.87102627685823,Test
364.93579025126627,252.02229532194434,Test
619.1650948078866,249.70329842246593,Test
278.11552165251675,238.19339641160968,Test
236.03707078515689,206.9310159041998,Test
296.22974220580693,246.39943307942582,Test
301.8935359144671,244.44849522686252,Test
289.078451911137,243.33784139400626,Test
224.53449019581694,237.7659232865888,Test
240.56165076850675,240.21987403428415,Test
326.65993362920653,240.64446228853464,Test
207.72933877791633,239.93114146991854,Test
264.91986621463604,245.29794533684816,Test
248.17819556930755,245.19655259429325,Test
221.87919670597512,240.58137773325396,Test
334.61786437815886,242.28185837043046,Test
346.99419858585907,263.5264877620369,Test
644.0081993290755,254.80804548066797,Test
228.50986660780822,226.82054857012014,Test
218.74920042205727,201.97157444256777,Test
244.07620077182258,247.22162929270283,Test
377.6408676571042,241.40808117420391,Test
266.29320107790215,250.15924139901756,Test
312.8832010342163,230.66076844848075,Test
225.37620055339357,241.7385308045614,Test
232.32920011625663,246.5489087275638,Test
281.01986621463607,245.670316122922,Test
132.4510994453807,190.12180017097347,Test
124.36613414694548,215.5021049145339,Test
254.58840270507454,228.199622612796,Test
224.91790511976785,219.57236459307452,Test
354.9046413910254,229.3758780326792,Test
130.39861151884742,206.7726912610431,Test
39.99981550323342,181.94861264891742,Test
201.30825334418392,228.51869190259086,Test
76.02392504169852,243.27824815381166,Test
77.84683059577742,241.17582576123627,Test
45.77697000642064,216.14451182914266,Test
161.11434327362804,207.44119010143976,Test
183.4089503973997,219.55033558709823,Test
148.71079137773583,220.50939484792173,Test
103.91986621463602,217.88873336966685,Test
147.2231295697631,179.37055947254674,Test
187.03264542906697,194.78583804158882,Test
353.95714496545463,227.3833110146307,Test
310.24662817892585,212.09872424447786,Test
559.2010950694807,220.68378878965686,Test
241.9205456371197,200.49247659126232,Test
127.7049798818421,172.52279608903967,Test
292.50439780364826,209.32014877439653,Test
206.76879940253826,233.24369931509597,Test
188.2981846785118,223.0322229208184,Test
168.49255363156925,204.4911998002894,Test
315.3519062617105,195.67624899408946,Test
255.4262425689351,207.42575941299347,Test
267.6655625532437,219.03614548617458,Test
222.91986621463602,198.29199355466835,Test
236.88275704981606,194.54306007807742,Test
140.9890699567437,204.4696467919315,Test
309.4178963633177,230.2249559001132,Test
298.0192362695383,219.19415576172565,Test
405.6930896754056,228.47659999063814,Test
236.9394565809193,220.51286516112998,Test
129.1583369860795,182.9438500992701,Test
322.4497308908862,223.2523189624999,Test
177.71363829533936,231.84298784221104,Test
147.50005919943922,231.96395811453763,Test
234.74440290961775,213.87045495966865,Test
239.47087781230366,219.01883778142198,Test
186.5198662146361,223.5710915231034,Test
169.0537562493164,200.41453437498893,Test
205.1821095524467,197.1862188214987,Test
241.7057283909782,227.2027912926621,Test
308.02461276491056,234.77065266721647,Test
574.9387626742441,239.61602968499392,Test
212.94817811897877,206.26237348731422,Test
122.60285909911426,183.7299639417351,Test
238.80280561465088,221.61989445412624,Test
211.8980176655885,239.28347016176394,Test
175.23849525192725,234.70516276168655,Test
89.97423837366686,218.61545464698528,Test
275.30524703080755,207.43835073119962,Test
217.43152122334948,216.57609629097792,Test
176.75306095129227,224.10389996368693,Test
162.71986621463606,221.33806950668173,Test
61.70650581618091,185.02130795449386,Test
179.78350184748987,187.04684899452326,Test
210.78945849374531,210.94107299599162,Test
166.97437575494743,189.51389837981372,Test
291.5882536310957,207.3430375583573,Test
147.48109212219066,175.55389489537373,Test
106.00289122823206,170.7518605354497,Test
102.75365094921986,201.1842227271592,Test
61.08337128515426,212.60123447925926,Test
54.84205223603503,197.64288733872598,Test
52.52969380186228,193.4928149954041,Test
171.74629598263598,174.07577952609637,Test
152.7918587783562,192.4613250945681,Test
142.66638218902298,205.88065143088133,Test
71.36986621463608,195.24807329597934,Test
184.4043589161813,205.526834915675,Test
192.36607262150733,178.09757584750164,Test
180.083846935887,213.2681930553065,Test
185.35768185932056,192.9087608744093,Test
469.2875773918079,203.46746594259685,Test
200.2735335333487,191.15923530883734,Test
171.41555028394345,207.19057891273934,Test
180.06362764359199,201.66640651471153,Test
122.96776561229417,214.4651362646957,Test
149.57796419005007,199.14830518920417,Test
147.19422337685978,177.55765361113828,Test
202.96654317272322,204.63496198906972,Test
182.49492357764035,188.27016583543977,Test
194.62936459161136,187.17760061857973,Test
179.5198662146361,188.10613662885345,Test
76.07177175516274,177.04761739552953,Test
148.41595456935693,177.11714193644244,Test
222.93243996663617,217.1204223374025,Test
199.8712279470009,203.10404309992884,Test
346.9823185104506,214.4293768208614,Test
203.66571165698576,184.86147072565092,Test
47.8214073866059,169.50788347586828,Test
204.24940569931152,217.40912102272804,Test
26.849706595102205,225.00268974914565,Test
65.12231007397808,220.12828869469504,Test
48.86721613593929,199.3374283254597,Test
163.23442478098573,185.978139215876,Test
207.3239360091172,203.98955911765822,Test
186.385749820334,208.26744536369267,Test
108.81986621463604,197.45466048597652,Test
250.28824323815485,228.49008209456733,Test
279.6399908919251,225.69308023925475,Test
406.02148751079085,245.9762059494308,Test
425.3827330947523,261.0428244263061,Test
636.6237276438093,251.94729068396398,Test
263.79447115796194,249.97530116107492,Test
189.9449636372101,223.30532055071393,Test
453.03519549099303,246.54646989320804,Test
321.32493486552795,246.48252262095596,Test
427.39366050988446,247.85960831420843,Test
353.67264677970616,242.3720810417496,Test
331.13138201462334,245.6562134392453,Test
330.3698662146361,254.39897942507014,Test
202.03067642433882,187.54467142506337,Test
171.1259142750842,187.13186434742207,Test
237.2052824541797,221.05738425028187,Test
308.5687809616255,216.94540026530893,Test
484.26640979742126,219.49290499229727,Test
223.1981689615672,172.39268244146143,Test
136.11405845406333,175.34134051454737,Test
269.9140782749094,207.75702133047324,Test
152.09822842410568,229.67224266809777,Test
193.91650890165226,231.63961569345085,Test
115.7189197075487,205.17129906919538,Test
232.42613230439224,200.88819880712245,Test
216.28093409533906,205.66027659306545,Test
149.06986621463602,191.5719486765425,Test
277.5757350412535,217.64518069387327,Test
222.77469347752165,226.8590042149863,Test
295.4462751342911,245.31526375552778,Test
324.79048001156207,250.79979779035065,Test
642.9573081093343,254.64618526577658,Test
268.5467594276082,220.25840275397826,Test
212.35883396638337,206.9769798217508,Test
291.6935317256599,252.81444714429887,Test
312.300852705438,249.70520686038387,Test
252.83079690571742,238.12517337914338,Test
339.5585549677807,227.09562178962707,Test
297.4563688295643,230.6433190747715,Test
246.67680591184947,236.80724975082788,Test
277.16986621463604,250.18984964181365,Test
53.35085399385984,181.9622692328352,Test
111.5801804910369,190.64835292270118,Test
261.22992941964594,218.07574489429905,Test
184.8501007796867,207.17307945964282,Test
238.04069457115926,217.00705217421554,Test
170.55171079406387,180.1525690414448,Test
77.93314944840014,179.7385582740742,Test
136.9350105341682,210.141766605057,Test
51.45729405136815,212.41317745913193,Test
0.0,208.117166401876,Test
27.363128380063486,193.608339308987,Test
203.8966791915589,188.8186381418069,Test
158.25065243448614,192.6489636093822,Test
173.56986621463602,202.02885051258795,Test
201.86263667539217,208.6686486235475,Test
224.866349960651,211.80253733270644,Test
292.4085824057518,231.78523868348313,Test
385.9393340106945,242.78089402684438,Test
742.0586047754794,249.35291497191054,Test
263.1663947001062,230.6419046453425,Test
189.66270378457483,208.09042643199118,Test
312.5975320288856,236.06303556531998,Test
362.82087943303816,240.42830966850752,Test
390.03274599703286,232.76152190459047,Test
240.9331317208697,218.78423179077586,Test
297.37203660454827,234.85945676729463,Test
263.24946064806886,230.30188418835638,Test
191.06540385143145,230.01272954882663,Test
266.66986621463604,232.8031238143923,Test
255.07563557249608,209.26051168578925,Test
250.2333853221233,210.5477769403882,Test
309.18658269974344,237.6899541202284,Test
375.9352277053566,254.53886374298844,Test
674.8293203389628,247.62539119092733,Test
284.3188606005618,228.28106202224018,Test
186.15384849015373,210.08757331767765,Test
310.83149792688755,241.99476651339984,Test
252.24827632845137,229.03657675840464,Test
298.8181760155578,225.53560983014873,Test
251.96986621463606,234.36189381429026,Test
218.1728479587463,237.30459644263587,Test
234.25151240133778,230.6392927939222,Test
252.52023965777107,242.672301545735,Test
301.32902972804635,247.87350161320566,Test
572.8278826121634,257.517107893497,Test
169.61679831012236,230.44206020593876,Test
146.5957768219231,218.15465758760956,Test
244.06481814756572,249.22407412490915,Test
380.1239222870502,240.81483989481725,Test
223.67308924037667,226.23215444435766,Test
269.61231900754467,226.20949956725346,Test
281.34161158855477,226.15183193553423,Test
274.6109669834067,229.55235879139218,Test
227.02038519210046,231.29375872430813,Test
247.7698662146361,246.30945417214326,Test
163.6539310269893,191.1849006518328,Test
178.59588361303054,179.07303276297768,Test
237.694194429655,205.74156226122668,Test
252.04886347686266,189.9464761816928,Test
339.95989075465343,198.21689377924085,Test
208.1272762630275,178.54707541887674,Test
199.55102000198477,175.567985434095,Test
209.931121971525,186.14959682272098,Test
165.76758217164854,221.10714251238153,Test
137.7604006023552,198.72916499626123,Test
123.459577263645,181.33816699997521,Test
215.61511215551798,182.52663948739792,Test
246.22700527797429,194.34009782512135,Test
195.69525663101365,195.8782149176797,Test
144.16986621463602,192.4684903725972,Test
174.5584707485511,200.3211560821192,Test
249.18127859144278,185.16146720956385,Test
256.316636826264,225.269858758808,Test
249.86454545301513,194.3962105443795,Test
385.9250044716958,190.15587239077135,Test
313.44801388230627,195.92368556587817,Test
218.6335736848465,211.6252905000594,Test
292.5816838793163,202.88873585850567,Test
176.76555544404494,196.40069027655343,Test
226.0513168143037,177.27187612789675,Test
285.96049073061056,208.0221747064034,Test
247.9339032766585,202.2974561717707,Test
186.16986621463602,190.0262267822194,Test
284.7775182343117,230.25017198708233,Test
255.49973937434515,230.77309540974744,Test
357.2272489981133,246.07710699306276,Test
365.2600471056161,253.51502966909572,Test
694.3481336968536,257.17868020596114,Test
214.69150877182585,245.2111589317156,Test
266.0901723305327,211.00303100991363,Test
264.3941243729742,249.07882815220856,Test
474.2033648991504,242.05985680989122,Test
280.56789390906135,238.38324654198783,Test
292.83771140270693,227.4319134705063,Test
373.1128173800872,225.48576806229485,Test
348.1432118412022,231.12483926274587,Test
306.91986621463604,246.1115368064208,Test
220.39734176709277,208.9471927783266,Test
234.64434178875192,188.21188648759068,Test
219.181061855953,212.14927405277334,Test
262.55750196869616,187.4059865648564,Test
489.02366212698104,206.91817312656357,Test
238.82954233080795,195.36636263469487,Test
186.07514258017665,218.5271756188581,Test
213.16046287508743,205.9671873663557,Test
188.83550321553997,215.02833006008103,Test
231.05026360153457,199.24356091957088,Test
237.25474403307095,175.14011860471555,Test
218.99894451014939,189.4471612985332,Test
225.98286503276964,196.62042595991966,Test
220.40650560093184,182.16968348709096,Test
190.71986621463606,188.36858769637232,Test
55.899843516941644,184.1449200167103,Test
131.66186378274645,182.2252502945629,Test
195.24972733400648,216.09339250142557,Test
152.16343417072187,193.04724596114605,Test
455.65298429289226,216.29849383325575,Test
150.91837770051808,175.32466687839042,Test
72.35961439359912,166.40700534415177,Test
139.82669437213534,213.85365747386896,Test
38.31961763612685,225.98922540138446,Test
113.28838418557362,215.75820075778776,Test
89.98299402047564,194.34920116771198,Test
240.35344714083288,181.0903913201215,Test
197.5997435466453,205.95190889956564,Test
132.52188323791313,204.25615566151234,Test
88.5198662146361,197.14065682356724,Test
