Loss,PredLoss,Set
200.189535008034,204.02307785921664,Train
260.4063841688886,235.96100652553324,Train
441.7800196305303,345.50468474814386,Train
208.598866159795,145.7342442353301,Train
150.75516675821382,167.55917272320977,Train
193.13503270197378,157.10122214925906,Train
163.8832051988423,127.5134155237882,Train
244.96837081301152,190.5767589888218,Train
242.9866664463595,168.39587106739282,Train
347.11396174172484,218.38035168948358,Train
258.69417080204323,188.76202706813328,Train
222.718700303511,187.28702159753783,Train
191.6019072656952,194.3185378051919,Train
322.0602692838757,258.6346232354285,Train
200.77776152851504,174.0784452912023,Train
270.1352302139236,201.14560258902517,Train
162.16655850004034,155.49011273722996,Train
326.8131924865409,294.0506396618494,Train
175.99281120011227,149.66094949077043,Train
257.34746442808654,173.68252685598722,Train
254.1737721090007,196.15973672648155,Train
290.7954250251901,206.92049130321797,Train
370.8813788652587,282.01314361750696,Train
219.1919395443541,176.83719824528058,Train
214.70230422089907,172.23740313232813,Train
233.95634708450513,181.42913965452152,Train
231.6029761209028,211.27914454884052,Train
256.6399942059275,194.54728530240044,Train
208.4109149513165,173.9266524435723,Train
242.81538961070535,211.03348525844592,Train
236.97143771633205,196.40502556217297,Train
257.78517031032953,211.54898795659273,Train
313.89092118237943,276.11872046826153,Train
170.058999530717,180.59481699791846,Train
210.66986621463602,207.11315092434347,Train
155.0823126957667,125.36580990570796,Train
227.91039172942223,163.67824752630264,Train
269.5245201770157,199.22945224357852,Train
194.24375797697599,167.4944146774923,Train
140.20988367033726,123.50821262514869,Train
132.95035544176892,114.58676560911272,Train
196.47419714601835,150.82943775214906,Train
237.48165491166645,194.51210770144613,Train
205.10326040812384,163.70400817414722,Train
337.2736015366681,317.36825708957497,Train
227.38918657417003,159.89420153751507,Train
245.72759615084584,234.1914714559881,Train
251.80274364573197,224.19977688739255,Train
245.58151118366,222.68413439168734,Train
150.52628657965414,115.32741961651338,Train
214.7820374790552,204.43811245547366,Train
195.18781753452677,175.15037887830496,Train
296.08982926340076,220.29723065177052,Train
150.845296487344,114.21358218668918,Train
201.39000137248405,202.1961111542703,Train
195.9958379728995,177.37234448895444,Train
323.0740341347961,298.8548822109087,Train
227.75355539789606,206.86476793904671,Train
184.56893275133072,183.1209097657408,Train
171.1810649321222,164.61582507194655,Train
194.0414505756961,219.1664576882208,Train
219.76279273491633,211.79022773033395,Train
358.2703497101053,432.52860480230805,Train
201.6724992390935,252.52071215758224,Train
201.50893601042594,283.54744330510243,Train
244.8034349852428,258.3642010404787,Train
192.60690227007433,238.50689972068554,Train
211.63210206377298,263.0644976551877,Train
228.01264712664886,269.5640792148794,Train
184.22177870819974,230.03065079002266,Train
273.6726286686645,273.318348005311,Train
272.5279174076169,293.2321292536086,Train
260.1479134254025,306.37723640445273,Train
212.5645145790968,247.44232596664708,Train
218.13184320463094,254.03655903964915,Train
312.92617818834856,271.254383958443,Train
176.15574797619183,219.48990213484393,Train
272.484342155376,311.58640372426737,Train
111.24274215008381,212.76363347710247,Train
202.10943113820605,271.52289729707456,Train
277.36529408022153,259.8111517869108,Train
269.964601360335,300.15394797,Train
238.7526152757912,238.90071325677664,Train
234.77796594370602,254.591763651635,Train
261.800663770292,270.81987596036026,Train
238.94621498904507,275.99219221580853,Train
226.12736450599738,261.20102604656444,Train
245.02522948070845,259.7380518679621,Train
226.20367795386917,296.64396732516235,Train
285.8032249958163,269.082432671373,Train
266.34804979591945,275.50903775315527,Train
257.2796410699962,299.2333555459751,Train
220.43671909610154,248.14381160494213,Train
237.27451861894747,286.172831956033,Train
345.76986621463607,328.2345146517219,Train
187.54903718009106,235.5425631329753,Train
223.49031834826616,253.16194307014914,Train
224.23179710854794,236.21577491991607,Train
222.24401041440416,238.05576269181063,Train
197.82736105824722,258.65900570802046,Train
150.72057300683943,257.44023932655386,Train
210.6035167887128,240.9460647675802,Train
249.2694285252915,276.771226031691,Train
235.3102649199745,263.33126396481845,Train
278.1555538318353,282.7146150897489,Train
190.7900339749214,279.35723133949347,Train
238.67823308516466,281.6932434299429,Train
276.3644403383801,296.3254193859087,Train
347.8035320574211,321.9876841324248,Train
236.76977067247572,237.05764514508775,Train
239.59662501058418,282.5852968391975,Train
299.7820382589756,291.8223485757244,Train
143.71888352005175,218.1318465703333,Train
158.51823009850375,188.44731665807913,Train
258.73215510080206,297.9022958850933,Train
268.00417442301983,300.3344995072196,Train
275.68267942640546,275.1965169193594,Train
209.22106526323105,282.49008704444185,Train
221.02459951242932,248.20509198440394,Train
302.3236032793338,241.5275051258202,Train
351.70020584227683,249.1046290500249,Train
490.6502211725982,439.41176816247514,Train
260.3243042483651,226.08524670541553,Train
285.2715371030226,287.5705217922169,Train
239.61608840710508,242.8078023396739,Train
269.79700290643666,189.57499869479324,Train
307.9333562597561,270.81842274356035,Train
278.14777377187295,255.64982917821305,Train
249.31552723088387,218.43472848770222,Train
308.20424386650177,258.10843470001146,Train
273.90057265960456,279.29335808637296,Train
211.69104944894008,219.2528709879048,Train
352.1885637091341,276.6546776905555,Train
257.6734770234824,252.22964448376686,Train
186.29953244716117,204.174382748578,Train
204.06553818111348,200.04580992607774,Train
316.8846017813225,245.41205833180248,Train
253.244711710589,196.44236035188683,Train
255.08331026879162,202.86343487182123,Train
265.84887839232965,285.1471555800551,Train
361.6440120349221,303.94579147310924,Train
237.80108473158026,229.45045631502873,Train
357.9180500164059,284.61018161800996,Train
259.2409246163222,226.00593178697446,Train
268.02008191879474,195.39095473633674,Train
266.87745172144025,237.81496068637986,Train
283.82541892236986,248.29130430219925,Train
296.3697510388833,217.28558706862177,Train
295.87221688321125,262.1660241016429,Train
314.54961110374995,271.7569290136951,Train
292.4939266231311,262.7817412471724,Train
361.30466123995063,300.7264179217097,Train
229.73134208935295,184.04844953247152,Train
221.16986621463602,227.6913571126462,Train
223.18252536639827,145.02315556876795,Train
241.3576170707303,210.62190305046587,Train
302.42580196670065,238.73396146702652,Train
244.07072921842393,253.03147641579812,Train
227.55426795700706,203.6173444010024,Train
201.22595307986964,185.53731088901623,Train
234.3096327195626,193.3435532706697,Train
305.8137424601091,297.35181791615486,Train
249.79953445214247,208.19043380554237,Train
308.99562875390825,296.06740416371167,Train
245.00907555330377,200.71969074304812,Train
287.7084631093448,219.31369923692742,Train
302.6384476366999,298.8156887682838,Train
351.65104312070764,277.1011251689644,Train
199.37363174993092,214.2867878758928,Train
250.42684893434642,269.51387348835914,Train
268.6244685018097,290.0465920514531,Train
164.9325801175465,176.5297658459012,Train
293.5513207013464,212.85702957690606,Train
255.15965335321098,206.65923015576797,Train
346.2334360246446,337.15205842223475,Train
262.15950350685284,220.98122438331362,Train
256.59380435068846,192.46494083238292,Train
240.25111295962483,202.61287407034698,Train
237.2896355866216,253.83104347032383,Train
283.98478725501985,252.95528564959392,Train
217.49518692586193,175.40795736984725,Train
244.42584046357308,236.89580526970343,Train
248.19391055063403,201.21319918476723,Train
203.88332628525637,193.75585626141003,Train
234.22731067765272,161.90710025288394,Train
214.58529920583112,222.11304462308428,Train
201.36563449307235,169.73875714194185,Train
365.2323748198979,304.14100961193896,Train
195.43936644956838,188.43741950760912,Train
219.88479222774535,221.92777206340094,Train
195.30647447589877,186.72097645975794,Train
222.25293488958079,228.64828422887598,Train
362.3763630896693,301.97338579556816,Train
179.71931425621398,192.88404813571233,Train
260.3225389953084,234.3143149594042,Train
155.48920525779323,151.32550177561228,Train
188.64185567245812,170.85119416047402,Train
256.98841110683486,208.68281687717638,Train
227.52710132930105,204.58645377249846,Train
199.740784571099,194.79914621495723,Train
198.3408119098318,175.53098370268413,Train
260.15284292793126,238.39292672813875,Train
232.33881634622884,251.9814059140184,Train
240.74998302640424,206.71560871114355,Train
249.8632126751238,204.0920981188566,Train
287.80962664021865,243.56780284277312,Train
246.8456692886419,197.9707401349072,Train
256.0172058545203,257.23543354168777,Train
280.86839917679663,221.1633608464396,Train
384.31468412306435,243.4716825843428,Train
223.48274645537532,186.1075015208256,Train
181.2698662146361,188.774621143936,Train
177.02670112122996,180.58984660297952,Train
216.4391338369666,190.01747970213776,Train
253.5968611213521,208.04950449030733,Train
228.70890894140982,189.83397994503534,Train
230.11047029880947,182.0939868537215,Train
184.4776418527059,217.85464376130315,Train
300.47131962675746,277.9664369196421,Train
213.53139070746283,211.07998483957311,Train
197.54144751252917,198.5310907409115,Train
297.61353241515997,267.16743350734555,Train
200.4732124149155,208.7215246268662,Train
219.3292435320193,181.50398723238075,Train
204.25746898659796,210.46876604564602,Train
246.9968014711609,252.39132792270982,Train
190.97068034379302,195.2718892171727,Train
202.67772386890465,198.713480691605,Train
211.65038337298574,201.61092199766995,Train
217.4832193767312,222.73372740271694,Train
247.2950999369379,225.03817933802694,Train
251.6633128656519,213.40242061593537,Train
213.77861017862023,181.7846051083291,Train
282.6444719504802,261.99129159149294,Train
261.8978984216867,245.83676480086328,Train
204.32112191053076,194.12292487607706,Train
189.81848888914777,193.90400784120808,Train
205.32218062078343,189.5480514957364,Train
254.8118657827659,211.70775786863854,Train
477.8286724013503,396.40436911447506,Train
236.18707872247788,162.20403119313335,Train
159.1205808821309,183.66264531565125,Train
212.81656280446487,178.42041430188868,Train
207.6920392614559,138.47015940368965,Train
217.90270342347702,171.7814526190448,Train
253.55791517987743,169.14117343092127,Train
288.9536203362244,189.2908320375821,Train
288.2461459250454,194.0173299398817,Train
255.18868141940976,208.0213171783659,Train
256.3558340272525,165.8394295026531,Train
288.64394352000727,192.5064073817894,Train
208.28456901834204,162.46272869004503,Train
267.59480582179947,177.1711903793888,Train
173.75133934949886,175.33131469830508,Train
325.2804248659586,268.20800401604663,Train
187.47069945403797,138.064798258225,Train
241.85228356772367,153.9507797287048,Train
265.1047923482664,215.15978866903149,Train
267.4391138612125,226.3827673517663,Train
256.31719545683393,255.61553727779793,Train
249.77333162037263,212.11697983163296,Train
222.86183727592189,193.40897035929518,Train
226.53815946809056,186.51801084919646,Train
245.7965027518594,213.86275750001948,Train
272.00544361035554,219.23156146041376,Train
265.44027596771116,192.91267562642125,Train
256.9118483828316,210.01957799109985,Train
287.03395884914613,225.06181961594228,Train
274.91690555767053,213.40070364906126,Train
290.89689289098294,253.95056819968246,Train
185.8168833438512,185.34152619688572,Train
208.21986621463606,182.99285559640268,Train
157.30291353958683,115.9768861827585,Train
262.3971174487478,190.50229165752307,Train
278.92529715936985,199.85037472133808,Train
199.94511766542837,155.4828687327874,Train
190.20112775424957,132.52211121673375,Train
152.13381954255942,110.64248975604482,Train
247.32067390547311,162.236694999484,Train
240.1066279306737,212.9474196188463,Train
228.94992575622393,154.08769809737902,Train
349.41273854564764,268.05925619213303,Train
211.16797130608165,174.68040024280134,Train
270.00929008299204,221.39829958422763,Train
270.0881219792965,232.70927586380697,Train
289.4858632063904,219.08405814783708,Train
165.49625005529745,113.07226170855967,Train
215.10222803317544,183.72492384717899,Train
206.70286392159704,179.15131124686457,Train
214.7059975823445,231.16394948373144,Train
179.79150860595985,119.76633427891662,Train
213.13465453887403,214.40939167887268,Train
199.3810329017755,168.16032834036528,Train
334.6707450914623,238.71142069477386,Train
236.10758954883283,197.40240758626175,Train
218.6210715474072,149.94828837293286,Train
197.7913003454559,170.75255968537192,Train
142.59574196760724,173.98531370457306,Train
179.27967648746375,170.58057605260433,Train
271.6861818916437,272.04449325719474,Train
134.14413859821042,143.92502738051792,Train
135.24413194984234,131.97101151215787,Train
166.24937607256808,180.51952691700794,Train
130.1127367912051,145.52743970999236,Train
213.0942754301441,190.36653559524225,Train
174.45906126523414,152.80762590432747,Train
136.79683512881684,171.19943441001487,Train
239.929129906859,225.31474338196008,Train
163.74493930511704,172.7922104112454,Train
92.71217575816803,145.7570868014783,Train
149.4411875327364,173.502363959576,Train
166.02429281284697,164.8949709997446,Train
203.902311885722,224.35603105398013,Train
124.80148184608821,162.98785792188187,Train
212.92882769290856,214.02023159176974,Train
95.96083783898214,102.22135669872739,Train
110.87475921760449,141.30041055393446,Train
189.56968908084724,195.79514815408578,Train
229.1723211157892,200.22249323071173,Train
244.28077707968563,215.1069064991209,Train
179.35181104586033,181.94372383739903,Train
190.25920318127447,205.21817273457725,Train
162.5710043339444,183.73867194993494,Train
172.97860641917907,152.49836201304186,Train
174.81836369505072,164.38298311436483,Train
170.76166044760365,178.29910834042727,Train
172.09247343483605,183.52151542660252,Train
245.00395710296502,193.37550822537497,Train
181.33607672107246,203.23601902503958,Train
288.14757877107127,247.71428013662708,Train
161.66953621394944,149.79628238139276,Train
125.61986621463608,151.74986930359873,Train
123.38180924680555,133.5585797131044,Train
158.87312495121884,171.654895868736,Train
196.63118135292802,185.7651225210353,Train
145.66902796134573,166.4197290700916,Train
138.63935268485608,126.32978856158668,Train
154.99530605127288,202.48490544238118,Train
181.68955522193437,195.7606403108589,Train
164.07424353398838,192.80635189946005,Train
157.47143008206552,149.19781546127143,Train
240.8739948831153,233.66645844999633,Train
153.87525067087023,161.1021750555612,Train
175.86028539162663,173.88814616111887,Train
186.29193232966009,204.06626120921618,Train
270.9631195540545,239.01187510241581,Train
145.70782343251278,153.90035481722376,Train
138.70840794979657,170.91376744806016,Train
113.81383935728077,130.87418285808104,Train
181.56164208400423,204.6156055919412,Train
154.4050428331623,137.130861561497,Train
140.08571273141484,166.33472326362084,Train
144.99417692621157,166.5500387706046,Train
210.32398940768653,216.5904947480383,Train
199.33472395813237,208.29435712567494,Train
127.39253092735107,120.21033352258486,Train
167.8476557818547,167.42252884375404,Train
207.21575622842744,196.55069219604468,Train
263.2215829402043,238.07851234397174,Train
380.40471091035,384.4594650406114,Train
233.52726669297334,207.82106769970704,Train
236.5928972113343,202.72282067147574,Train
197.98218968757268,185.56103163741278,Train
202.95037636952844,170.26265449809304,Train
249.5585174468951,262.90346511329136,Train
234.28601073441638,200.79575670993077,Train
237.71892702371082,222.1226574106097,Train
240.96999754256254,216.63418437781982,Train
238.09560187318567,236.86752927249918,Train
222.329584815151,201.11687422938996,Train
250.89180700425288,251.7358500454215,Train
227.6730557477166,244.50655012933683,Train
264.1970912379858,194.8195743946431,Train
181.42116128810062,153.61878875012178,Train
289.04850607736535,256.270377965792,Train
208.57201768126345,199.71666254473476,Train
216.50913353645794,184.6416670889201,Train
264.49627042816337,226.45743692482515,Train
320.1621637445093,276.3219298451505,Train
239.00772802944584,215.4473665278683,Train
253.5741259417817,271.7009285126271,Train
255.12411420110732,225.37352519869717,Train
251.25305229903825,188.9904538683261,Train
201.6186870083667,222.16277342707306,Train
244.60097032602388,242.76917097037278,Train
216.56497333719034,157.86938533616052,Train
255.66855408043412,234.7210444947537,Train
287.18300254983956,232.92509095357278,Train
272.78473648226884,262.0842836732426,Train
291.54446948348954,289.1061209212202,Train
208.69585672361518,205.0589565950247,Train
263.16986621463604,254.4191806933299,Train
174.39202772921607,143.9121144922451,Train
207.48553246246138,190.0422894696407,Train
246.99690755423723,220.79742830791196,Train
202.062357158474,188.99891251738194,Train
218.6149129242201,141.42567456626492,Train
144.8877404028164,120.91432738450219,Train
174.92002510528576,189.58693148713442,Train
236.5926596773588,244.38531388704695,Train
212.26736269911092,192.60246001657183,Train
340.00706501371684,252.50103206540862,Train
215.79730536367464,199.38320584092136,Train
264.6649747585335,222.63788691057982,Train
259.6481238017211,251.45698713850106,Train
312.93923782476463,242.46939263382262,Train
186.84156531584088,163.02938114263088,Train
203.2869341398237,192.4723587816574,Train
320.06078065882025,266.76005560819465,Train
155.40319905116507,129.50545062602788,Train
220.4654619650076,221.35608633230882,Train
193.14535252547392,209.1821353533386,Train
320.77590989478824,285.62119517772305,Train
244.23366078548622,200.29351492896575,Train
179.6600635046084,173.37445739122532,Train
176.80709766818617,191.29894286999257,Train
168.63541728902652,222.76604424332544,Train
249.22137884964337,258.89369088931,Train
112.3738344057428,158.13561732553697,Train
124.22036217246651,153.47867096389166,Train
125.48228937650032,172.92763335339242,Train
121.99105827029109,169.00216440074718,Train
148.25517583371192,169.81044228519812,Train
125.55301533956224,173.3587568613363,Train
154.40599330237262,184.72074271804482,Train
214.83596947193325,216.86399608772564,Train
93.3120139286274,177.9481140477537,Train
127.75561236982007,159.42098447985683,Train
109.29980808127954,145.97229705177315,Train
142.83090570133106,175.866473445706,Train
256.1924670177367,274.23021724834587,Train
105.46739441709896,158.96498114886893,Train
178.83582329385553,231.30832062041046,Train
89.33270021881111,110.76932174358875,Train
91.99729115186148,162.77358881640245,Train
150.0645451478868,168.9932105873193,Train
127.74238727217823,190.8931418437502,Train
164.937214912103,180.20216922463692,Train
132.17281457844882,189.78416815517565,Train
144.5556396619403,195.07025640639958,Train
147.79912747101417,202.31575350558077,Train
166.57307822135914,185.88368799681848,Train
166.91090889677227,194.68245048066314,Train
161.85487083055895,173.5295919500624,Train
132.30240631005836,153.82183781967308,Train
198.2368082412323,217.13059285956433,Train
155.26345857731312,214.40842021859007,Train
177.19275804180884,211.00768092380494,Train
130.76992528107718,158.6656284362415,Train
114.7698662146361,157.08657324595333,Train
69.32579631289732,154.9426987083204,Train
129.24494547279755,162.60518671188294,Train
159.7093235290114,187.2020803820728,Train
128.99246186949455,184.10455540395267,Train
67.97105192433115,143.62276408421764,Train
146.20665891223427,187.48470842772917,Train
123.10436661888991,175.55380450029276,Train
120.51692575138883,176.0679430746112,Train
124.30700043814824,184.27860481680656,Train
188.02419181781335,208.3466782808903,Train
122.75713738558517,149.8279140739948,Train
135.86253975169518,177.8758201187163,Train
140.1489562651808,209.5445545109621,Train
189.20389067614317,224.663531137714,Train
124.46674056647451,168.08503085925594,Train
114.76345791127153,198.43541987804727,Train
29.29485112663724,137.65937063420242,Train
124.20506431383266,177.23775494999333,Train
153.63280188652885,178.65089577023417,Train
134.57023858258964,190.5822464393631,Train
127.39581881125345,154.91472341750344,Train
163.37819404559752,207.10875191407516,Train
153.8798334651195,223.53984359375795,Train
112.51871800450435,128.95641722443958,Train
117.37125969744619,166.315232065404,Train
100.504164596424,175.8223285501191,Train
194.3298195901838,176.42473598599543,Train
285.7588324861863,309.97814230079587,Train
141.12409267614998,166.2188947097347,Train
102.93232178482447,144.41907648928503,Train
133.2448769033901,179.9033373168121,Train
108.23979715923622,99.20074303806044,Train
194.4913237903108,197.09392755426737,Train
162.90698363291227,199.49779424285887,Train
183.7194656115645,180.95524287510227,Train
184.22216908261356,187.64494030940477,Train
168.64246859616156,195.92237631960884,Train
103.67655942596608,159.8213620651984,Train
226.4072228343183,190.89896519579656,Train
139.79517097738363,155.46315829565495,Train
168.73488488231985,176.15349011569168,Train
93.02590339442335,98.53037947761364,Train
215.4181075728594,234.9047413502945,Train
89.09716626978356,117.34205963496764,Train
105.704285102303,142.40500226575364,Train
188.8636513509074,220.75724891309832,Train
178.26678088305806,212.1132411056812,Train
165.85789778310192,212.22834744461397,Train
154.6167472485853,181.9783656749854,Train
198.18316870137363,180.59455347681563,Train
138.05367381715993,164.24523837693368,Train
147.3241247455787,174.07865813763388,Train
192.11545331343285,189.071896320936,Train
199.4933705799022,191.75982147991687,Train
193.2971757460565,224.67097239407659,Train
263.52729350255714,213.93237324498995,Train
175.87656617675805,182.87636901767664,Train
273.85837530609,230.15991809624884,Train
143.64855208739235,189.81350798681902,Train
161.31986621463602,182.96661410399736,Train
68.39762842562486,101.6578441273052,Train
153.85079067711925,195.78117868820266,Train
187.62886007898453,199.29101057036854,Train
150.8271012625097,168.4226364203944,Train
90.3963322049033,132.92770057819348,Train
110.30770148243838,100.98806576270346,Train
157.89704848938553,163.3333550336775,Train
179.0700570996426,210.66050258044717,Train
135.3822290225443,148.5584780345721,Train
243.62878878472804,266.7525660331702,Train
166.16632547800882,168.30370130148364,Train
194.4595555214605,213.87171341609366,Train
223.15898233601314,198.4530666037825,Train
241.6934342082378,211.0794160547265,Train
76.80090283185737,87.21110347391074,Train
133.63424987888897,166.79795585974256,Train
185.2706594190348,171.45475574868638,Train
186.00114319370047,212.44916545297633,Train
111.92981733991978,88.58859757063426,Train
163.23512364381392,185.6053151445877,Train
126.9102923588375,146.18623210838064,Train
249.1593316872013,224.67058848757335,Train
178.78108265164957,202.3167181592981,Train
93.7060730880276,92.27200617090882,Train
137.77234984143206,176.95126057577883,Train
116.08034324032819,176.44290497141566,Train
118.40335519073079,129.03279602759753,Train
302.4959833167553,262.8883748801088,Train
151.90306720244394,156.27044460707555,Train
112.80383697033635,137.52963466971585,Train
163.1666099126852,188.78711958479443,Train
103.0562781650718,114.55927122078049,Train
180.46311844789847,171.6239287535856,Train
183.25082731733778,167.93193796391972,Train
160.08753633086994,159.23406915668815,Train
224.14975864545997,186.00831153908416,Train
200.45958132811987,170.87875380934958,Train
183.27175319638303,173.08938356624577,Train
153.5698209709571,173.67707751169584,Train
137.4697355618661,162.71969052505463,Train
191.73714789342472,166.08355632292574,Train
103.0822707066017,125.2863455536021,Train
252.7031337027516,236.40579583915013,Train
129.07166819860498,110.76873818125547,Train
118.18523406982527,144.30203916277722,Train
221.37251284336995,209.94840775613196,Train
148.81809839954263,173.38905976520442,Train
180.28161912272785,175.42402091166346,Train
160.177090619251,158.26927257981788,Train
208.73178131304135,198.04488422121736,Train
151.8987579669272,174.24145865640654,Train
166.74115445188409,166.26420350652256,Train
171.28969439211477,173.65964455803945,Train
192.85547454397278,201.15795058812589,Train
191.17241007854878,185.5070450940972,Train
224.8047605841603,200.68209859828548,Train
188.1591702688352,206.85461044626382,Train
201.77623772574776,207.77256692997827,Train
156.77791273782034,203.35869757144104,Train
146.6198662146361,151.55827057766106,Train
126.4672109545883,123.90283882211752,Train
190.73126748893552,203.11685090255247,Train
196.16834136762122,179.45048723588155,Train
149.17207757701013,189.863584184831,Train
88.93817427206982,162.42535307345818,Train
89.54567575271896,106.89773240136978,Train
142.18010217659963,155.18851519159455,Train
190.70832806755965,192.77281534748107,Train
144.3416199540382,149.7267547139967,Train
232.71223354207746,214.95006137191697,Train
117.80997271601147,145.61316513469157,Train
234.62532829373737,202.65214700011478,Train
209.72563658820087,219.16269347945934,Train
194.6016284949474,203.69043556858873,Train
130.96665261723066,124.64013046619478,Train
149.98209024228834,160.63232283770105,Train
148.0240828384197,185.97060468703015,Train
250.84605054749034,193.3127913049189,Train
86.44088283324693,108.40414709451025,Train
209.4844571949346,178.1575235843657,Train
150.55082858690434,168.34093223329424,Train
232.40541048715454,201.40731227949348,Train
224.04223654296533,208.1991091695598,Train
105.5267290236581,106.3233550472993,Train
171.30709488970544,196.1141107109537,Train
61.32268394364279,184.637656374423,Train
111.48444653814218,161.64309379763617,Train
280.00490687440185,320.58196009568303,Train
118.03785694827286,196.91200794066515,Train
74.09518944244249,171.5361486291796,Train
101.02170014695292,164.93605722449445,Train
67.73527282575182,120.61977395883446,Train
145.85892053939352,201.88858958528846,Train
112.7704520830631,175.78822654148243,Train
83.94653964768557,161.02730479273868,Train
170.17251868612084,189.14627672179884,Train
153.62004861562548,196.6231654152126,Train
113.33147606497812,182.20072961405998,Train
169.6247030488985,221.62055105731852,Train
87.08959706369748,145.1378101951493,Train
117.42907537400177,163.09899948729517,Train
62.318297030728104,126.76826851726744,Train
201.86120958584405,210.0610492308788,Train
62.527299230248005,171.5539162239508,Train
56.79753953061457,126.69311338825264,Train
162.92438550175518,201.0887194754092,Train
194.57971034680526,218.13236944128172,Train
116.91037450590092,203.73451311652173,Train
129.85804676731848,194.48987358204656,Train
150.59344189829238,187.468743512071,Train
103.97521640613141,182.55432023085675,Train
106.68071738882031,169.77846750883543,Train
124.7567803945862,199.96024329144228,Train
162.8360053098056,190.32098990207945,Train
179.81437403761714,214.2430367337459,Train
178.0464875331171,203.44111542656404,Train
154.68000275907303,191.1882421049772,Train
129.57744572439142,210.6241134741899,Train
99.73813848042353,207.13984503772264,Train
122.81986621463604,144.4587814816104,Train
39.00948405823094,86.92196626862402,Train
109.04338457760174,178.87497365557456,Train
133.2196101637504,203.78441560381287,Train
75.69761084976095,156.80429098381157,Train
64.49038492881454,156.9849463088192,Train
79.04986204973821,74.72320859582723,Train
156.99099175655044,169.45414578327367,Train
196.95493963623613,244.92789137252248,Train
80.94418585181894,145.53698039639912,Train
181.86630442395602,265.4883429925413,Train
161.44605221291724,163.32479297809058,Train
175.85404039623256,208.01642567220767,Train
146.18407478864697,222.74837954739155,Train
196.997696450339,215.64040311323822,Train
44.28925313955354,117.54892783030297,Train
103.19287883399105,180.43414292452692,Train
98.11421769391198,159.09873570666758,Train
133.2032490797239,201.2572328162154,Train
42.86827097344391,79.12803954869071,Train
148.26261098324707,180.31252810156317,Train
84.30925716963162,162.65938728530372,Train
218.18467582090483,259.6826598882483,Train
140.60425463664765,206.2065148583065,Train
61.9605084866799,80.60672812492554,Train
130.13480206657852,176.07358861074326,Train
178.75014216221325,221.8516010269668,Train
153.32446381752953,183.81051969251564,Train
405.47321653135,338.99143390047897,Train
205.5774417628824,241.53012948958158,Train
196.20795542461659,216.04187995862827,Train
185.79584397360696,228.44533579912198,Train
144.6970708945855,161.41169663398068,Train
184.8541056371528,203.21569032018212,Train
210.61401246061985,228.71858095592023,Train
198.64782830366823,210.65089105008173,Train
300.875620746802,261.3567439887701,Train
222.85230630519317,241.86422749380446,Train
194.38926309688998,230.22340806249696,Train
229.21885412643064,263.5654353927319,Train
155.2577476693134,173.86024960354067,Train
155.7924876188178,200.051343994886,Train
135.7540802421114,145.63391302788116,Train
239.64034944424643,229.32465642224747,Train
153.23720554707282,157.00804047899857,Train
156.4078474956912,195.8468583580288,Train
214.27102402796095,252.28584597836462,Train
305.9502246960972,331.2796298864862,Train
166.673235577631,187.9987506720769,Train
206.0891234241631,215.93932815163086,Train
207.17799099863717,189.93815430897249,Train
201.03143195178313,194.87327804413755,Train
183.2830137962867,209.057066932124,Train
192.85977363067167,207.35256379216796,Train
305.8245273051326,229.26463315525518,Train
256.7133123457227,246.48067781157937,Train
257.9671311349375,235.46012014877098,Train
238.62145957624017,225.36874814550862,Train
258.982592591976,275.68224935442146,Train
181.55081688206909,237.100703716927,Train
188.6198662146361,193.89887814460343,Train
112.38247196553002,120.99418589153505,Train
160.38943258744592,213.63373751260167,Train
219.51730047015087,214.50402736509682,Train
149.39877393890254,165.9027160059264,Train
161.10937501137707,186.09870016102775,Train
143.63357722066743,112.37917497127154,Train
224.32341053289468,197.68868098510177,Train
207.80471893387806,243.94659351230726,Train
148.72336756583496,172.22201025623406,Train
195.806811766232,275.9978633855443,Train
128.53715475699022,158.01634622344903,Train
201.4194485322177,248.9077239363352,Train
224.59258357893245,248.45530668537023,Train
267.7694782115467,235.43466479095278,Train
88.02639720216563,159.60835890734813,Train
185.2312407602637,220.87155939378343,Train
214.52122083953083,219.3211639088233,Train
63.91373165774614,130.94151741011842,Train
172.1971661259903,230.38678492311604,Train
197.37424189044327,246.14542478383743,Train
221.47869746229472,264.3147556394254,Train
247.56963765926446,229.72204222554564,Train
162.4490259801853,178.0222472221731,Train
195.61217874701896,194.25967768617812,Train
249.53870229058657,281.95958679022255,Train
246.33478972041678,244.28275487018655,Train
511.5814078818473,457.4918131169895,Train
299.66614917832396,268.1986188278212,Train
293.28751185145575,214.2956478241903,Train
263.16185068468224,280.6475164326385,Train
238.13498888381793,244.1644374688154,Train
340.3394058651688,311.51666130749214,Train
314.9707122808867,296.2743125713094,Train
238.45095681560747,258.98284777177525,Train
307.87866245790644,290.3807169682058,Train
316.16747222292827,294.8855510233172,Train
312.71834884116765,233.52699105170214,Train
305.369807117412,226.67077697810132,Train
250.4143793060041,222.40522553248155,Train
229.83101106880372,207.2099851525565,Train
175.912826930915,180.36521288517852,Train
298.01594850116425,274.2012893689624,Train
342.5123507552627,261.06344879794784,Train
272.5995513808771,214.9125983460076,Train
296.66321416747024,264.73974202748593,Train
340.3000838269115,340.36853978919834,Train
266.52634208253767,248.8591665625113,Train
309.6221647027718,289.05014739923024,Train
273.8530295266616,250.92111943160495,Train
283.22874112590347,234.70907577713533,Train
272.9270976033469,236.15003860615164,Train
288.3433271165399,297.43182911330695,Train
372.1512370560513,266.1765714996503,Train
291.1207203436163,301.85230124979813,Train
334.608783670381,274.1258158292939,Train
304.4974969275126,273.8848414776515,Train
345.5836397194696,286.63243438293307,Train
234.96211529360318,263.3136636880032,Train
200.5198662146361,222.69711673004807,Train
156.93238978176413,161.10338624169088,Train
263.64056040739194,253.5333713035285,Train
294.8998218441574,268.53772520687346,Train
250.37172372941535,247.22310209803393,Train
238.19477671158302,222.92604275314986,Train
228.12362943540137,195.1547263665585,Train
283.28072316698086,207.90088915389063,Train
333.72986197958926,292.6034512881034,Train
264.87569286322827,234.5125292869403,Train
289.59405701154145,282.18565586520356,Train
234.159192886755,234.80030948919187,Train
278.94650242359023,240.11129960149975,Train
330.573983895152,304.51122952830764,Train
334.07123564436904,292.973235513326,Train
234.63956459038621,215.72425819603515,Train
287.7610972961034,269.39672115801386,Train
444.4942009079373,306.5040913495528,Train
287.2009102298034,234.98823373764478,Train
267.7417403583018,223.14004029275623,Train
216.85965988726971,255.37139877171987,Train
281.5318848766467,269.0616106432879,Train
336.1846661974954,318.330471646069,Train
273.6306558063518,202.69592043458135,Train
210.43519601736307,220.6961315306738,Train
239.21993609334214,238.93764164836202,Train
284.5549827317666,263.1760875203144,Train
320.0029951497894,248.37685609561743,Train
404.0700142076343,415.96015374639876,Train
238.62780032045447,243.2178473607859,Train
279.2142778661571,231.2710502378352,Train
218.2020419237246,233.3285415401707,Train
234.61654446486455,226.577843826072,Train
272.8006860475879,293.0109372948521,Train
258.2229635329552,252.42742697510525,Train
210.69642729384225,243.71905245287604,Train
276.4322728687515,273.43768654153644,Train
262.4748243993086,291.11950915188373,Train
199.46163559470187,226.7385428997824,Train
310.1465504962161,299.65105934442886,Train
288.1917409509938,264.26971206070573,Train
250.6231125857645,221.19710429948344,Train
169.7442980494457,189.62184837901808,Train
291.2340539970988,263.5093731985361,Train
237.6080161032019,175.5762905199865,Train
265.59962887405294,209.62633854024205,Train
273.78385466890603,264.6815610141103,Train
286.1132437257286,292.553848609738,Train
261.7373052062409,250.13257804913528,Train
327.40150160492,271.22464332781533,Train
251.91590898082146,215.38720876999193,Train
266.78107903682655,214.44509711958196,Train
233.11613964391543,241.26763542844535,Train
244.30503327210278,273.248150064553,Train
323.8939651451447,245.93223154471522,Train
271.3501115270841,301.54283592304245,Train
335.69501066964995,261.261709232077,Train
266.7398518320209,265.7858089815873,Train
269.39707895050714,271.68870245977917,Train
206.8714467394955,193.53096917134633,Train
225.71986621463606,265.9851991694204,Train
146.50423595933194,170.05395702733048,Train
218.7471932717118,217.45552679437256,Train
309.77541051937317,246.66491536201363,Train
218.3188431438629,250.3438423921481,Train
204.53758853107928,239.73063482417479,Train
154.48602694670217,146.94444112285706,Train
209.02724914747864,183.49464222023013,Train
296.45415978404435,275.3582015829786,Train
230.35991538042524,244.96692734240435,Train
312.5375892270001,296.5264843321142,Train
213.49524010691766,230.66252927818135,Train
248.33789106135265,285.11949155161614,Train
308.1391204868185,299.01185514479243,Train
323.5553963349474,285.56131656481756,Train
201.1794466963357,219.6885036197585,Train
231.4286161427394,278.17135901401787,Train
308.59586165450764,310.9857534633692,Train
251.14351004881223,232.69312835330499,Train
158.74358973734962,205.68847651297514,Train
226.45299945789753,218.53768333459806,Train
230.6459190058596,214.09666893811755,Train
323.177857986228,335.38882632943154,Train
258.9623742313568,292.79875877122214,Train
223.55990122848812,226.7137004934399,Train
253.24924208218107,202.31808449869172,Train
160.6915369626131,218.46857184401446,Train
176.03360040492086,188.81990610438862,Train
436.23209915211726,387.55876814406344,Train
217.15168596966032,220.49188614608485,Train
233.7448010895094,230.60740939326408,Train
215.24559568566121,235.8808843682651,Train
187.02068762704766,215.52140433004195,Train
266.2577555671829,269.8744624374069,Train
258.8233626628276,250.36336264642557,Train
199.97049873607935,228.8645050653996,Train
282.3941195181878,267.2981301059261,Train
244.47961801550105,246.1626544851926,Train
207.25455523185406,207.15072830560138,Train
280.6163377993323,216.37531755068508,Train
188.2728884701281,258.8933560047374,Train
170.08318719441593,191.37141444500836,Train
159.82656926979104,177.317967052,Train
254.3393362609814,233.063104798491,Train
237.34787492054951,175.7515543346257,Train
210.162259325594,216.39668400751714,Train
251.40105017054822,260.39764184512484,Train
315.8428924291366,299.7692682187746,Train
167.80548887516113,194.9135645577638,Train
255.38303059619884,231.17520115265162,Train
225.9953511475413,196.0927433534834,Train
227.6021104599954,220.58575869960382,Train
197.8045238748893,220.64048614821132,Train
220.86939641998464,251.65111303973262,Train
340.6115661484006,217.1318375404048,Train
261.0725312332194,257.13310257628854,Train
331.11056965011795,240.01840975083178,Train
269.16554226618575,269.93844632740485,Train
289.41438697086335,261.0340984995219,Train
206.01118209482948,253.2805463919753,Train
169.3698662146361,209.94052078726625,Train
146.116252058252,139.28806839141578,Train
207.8527564608971,212.10522511114777,Train
253.2299603688691,232.1106446316517,Train
194.13427977661436,233.38319994845298,Train
208.77747469235337,224.87832146644593,Train
189.59373373408994,159.8201235601295,Train
265.1908218359068,175.68025010199847,Train
252.7924303106049,253.92152235559985,Train
192.11807591413645,213.75892511090294,Train
224.712918947,291.7595861032946,Train
178.4855023257659,197.48417472456376,Train
246.55643333000242,239.0080635471313,Train
277.0419901419889,260.2919704446317,Train
321.0524208470568,239.62793383326667,Train
156.41732035026337,171.4373774238024,Train
227.27635889720307,255.89875284778068,Train
260.74274397533503,278.4465404383755,Train
287.36694083739735,216.80918049361358,Train
106.39660472681034,138.04644819185458,Train
216.8876362422671,231.95006927607236,Train
235.41426453817837,255.4887937643679,Train
255.60397915149736,299.87742024428877,Train
246.08918953810942,214.83128258433052,Train
194.08195790613945,208.42329150221727,Train
204.35020306265906,217.06170332636157,Train
160.91887050259993,209.3909819965763,Train
229.8451934174976,208.24172346862295,Train
386.47310593638025,369.3611149174381,Train
273.6042428514744,224.00924330205004,Train
197.08008295355248,211.9653428693526,Train
210.479947570496,194.07568284242058,Train
154.86796366182836,198.39293436877506,Train
202.38744112636616,231.56987346994674,Train
214.44636061495578,209.03326224338164,Train
212.08062443012764,207.1750853272522,Train
304.01431645373384,275.8255411995165,Train
253.6933552639896,247.53334490390446,Train
199.02318265568124,206.75493473161387,Train
259.70595771333365,235.9788744101994,Train
176.56729392184724,218.5492435370256,Train
224.6935100866978,194.8944454088921,Train
172.95770480075814,141.85488741983448,Train
268.31552796816493,232.58636924122115,Train
137.72218978113915,169.25247945230683,Train
156.0037035697182,166.74167920490456,Train
246.17999188746896,249.52424213102105,Train
361.56551356082616,288.7484256968639,Train
209.04540818058638,194.57669402511908,Train
236.65963286483694,219.3823018978381,Train
230.62446643049395,164.46392781228596,Train
217.9143189464276,188.58512460289478,Train
191.46964057620872,184.43276038483265,Train
242.36823454905337,262.2945193650084,Train
359.41953423151784,264.88368321865494,Train
278.7377247389487,219.75314155059095,Train
290.0881989874553,230.2140819226381,Train
254.4242866699086,242.16292166659912,Train
293.6173377729079,280.15045846373647,Train
196.69777005299912,199.88479259025064,Train
135.06986621463602,203.40106844777858,Train
118.8260902262696,100.33589744274214,Train
176.4131306878926,209.17441274924792,Train
254.1910288599926,199.54415507806564,Train
168.68129915549628,177.7646817310893,Train
190.6438932691208,193.464326205884,Train
157.74473797469295,130.3729366005839,Train
228.25178765760305,194.020826985088,Train
245.44877183665452,269.09140680370035,Train
178.94863639304205,192.41482877512624,Train
213.092594397369,276.9869560218725,Train
162.862717129923,160.20203710757312,Train
234.48210433908986,241.95716983668132,Train
220.80890578465068,245.59319188817017,Train
256.9125027721907,261.41093804797856,Train
124.29927946623916,151.5873141370373,Train
198.93741202744457,236.03150892444327,Train
235.56044841093134,261.9032232441791,Train
235.0328245369442,208.62055532869383,Train
112.21149207942187,129.38272331426558,Train
205.7294748828586,197.4638872150851,Train
202.9186489177355,243.01206276600615,Train
261.1905363879031,288.50978674106045,Train
267.1022392841636,211.95205800916045,Train
198.64156605441124,182.58199839335865,Train
192.8719525768805,197.34914581710404,Train
176.6547741287344,220.4329085150091,Train
256.91961328670857,228.64942786774728,Train
149.93881562646527,146.1413129894393,Train
169.84283930906423,221.11823130373327,Train
190.96922982383947,178.1331448256611,Train
173.55553661902286,182.89636717720964,Train
209.698010196457,181.93087879946214,Train
182.17016661983226,193.792944030242,Train
130.49790067670378,177.8209989709578,Train
286.59180007882276,244.11822718249746,Train
176.74764158017058,184.44669186704348,Train
141.016959273549,184.58471456296016,Train
153.8240322417281,175.8141194789117,Train
188.39204129174195,217.85883593211886,Train
265.57657553076984,268.7599746156267,Train
120.8299286466852,186.79208588667757,Train
231.07956591153877,240.2641364388319,Train
104.6182833395588,124.0258715072463,Train
154.4034927225345,161.06256959647249,Train
234.94160316545754,202.42744427331172,Train
192.94321761363852,194.98183201718,Train
171.3206744490373,180.65573901819778,Train
187.7425107498045,186.92576516420692,Train
213.43184041575944,227.3929501341632,Train
183.8807476803271,213.12001596449744,Train
196.18051707259465,213.0520348711365,Train
179.4676718717404,205.00701658997312,Train
230.82497800316372,208.9555726285199,Train
200.44304263236063,215.90570658137975,Train
223.9899648579796,268.57488718404755,Train
231.2533994477826,235.27064638685556,Train
268.7892082488312,257.42806476021815,Train
176.73099501458043,175.6461091714742,Train
129.1198662146361,198.1904294023213,Train
166.91582088741563,175.83552281688114,Train
191.43903775027457,212.98906734046727,Train
206.89998675148234,207.3369447270751,Train
162.23929120699324,166.9718168365995,Train
112.72226161278219,145.37222657955408,Train
169.73197273722752,208.5214099271616,Train
246.6750623124728,217.58340478845395,Train
201.87183669446767,195.61396373678625,Train
186.66576906810892,185.93736694402375,Train
262.35045196814895,260.73755496275527,Train
150.88212024001533,202.08059067212855,Train
211.60885416063292,202.24267164495302,Train
199.6045357599239,204.98980482606524,Train
251.4589681631075,252.6641641413569,Train
157.9352252988325,158.7697837010743,Train
152.84748163952915,203.72300236422657,Train
158.56923517618816,179.71120102936334,Train
162.91840462159183,232.8659850369622,Train
206.07596073732316,209.318837431799,Train
246.06084243066675,223.8177850281374,Train
176.01008586878973,175.33803232443077,Train
222.62598479067404,245.63218276840033,Train
225.65713226669087,258.19159834680755,Train
214.89717535319303,190.93222729005015,Train
151.8891102973039,183.2564418172069,Train
88.32748924732726,179.44540723663843,Train
63.709219507084555,95.67352418603411,Train
282.09704920401117,271.961474292157,Train
118.1015701117056,132.10531170599825,Train
113.39724703874714,134.88697676578295,Train
154.14437210335893,161.66770100314028,Train
71.14402037284523,98.74012356828067,Train
166.81418829476127,181.10102040010557,Train
159.8653906743063,184.55550632516454,Train
144.26487011314623,155.62636456763346,Train
189.74052907417513,189.2158521436854,Train
171.13468288297562,192.41814334097685,Train
162.56835439771618,178.74293871224603,Train
149.05730067491487,179.59401442393576,Train
111.03627036982212,152.25007448922085,Train
179.62030180115124,164.51753044248565,Train
89.25617703952221,93.64695061770368,Train
215.7739149172836,205.7404067014149,Train
61.48408015609024,98.89882836244509,Train
85.65069920398153,126.89151658211382,Train
178.52158677924567,199.24856608620163,Train
129.516025826854,185.5287276571917,Train
159.1405576454404,179.7260219490136,Train
108.74929249390175,168.11822367139348,Train
172.26745543702808,172.2116293245464,Train
125.21529400653633,177.96548597963698,Train
143.71507465565566,187.76928183329733,Train
147.85683829288791,183.47700110753584,Train
126.35424764518207,181.64837338266182,Train
159.18387400878174,176.70659313227569,Train
179.86063677933478,185.08011842828495,Train
167.28383180112007,200.6264303327916,Train
196.62307920312105,251.07868130165858,Train
130.4509946576129,158.92656024297577,Train
98.31986621463604,150.67874457834807,Train
86.34752574073586,108.62580488896708,Train
131.57889158470874,161.57699032612007,Train
166.06236621583867,201.4845802350572,Train
132.82214998089162,151.31463400594896,Train
114.92140431220268,131.6609896650779,Train
67.74240179982957,121.84444539435424,Train
139.64518664872367,155.94553528829837,Train
195.52789725472314,181.1151247151105,Train
106.4214882947018,141.7440415829686,Train
184.79773859581792,241.08684280782126,Train
116.36805764561231,145.52174062628723,Train
171.5363089439361,195.88504362564453,Train
180.5494472553278,196.54437867083269,Train
179.87359132521107,218.76098460395468,Train
76.90488725590534,111.34011368090263,Train
119.56860634521352,172.6751846496315,Train
164.12117400734786,152.0952726713288,Train
119.30406037261655,96.55446809054875,Train
177.36156257999156,187.86736195304164,Train
120.44141586789372,165.07335285160738,Train
205.46347491636254,194.3053477579923,Train
204.94776491748516,194.5621802869648,Train
89.47583859599635,100.82799550660259,Train
169.97534400915643,192.2909102701889,Train
135.57748756653808,227.9492283065025,Train
81.83058404106347,134.88513909912876,Train
311.45090861715676,316.22375609146735,Train
164.49606457052266,204.82937420141204,Train
137.31003188011042,157.40987177309438,Train
161.00119886412537,214.05474899867025,Train
115.62729460288304,133.07165644795415,Train
186.21290578299687,180.7901857736504,Train
168.25574304695562,191.23729438332822,Train
141.0023647403169,187.97427359511138,Train
226.11814545417417,199.47209080837152,Train
204.32012842070102,202.99342226213372,Train
215.50653793787302,196.33596279570332,Train
192.49681270315077,170.30638371427756,Train
153.96874401569374,163.90823499569376,Train
173.1950900550141,172.90627339293695,Train
122.51688229466905,147.88696430158177,Train
253.86175144720698,227.6470575716473,Train
124.60990002009814,136.6379862353308,Train
78.35193205471741,140.8944449133396,Train
207.31964585126616,204.86094501007383,Train
242.83956390360316,223.38199030721543,Train
189.47292623340255,188.1887934989603,Train
166.17840875207048,179.59743908765327,Train
212.74103781825744,177.44886419162074,Train
160.55906834421262,181.63475194873948,Train
182.95514452132767,170.48910497788117,Train
181.9198223058048,182.9476428588451,Train
244.57064276188294,222.1560766291491,Train
229.3711954910048,193.28231503628123,Train
255.6165755385839,217.56424413183905,Train
180.5263269796557,199.52854458596974,Train
237.0575114915982,234.32563021291247,Train
157.76601163416103,188.02128833687894,Train
178.46986621463606,185.06524628076917,Train
118.25139992204149,113.3921304395698,Train
186.49878601695087,213.4130869129436,Train
194.18435388491605,185.42472460918927,Train
160.542761107583,182.22889054924855,Train
146.95008407374903,143.40988837545294,Train
61.58469613497704,110.67323982861849,Train
178.0769619610427,156.92313940607707,Train
188.91121650957922,207.64336085952317,Train
136.51495265811823,153.69470441658584,Train
229.58376096919181,227.08944604970873,Train
151.2178530434425,159.81871154028968,Train
216.5975755462331,208.57369153094555,Train
195.94292662701707,230.07054799441923,Train
203.71775952686397,235.04022523021882,Train
87.51523320785384,115.58043877473726,Train
156.20114369098064,178.23345159451267,Train
129.06382788580623,170.59364906042364,Train
182.4457340924455,198.97391837685976,Train
102.82398769380265,96.567950369743,Train
146.23738268411194,188.54659783080848,Train
162.9852526308339,158.15534115963752,Train
232.29959124629013,234.91516947676178,Train
224.70565481968623,197.2694714134602,Train
18.177620343827527,74.79433858723658,Train
173.5298121864433,184.34256258474593,Train
243.7029942231031,199.61480260688035,Train
257.02167179671017,241.43040038983628,Train
357.2733833904873,254.6959873769412,Train
236.11813035035857,178.31318129326917,Train
250.8409953426342,214.14932607783498,Train
288.2861214441007,216.47048347277837,Train
292.2059897343214,212.3024372919347,Train
249.63647780843627,182.8778325086817,Train
269.79267147583505,223.5247422454077,Train
220.71407654536168,173.79943135163907,Train
361.26613063558085,272.7809015126439,Train
252.3307914464518,188.1276272690178,Train
254.03772300145474,199.26055544088538,Train
261.8404772379917,234.04326206392415,Train
279.1527170969977,236.02006904541136,Train
190.32244196948815,191.10991291255286,Train
296.18584283101444,242.78661683597096,Train
208.57764241730058,124.24761785577121,Train
242.88134302710463,155.64001518125818,Train
318.9348339604094,203.25761636499826,Train
283.3486106996844,234.34209860818984,Train
225.88391026969842,195.49413414132368,Train
255.0737915534101,166.00612602656875,Train
282.71562283258174,201.59078712599376,Train
265.583543011431,196.09999480749443,Train
272.3784097170803,186.9991889110359,Train
260.2330895838734,222.03360572680214,Train
319.5567613940804,235.46893806672378,Train
290.05297619667067,202.64489785819583,Train
284.1109550505571,216.17663736973896,Train
280.30336039149716,248.28461776358176,Train
422.09572433645667,317.5932830962007,Train
262.12865366331937,194.34917409274829,Train
267.01986621463607,173.55056796662117,Train
274.2290541014531,151.08096921108412,Train
257.3063340138885,201.9518003379893,Train
280.4294895025782,224.3207591604913,Train
259.2144137933915,199.88939624831423,Train
253.80453456865934,209.1042209692673,Train
348.6222556687967,271.1268949390466,Train
279.6159470064471,234.46564025559846,Train
272.85239708167114,189.61030443642687,Train
340.35044154165473,285.59312909201617,Train
240.44957073940435,184.72164578090445,Train
278.84347621449706,195.33609017328308,Train
274.48904950571296,218.0156028951899,Train
325.27212165801745,249.01212999524245,Train
273.8847443258322,190.7707865702176,Train
248.19457620666014,203.26474844694832,Train
290.27088122208596,225.35416228973773,Train
307.2586241303768,196.4868367733071,Train
244.45943164155997,208.38865684216788,Train
323.6588270714831,284.4948114057451,Train
285.14354366410305,256.66417235963326,Train
248.03365384158326,216.34746279296795,Train
141.81871141832792,174.50608589310082,Train
109.04440475060127,109.78594346093855,Train
279.57303589140815,303.88763772901643,Train
157.1311482311154,212.93476672304232,Train
159.24179939901757,183.05861542758345,Train
169.45362608582388,240.20062969919903,Train
125.45425110616983,121.7024520373745,Train
172.90448574391837,180.82291746551422,Train
175.81311159499006,200.5913718995774,Train
154.23403662510205,168.59596918474656,Train
256.8367421472142,226.6369383913106,Train
210.65335432403168,244.19506492385733,Train
200.98401414288858,208.87533957666597,Train
187.61552709972577,158.8830743149813,Train
144.99329791172062,170.34845751460384,Train
136.04739855163803,207.09777498179014,Train
101.04020172567837,121.95267422407146,Train
244.42724650417978,221.01480453523686,Train
122.70943691795435,113.99478002234206,Train
88.31859232149773,150.16824587518482,Train
205.77542359840066,222.05047824560037,Train
179.37763447760784,225.19071102249,Train
137.47124890508815,177.4384590425026,Train
180.23045204256866,191.79955023745072,Train
208.8937319963183,191.7400352710255,Train
167.15373740011302,185.5950337491696,Train
155.8229106926466,172.5576289437728,Train
167.519026687428,176.099243220923,Train
260.70511479620126,213.9234047465077,Train
237.8094716906708,204.48856240716037,Train
244.03875430813196,209.34621380483568,Train
205.78954669311233,202.68197483832395,Train
203.76708415095152,213.50081229400448,Train
158.45806730440717,186.1929751209043,Train
171.81986621463602,188.94727258530705,Train
110.91173506431161,129.81854458086895,Train
173.06397245766917,194.46280207529858,Train
199.5372060493395,179.64553245150017,Train
154.82898032534877,179.2018745104757,Train
101.31030536848212,172.60315696261827,Train
135.71228443729294,110.454906214133,Train
209.50405823727723,167.63373347647243,Train
184.1779863947266,230.99760434802585,Train
133.3955986040975,159.95235276752027,Train
212.23181085153007,213.6568619800249,Train
122.48086888147432,166.65526971511866,Train
196.572321310427,215.08873781943188,Train
205.47017703361644,235.60834024386588,Train
217.10782152289804,211.0937251362101,Train
112.01474067982636,139.425843990268,Train
153.73989384973473,215.18203725157238,Train
145.32362473976048,183.68463475406855,Train
179.75623843354688,198.8865262381389,Train
89.94256056719333,117.08502235789476,Train
174.4453161745697,178.03858847030475,Train
145.70972385544405,171.54032940438535,Train
220.86344290519745,240.82420736474793,Train
238.69131005047643,217.69531190601114,Train
130.90847227099255,115.51142592107689,Train
169.58656350196893,177.35613683063406,Train
299.9709094604246,302.08709342934924,Train
274.5865939566553,244.66709928532953,Train
466.0027804514558,374.593427738616,Train
286.5919862535128,276.49784680754374,Train
413.96300246433725,320.1274251566897,Train
290.76499703595397,280.7499709728813,Train
334.7003944634511,265.51823342828186,Train
317.4237253512901,313.1010695966476,Train
325.1234104629086,276.3061261996555,Train
287.24779865560436,259.9913518352228,Train
340.44814935906544,307.78185446479813,Train
342.6141612126977,313.591018707998,Train
265.66065797397823,248.17014132066205,Train
355.5976309698136,314.1628495602456,Train
279.7113991401849,282.405293148707,Train
232.16681145276,219.08978558257283,Train
232.47364615189036,214.3525519456733,Train
315.5865537318212,280.1808029556468,Train
277.3704833534555,257.01397449148567,Train
327.6751658668885,245.12752753101756,Train
337.86658490245645,291.53414508132386,Train
315.30866685847354,338.59266147465337,Train
268.9653398510056,249.8179564334201,Train
354.93522237727996,330.39730178228393,Train
292.9859965163169,280.8042138168395,Train
287.68073802193067,281.56789300379023,Train
282.30652383399746,265.1701688108933,Train
322.77509898819585,313.93389314230257,Train
241.96179195515452,265.27374622166974,Train
325.6748086961425,312.84807776417523,Train
353.8494286561582,299.3513209329356,Train
304.3470563874422,290.0807740416974,Train
379.6580998678855,301.7154097122083,Train
277.46943202779096,288.5921132762808,Train
285.21986621463606,298.8630433304557,Train
205.39522367073693,230.4307598186933,Train
270.5271154847475,285.53402112883595,Train
308.0047619401896,306.0178169769901,Train
296.201971304601,264.3612903723115,Train
275.24501385089485,262.214924661856,Train
252.28415387621465,272.8383847260893,Train
353.305848444528,306.04427373514767,Train
278.7684961821557,225.65233513794996,Train
288.18940149356155,297.77662291313334,Train
303.47032495465606,267.6671379122011,Train
317.22831889023956,294.865057178206,Train
381.8036475091812,354.20824389709077,Train
385.40711936511855,328.4466586524052,Train
256.95811295076845,270.54548448568863,Train
314.7311049677606,295.3327694783943,Train
272.0796986978041,289.0079722250394,Train
300.19135348618755,244.05554090950878,Train
197.52446115216728,183.07954331250045,Train
291.0131914612,269.33575610920224,Train
309.46297012791274,292.4620980521125,Train
374.92211808293297,335.6857032835043,Train
313.4191534200389,244.86798339991466,Train
290.0550890009651,300.6688476661368,Train
249.0045339687614,272.97903173941927,Train
189.03614013594512,244.21164191280548,Train
251.26320111533389,176.32037286059668,Train
430.9583847074689,374.58356690301315,Train
224.67515102702748,188.43292883217435,Train
195.00608505247084,174.56056295187398,Train
188.69192644408446,238.27146885331072,Train
154.97981966971847,171.90946935149367,Train
215.85175946258988,260.36699898379345,Train
209.9308275425381,220.87997921537888,Train
156.67690951647648,191.9781233725302,Train
258.6928164250682,268.3140812132174,Train
212.5374106898654,225.42220238536464,Train
171.99784580579504,231.41342162038225,Train
243.9441093924458,237.3830864156331,Train
196.81642866650856,222.86019729078967,Train
208.94836634631093,211.27068002789454,Train
147.03061208228726,126.94043716718342,Train
231.5353137250317,215.16955768727206,Train
192.8185900488976,196.7002084764193,Train
142.26620868618457,174.9218453253075,Train
216.8667973168437,267.53792510962535,Train
358.45486912192865,306.6611260393042,Train
190.3242452426959,234.16019299129863,Train
269.4815352141306,252.44579273303216,Train
207.76563655555225,180.38035042910585,Train
215.46298038097888,199.44522166489776,Train
181.94626853399222,211.92334773599183,Train
227.06937281809536,241.79343851640155,Train
304.3160695660904,287.0496062046489,Train
241.18144192152852,245.43991152464534,Train
305.9433253806967,244.71859888453423,Train
222.29598910860466,244.86660744372864,Train
325.54575724178096,299.6397742944581,Train
176.46437837665206,159.4163708653456,Train
140.31986621463602,220.11510306086382,Train
101.89530718534343,113.53943032811223,Train
175.33885957897633,203.22587705133066,Train
247.43421653381046,210.00654463873533,Train
164.88062843150774,196.05388186964134,Train
173.07096206985187,191.52469496564572,Train
142.3153119419991,124.76494643593648,Train
206.15323006847947,191.2567746856969,Train
243.2621839942097,259.06862968610466,Train
180.96740742002123,202.44471598630915,Train
213.2541139852263,282.2563975416929,Train
146.17629528829232,147.77754413675316,Train
209.83879600890612,224.6248526825455,Train
220.89486219485167,242.67482673627399,Train
260.580175492615,226.7623629791225,Train
117.75576680705322,168.39030703036866,Train
202.68718185630325,236.0031320468684,Train
199.680689514189,287.6605954153478,Train
216.2315408259488,206.43066356540692,Train
162.16382001439732,149.96915039017813,Train
211.80912234585327,216.7640354452452,Train
191.66178577214893,241.35687643689047,Train
237.4703090216375,272.6600391207189,Train
210.07953979191234,183.06408223905228,Train
47.707170112932175,111.39986547857761,Train
157.03791925042748,184.52243961203575,Train
190.32223532011872,189.18029173592433,Train
174.0018227640331,151.15102862088463,Train
352.48341818629,296.8920161318452,Train
190.34653918051623,166.00221674387598,Train
161.0562815168359,153.70524844436144,Train
208.64412008246566,200.05997105624854,Train
122.14001865081272,112.23483552127422,Train
201.11926154958684,167.89482609090624,Train
237.52275868150556,206.76640746879826,Train
253.83668856265902,180.492085395122,Train
269.9945961427629,197.6129697064206,Train
244.71554119521025,193.35832196527863,Train
183.08501768243144,176.3719636317753,Train
191.61101824021114,154.88553957986548,Train
181.82314762509347,166.68778931921452,Train
233.06143358519557,197.45496269180896,Train
118.32354243569975,137.1882806371183,Train
269.35393612127143,200.04857299556687,Train
142.3171609143866,107.66767448058512,Train
152.17447528281602,146.4895175219831,Train
245.98252414350168,205.9702711163188,Train
193.40832244025165,177.45471653989406,Train
187.0802075217053,189.09242812542038,Train
207.2085625560527,162.03839978948196,Train
229.23488352976776,206.26634916548383,Train
196.36500119785197,191.65216353727288,Train
206.44959715735234,199.2904613846514,Train
198.91125312720743,192.77088770570518,Train
219.99112054875053,167.22757564880558,Train
217.93135440233277,178.1853244551982,Train
234.40935285392356,228.7638987570293,Train
227.01086223053437,207.08819103810166,Train
218.7052710070921,214.3685325936927,Train
214.61792048540443,186.5423820320449,Train
134.71986621463606,153.5875158216437,Train
164.92560521612862,127.36505264555359,Train
211.479034823923,170.66092209090488,Train
228.48847236898732,218.54586218993222,Train
211.3943696985567,190.97773307740474,Train
117.4656746634524,127.44751831415617,Train
140.95705581694858,151.06643389736846,Train
166.65326989153255,170.25848053388157,Train
213.3869929808362,195.1156674459329,Train
182.00137574263894,147.85770756368166,Train
268.35145699232976,248.52901273958653,Train
162.22572268661256,161.89996230637507,Train
239.0968579624732,210.26277493214602,Train
256.75036718598005,231.49306610745754,Train
221.13016280415064,211.760530746901,Train
211.78805539002454,151.0282463217702,Train
184.19212091999117,197.39026628287576,Train
126.74934727612626,178.9595275057194,Train
262.46796198121064,205.23382424198368,Train
148.85987458133206,134.42487868634637,Train
229.62396532788904,171.75192312364223,Train
196.13021501493844,182.03057613321815,Train
262.5252175874123,195.92118253546073,Train
238.3083941896527,223.5973206419371,Train
172.75511441317354,147.0177177883844,Train
216.2729560868087,199.62892584247388,Train
355.14609667857684,297.64925514074923,Train
311.8972686177989,244.5481653204801,Train
492.6082213992375,454.32027806176416,Train
320.2501110557945,293.0266774723295,Train
486.9600558970177,343.28952983035975,Train
314.6877890517973,277.181696347702,Train
348.21077513670303,288.5034293508948,Train
334.22734640656427,304.89885207114827,Train
363.75982375892227,328.47941810431956,Train
282.4738431645827,279.8301665687691,Train
356.983395374796,309.3099597377038,Train
362.9870645514475,332.10484553220465,Train
295.4079280748918,238.48925554314263,Train
321.38950335317764,287.3469361550932,Train
302.76077776856135,296.8070490400528,Train
270.5462078053844,240.30968868128312,Train
276.5530951513245,204.8235083232063,Train
359.87160509293517,294.2022234600904,Train
291.47867883870083,265.70388288499277,Train
352.0944880622487,294.6791400647817,Train
363.7134436288132,321.53854387360576,Train
421.83741325810604,344.0986231979863,Train
275.11390984066736,256.3482944026981,Train
352.699546171073,333.72231480875627,Train
338.4044554260353,301.84588377575585,Train
332.2659847312477,276.26748998041097,Train
339.349421472602,290.2016914655732,Train
337.42988131170176,315.7940110014949,Train
354.58289675589833,290.8267433509885,Train
347.0964894313313,309.6029034478118,Train
424.7546436397794,271.59314071978184,Train
324.51924776152,292.27031101006924,Train
358.99992891760274,295.72303804795007,Train
317.6351797509279,292.34073067101156,Train
297.1198662146361,304.52158664568867,Train
265.2972354552139,229.6405669865384,Train
286.819684438626,295.3927374213838,Train
339.5837316275143,290.0087786098332,Train
295.98901924562784,251.3756124648992,Train
315.95774974562784,277.6663576519954,Train
281.32740904455113,262.5933353234534,Train
279.0367783610312,268.2902598752408,Train
364.55943282008616,315.02188283058626,Train
315.6998797325868,285.1903247064601,Train
366.7031686728223,308.7648945043032,Train
382.6301763282213,300.31273107309084,Train
358.7985697012689,301.69420448035794,Train
373.64943229371454,358.6569242092822,Train
423.6127522910484,339.8887601025859,Train
322.25215184410536,282.12267084500445,Train
347.1343180357684,311.8257268275394,Train
318.9388908569215,311.56865682440264,Train
258.7997656741374,263.8792854137423,Train
270.69349538892277,227.5879917151004,Train
268.73921734385215,275.0357826477764,Train
337.51782379349737,279.4356892116268,Train
388.73635256743614,362.60484490142005,Train
338.401604917478,305.34068345433315,Train
333.0355686947547,295.0384362457111,Train
326.15598245030384,247.84387440603913,Train
190.7375332255099,179.6094159425641,Train
198.55294127792482,138.47021199596807,Train
369.7913986217484,305.9592019002161,Train
182.65889530509529,164.07361084933348,Train
164.84917417013048,167.93200935103147,Train
180.8564211742473,157.608370419204,Train
154.38476193649836,119.18230938111955,Train
215.53336327570335,178.78392222053327,Train
213.73913326563752,156.65385041122605,Train
257.30107759376904,169.38031437036665,Train
287.77116909379515,198.69774786571847,Train
203.04771445356556,180.51094485569908,Train
111.9573773813729,140.94409135055088,Train
210.59959564931683,186.48224616859673,Train
194.30881569830365,148.70193162055486,Train
247.99527893662196,197.40384389845195,Train
149.6142614107861,106.92872031226503,Train
279.4595530145011,233.75369710311605,Train
157.4589177886342,114.66427998475058,Train
163.81799124423225,119.50292223254188,Train
227.3586131072405,210.34294566799335,Train
174.84961428649086,191.2501950835742,Train
313.35572502043635,244.40297351863606,Train
195.65231712432802,182.16898197721625,Train
223.08708186738,179.53543077150823,Train
202.54270271544328,179.29508683825028,Train
221.4819445548306,181.09674836985764,Train
234.94098077775396,189.39397605543877,Train
200.60069594021786,210.63464100763827,Train
233.42337962228885,199.42516846185342,Train
257.2788352397892,195.05447535060898,Train
272.8067805137589,198.17788829355905,Train
307.2779550070684,263.33632327194886,Train
154.13418500394133,187.80876401557362,Train
169.71986621463606,147.22100325808577,Train
145.53722114871147,122.36511943505505,Train
176.41091444262162,141.6669630595345,Train
250.32478948317973,196.8373221864829,Train
176.4200910752601,150.51424127460868,Train
169.86017349123227,132.44612447990772,Train
146.04672615801329,112.71557432415605,Train
183.49351847118044,181.18613841314155,Train
218.36465794129856,166.44392092751613,Train
185.08654852067068,140.90963269222806,Train
280.69585072773634,241.06098425732577,Train
221.62071405879982,195.4588917221576,Train
225.77414673408254,185.9253131282394,Train
246.07984718893758,219.35250645287698,Train
285.0656265157721,215.74819104739748,Train
96.25181114975388,106.65611964570549,Train
185.63650246968808,202.00235766953858,Train
171.7566525603492,124.11052652148503,Train
230.95308432227395,218.83497179278393,Train
139.103140233796,122.25531103667709,Train
190.70639392993806,171.5203930502947,Train
189.22657356054373,164.3039581203238,Train
297.75761097695795,231.35916577879414,Train
222.1979494303808,191.19539556480242,Train
113.0362949928338,110.38077077994038,Train
207.14185612187865,167.0466996174082,Train
237.6217796801044,287.10894411864393,Train
182.6942799364507,258.0528293267909,Train
319.68530793668975,378.4351850179672,Train
215.1855801046798,281.68842053044153,Train
275.5711707535539,327.58101778932894,Train
223.69366588297305,273.955335870253,Train
229.11942628093502,284.516358137094,Train
253.8936076331987,299.67836400988193,Train
246.3867133416071,305.8278605682522,Train
227.53683873059083,285.431024731176,Train
247.23675041120748,300.4363726840524,Train
305.23167518078225,307.64245052462536,Train
230.78405443770606,246.76184554815754,Train
230.97131290100825,279.3066184821596,Train
224.79126702014332,295.03580005354763,Train
220.33510496117296,228.09424499847847,Train
151.8875730164758,217.05190665706152,Train
262.7603440467438,306.6522007771802,Train
196.46732944585568,254.32095408636806,Train
227.92052363248155,282.83087043028337,Train
284.02482611335296,324.5051803546406,Train
295.2663921844538,339.5285087471849,Train
183.56483389923193,237.57365830661863,Train
189.50086404573008,253.86514995102303,Train
269.2856835786166,288.42310492394824,Train
229.1671283137539,228.90166890157104,Train
206.34069143033454,285.2951813229013,Train
264.4671434683073,294.15301096800493,Train
222.45936647825795,217.78595984635234,Train
286.5995735067951,293.47741741070723,Train
289.8191790259776,271.0603938841343,Train
263.03066475455046,300.8723559415062,Train
250.42873616417785,292.9908007710468,Train
221.40288489819352,304.6809371192503,Train
274.01986621463607,305.13224339836955,Train
132.52507173474413,224.373489664954,Train
247.1594205458269,280.5374548112719,Train
244.20285040688134,297.4794694425872,Train
199.22575379647517,270.344238578364,Train
197.0083658401546,241.5101538927793,Train
180.94298355209486,229.82442521842736,Train
232.55421923757336,275.81699652126593,Train
250.78789761846852,309.81786925465826,Train
245.3640390247823,289.86665807003743,Train
233.31081755668427,282.7676556338006,Train
296.9552602124098,322.47404882953316,Train
275.47777165095306,291.6895982943158,Train
246.7535294706268,311.7341677794671,Train
342.23204361286884,330.439028666876,Train
176.03368882340547,258.6887406561012,Train
239.3510739915892,287.282432561017,Train
199.3965943929554,262.2616398820101,Train
167.94350531383265,292.57919049733516,Train
93.77874316416924,192.03756437852297,Train
189.01705609364592,273.9610788563459,Train
229.96597852820474,290.60724489569475,Train
302.6993320676093,325.15201248680614,Train
250.91555466412993,269.44612131224653,Train
280.5995233819336,291.3476044266555,Train
274.6848663397733,289.1859629758597,Train
157.97666092310376,210.07851880889584,Train
194.62231002606705,205.6354457438187,Train
360.8507998566812,372.49309141702906,Train
215.6139333483816,191.96084520542456,Train
165.50172278411944,160.7071310805623,Train
172.73438982781727,198.37223216324583,Train
170.07793893879966,188.3141216770217,Train
194.65672171380814,210.1042061569158,Train
197.24175800986936,221.71105333826975,Train
204.65021069412336,211.82069944087905,Train
220.28553514055722,225.88201425010638,Train
224.35533905299917,243.6831523350708,Train
229.72750457020473,168.16360847097212,Train
285.7181654051678,227.53928482264993,Train
181.81351812945678,167.7135900474566,Train
193.02582047701964,177.22905145105435,Train
150.88484628741907,146.56961401222384,Train
254.0720259898452,246.86750726765567,Train
130.7948710318254,129.28028494172966,Train
178.971252221966,147.04139548450928,Train
214.40143269330287,222.65435657633762,Train
268.7352560588681,253.63521989008134,Train
204.67970642647293,204.70682169636453,Train
219.98218972506504,238.15690103712637,Train
181.15265880663307,218.1073793906911,Train
176.66492405408678,177.89790942211687,Train
156.69097795413245,194.2011455681618,Train
217.33897395877221,243.34902204573018,Train
178.05199859203967,190.24746063759204,Train
238.46387253784343,241.25732340231252,Train
235.04007559744826,200.4848007142656,Train
229.60509843116125,223.17292961197595,Train
280.5730090479507,269.9721705653484,Train
163.98267096874076,194.7384180637341,Train
187.56986621463602,213.1707026880637,Train
104.15660077260276,109.75055546072684,Train
189.4648580293358,195.4486009070599,Train
224.46976248265696,226.00526709026445,Train
158.17340933052517,174.86674086245773,Train
154.50173344580787,157.88431819761115,Train
141.20773367013823,98.07978699853477,Train
193.09168737802466,178.37749210073014,Train
209.77814395436414,246.4048590871739,Train
173.89762644437792,171.40249637474787,Train
301.3774435991556,273.4536611771151,Train
190.2511201790473,180.2997504657307,Train
231.31834764985436,228.23825441784396,Train
222.13102811623276,232.0617528493837,Train
293.488091171949,266.92557712963884,Train
91.6867134656728,122.40803666470171,Train
158.4151835659148,202.08751348477594,Train
163.73346724781783,188.126440858454,Train
241.87850677798025,217.81407698934387,Train
122.32977873908153,96.37725455171085,Train
194.2224717877586,217.04013452880787,Train
166.64144659567577,168.6842485635979,Train
280.3735131352564,264.89853253050177,Train
208.0229873771347,195.37938349126654,Train
149.45472940744634,138.26474726625486,Train
187.0274220888505,179.91216830829617,Train
186.27336788684167,190.67725300851578,Train
163.20954007587966,203.63304326788085,Train
331.89411843125947,254.7974985143386,Train
174.71653311910904,167.3200952414414,Train
143.2799902140187,142.9592798537459,Train
210.49271862229728,194.85536117666888,Train
159.93499260571508,149.6449867667158,Train
205.87894399998012,200.71161339360773,Train
235.92132778139353,206.5969629135631,Train
176.63589327685182,186.28859181235032,Train
294.02827738087456,236.59033995188227,Train
222.12143394647205,185.06566475460798,Train
134.698202054276,160.78151130124232,Train
181.3594736112338,170.16242968360902,Train
180.75545547644896,189.6446818066688,Train
196.22965920698505,236.05454651274232,Train
122.12487781640883,152.14512579844072,Train
264.20463475387714,229.4291281120566,Train
63.62752674727962,121.7896348589584,Train
154.82520893384088,153.19878207610003,Train
254.95728828978605,204.46391594012073,Train
251.97408298344828,197.0906382669724,Train
125.20966806893784,169.25751285984325,Train
188.55083804463408,166.19039869716337,Train
234.6237783033269,177.71449570574322,Train
198.63377343934275,176.1644290841746,Train
208.82441356176713,169.1172803360945,Train
183.43340272758334,191.91786431128168,Train
236.09470553480782,235.1238151423574,Train
230.466930696894,198.64050902045284,Train
261.16401678204153,250.6973202640322,Train
215.1600035749042,218.91186751731263,Train
341.2758312431823,287.3449090880739,Train
216.47369878776988,165.2212381187673,Train
159.56986621463602,170.4786949062638,Train
139.44401687121888,133.92050222734278,Train
231.171990338867,173.9272348810088,Train
216.3379503930306,201.86571422101505,Train
192.52642252305412,179.43859473262643,Train
149.60404336789992,158.6361821921575,Train
125.23593703891646,173.18952278285835,Train
209.4532881292667,168.92911450343055,Train
215.2403300660771,199.94442681098278,Train
187.74112500514295,160.69124320086803,Train
294.9072614237605,279.016133689384,Train
186.61939438013712,203.4071941011249,Train
206.20516471325436,183.92769279802872,Train
234.1762374919303,225.21454578454083,Train
258.85152681862144,250.7175411082384,Train
146.0447276896897,144.29514805588212,Train
179.10944696600524,184.86052877340555,Train
138.60130121246323,151.3039316553087,Train
161.84511145236036,194.24591408914793,Train
125.88893956900363,179.6360127491878,Train
232.51274079410734,206.804099860948,Train
184.45051954939836,180.33281125233543,Train
243.51669193371913,228.13417842428265,Train
243.68327056249478,204.66266324957004,Train
174.32071840827152,150.1792859562467,Train
232.8560389513733,194.14854920019948,Train
301.6931586177403,301.6709850801755,Train
238.86510110007185,244.04221127210036,Train
465.2870553099473,450.4246050123059,Train
272.0765509526205,296.2862525112457,Train
438.29560656094884,308.67163542150007,Train
274.02869939665027,277.2895081667445,Train
286.86720959396257,280.1165242183646,Train
342.67139997136536,315.27014661970543,Train
304.8968918879374,323.24766144433335,Train
241.43788697995956,260.79238219570436,Train
317.99273691896224,283.461270650397,Train
305.9389978493534,300.40532557827777,Train
219.36456892923837,211.8615856618256,Train
271.66377640325663,277.6832620464304,Train
233.33902803868193,292.72898807509586,Train
203.9878712910168,205.87182393068642,Train
231.16785427272774,194.84883227328814,Train
301.86940948987916,271.24142931146093,Train
243.1088334500112,208.8708895774989,Train
310.9055373417391,241.0116318093787,Train
335.37358117970155,310.1182834802564,Train
317.57968213831253,336.13664027569155,Train
230.41471458392544,213.67925960409846,Train
330.5950675867316,335.82278354240447,Train
302.14294179168144,287.76330604386425,Train
290.6702143237172,264.19659921405884,Train
273.3583542741384,293.2914597022329,Train
295.7914551017807,308.02570061609987,Train
230.62396534666578,245.67004970064633,Train
284.2853160310434,290.3205016816093,Train
315.5181350843262,262.281837061518,Train
290.58593725472093,294.04378744108726,Train
283.9499839295988,277.781597444005,Train
252.80118877599676,285.15465716636913,Train
314.26986621463607,300.91287715470986,Train
170.80814186107025,201.0304558778373,Train
284.70161604839063,282.9888061077495,Train
302.27905849630986,309.3961566929519,Train
257.8210233447501,273.49009293283467,Train
247.79866496305212,222.28981066722116,Train
228.35156898156214,231.48513901058195,Train
313.1204867888581,314.0031610725378,Train
282.40836403494905,283.7297104339946,Train
290.0435753232152,307.15686204088684,Train
345.6017420527359,294.8218593422242,Train
300.06132765393977,295.8665542836646,Train
341.3261230999142,344.49255811203875,Train
386.34083887140656,306.22549498176426,Train
237.1910735789376,237.58632185123722,Train
291.6936661449288,299.8964067382063,Train
253.82606034414283,279.937788220512,Train
212.36026111974348,226.6571742120524,Train
217.45797832491095,196.17177803851328,Train
250.0055059638534,274.0344648063427,Train
278.4687497024835,286.6869705717403,Train
340.1304040732348,346.24970414233917,Train
263.43795492689793,240.46283109180024,Train
300.7326831324642,283.6094056074543,Train
281.06130500496045,254.42524145356137,Train
137.15272346997565,188.91707277381292,Train
195.09438586525215,201.88669425487126,Train
372.6840408834795,323.84027670882364,Train
145.2979454582359,145.59629585320977,Train
135.61047081833374,184.82127554672803,Train
140.7188853080802,158.02540682389483,Train
93.08101179158872,112.46687109131005,Train
200.5897824359883,202.07101789771124,Train
158.55475143547068,154.9826967242765,Train
317.2306986310633,218.09263441515577,Train
178.5553982847083,175.14300910523016,Train
188.68667459363135,196.68219955804642,Train
113.58453561618208,160.25116449120162,Train
228.5612717459643,213.66200625396738,Train
162.07487678304346,155.20480403611478,Train
266.0032899995988,187.33343391711443,Train
99.58045221551133,156.72093329428867,Train
274.5188185631066,258.3527799406109,Train
98.96355115485454,109.98453290143856,Train
189.3208173813065,150.30435624181007,Train
196.22194001626,203.11423677075894,Train
234.4330466865259,191.11315021799277,Train
350.4410385488371,268.2234638334633,Train
170.53321940355858,174.97293709842825,Train
183.99734475347407,159.1188666656054,Train
174.035555477632,191.61140945908315,Train
203.31722369754686,193.220149599553,Train
203.5596544265153,182.57837544651022,Train
181.6177114164446,184.14726240414012,Train
188.80151354980995,196.83489957245015,Train
193.31161052277886,210.99573633341646,Train
250.00496872783094,212.3302317863535,Train
254.66645878639454,272.3022773229324,Train
124.8966311351593,210.74373358102142,Train
163.7698662146361,174.46493446799724,Train
110.87214023912883,164.53921951351842,Train
160.8952124212237,170.99190322449172,Train
227.49683137007992,195.1796175945167,Train
158.6971480254559,142.75437157192286,Train
103.62485617049404,151.61403071868963,Train
69.77343083546319,95.3367501301298,Train
161.21298652683012,179.13682178093174,Train
181.35265674910573,185.3856384578643,Train
148.86333543164238,148.78310056801598,Train
287.69427297580273,287.6954095915843,Train
173.44489071390058,188.3341699350216,Train
185.19260435146452,170.676871042061,Train
221.45388375081478,222.72492685705572,Train
202.41197492793455,205.62878047165765,Train
110.96208278954057,126.4833739156419,Train
165.29997339962725,225.900317654774,Train
83.39424922495694,162.1612599842956,Train
200.2555833396842,199.84584178067755,Train
139.12090816136921,114.89562512663382,Train
174.36600011837746,186.27369215122795,Train
153.6374499290764,162.27853500277502,Train
277.0029151942541,244.60106298047847,Train
182.885894230343,189.5225720421995,Train
55.073613988840236,148.24283303493496,Train
113.3075391517045,153.01080044218332,Train
108.26970815562811,206.2518118815354,Train
117.86799102789116,137.47300274728917,Train
237.075419318204,293.4737044862575,Train
138.39105762992278,148.35684899411643,Train
150.49914097220545,190.7818396603766,Train
146.631766399208,180.83544018581614,Train
102.20105789626695,98.01150814439137,Train
181.01885649889564,183.6068130638161,Train
136.41694923185713,142.3985412903497,Train
177.1995006475045,162.45674432493917,Train
153.40309478195297,188.92840768940073,Train
166.22405948602074,169.42930991428125,Train
85.73263374588274,160.17023586406197,Train
201.04111364312334,197.59202591275036,Train
136.99478219483518,134.75560957954164,Train
225.4852302570631,232.19729267041106,Train
117.84766371201366,143.38098182034304,Train
214.48204608593628,226.85320386741031,Train
61.93943683864465,86.37648474774683,Train
110.3965716279571,146.76348266645363,Train
168.16175949922533,199.21874890184566,Train
179.70108471299457,193.42848427742976,Train
351.82881390836553,290.2435616412618,Train
149.541073418032,158.47131137361876,Train
178.54357481047816,177.83971144985074,Train
154.78128438253893,181.6304823729862,Train
161.52424192630698,172.77898686152938,Train
160.6373956975428,165.63485906362536,Train
144.54597299509604,198.44122118128715,Train
179.11709783017585,192.92110393342548,Train
212.19830256996616,201.24990191712683,Train
189.04541280982295,217.6116571007678,Train
213.29441508838792,266.758978569847,Train
145.89836677042751,173.50449680273536,Train
142.7698662146361,204.0806621417563,Train
101.35624935069858,161.8912891800114,Train
156.32026646523101,161.62277010639608,Train
194.34752771024245,196.00987750764443,Train
117.16215555010805,140.64912036790358,Train
90.72905352387319,149.8254877441562,Train
109.24217800046902,111.08088639406765,Train
182.17745529390672,181.9542270026274,Train
154.62933001903968,178.93018723413797,Train
141.16116111840182,139.27192270729674,Train
212.57960798396834,234.17274062595843,Train
110.59705126488068,165.38260917933388,Train
158.83660015217777,155.87027266254094,Train
216.97058515932605,208.8830963350158,Train
193.76579426323065,200.11282557519718,Train
80.65493212335201,100.62927904584986,Train
128.52895652946864,192.78257958368482,Train
81.46350359756042,115.90933322496008,Train
211.617151463631,201.1228572961645,Train
133.5970646732445,135.9893375135088,Train
154.4680308470744,177.83585204775812,Train
109.11974265554153,128.4366579679706,Train
220.76122440887997,217.70982424107882,Train
176.92913113269844,201.56756773900065,Train
128.1026941254499,93.6477543093155,Train
174.0933899904464,160.4578281168942,Train
146.09770995490987,168.6262651897369,Train
147.75170694650416,157.66601872804137,Train
317.42956965971763,282.96807502141087,Train
143.09313197128213,147.0680756511903,Train
145.89502963641897,172.14562065686738,Train
163.46908679612642,165.7736019154047,Train
112.68340763663176,146.05607907974385,Train
207.08671666555512,194.37600862250474,Train
166.58118937020174,154.50607736544274,Train
133.27838421414958,175.6845821377901,Train
246.9113698168843,215.72283451620405,Train
159.41319309010143,160.70736051208388,Train
139.82425724873713,166.81590225907345,Train
167.93954879813901,157.09720886764129,Train
167.45024097435083,162.021131630095,Train
222.86200955355406,271.5488523411634,Train
128.47685758073058,154.15578061777603,Train
223.86559000706325,214.70524875589493,Train
97.59578545333426,128.78612033614775,Train
125.05312852591473,142.3112656588624,Train
195.0938245626077,206.74097019713474,Train
210.8297519805896,190.03981483952575,Train
269.636963973336,220.52720073846638,Train
172.97003228220223,173.62289797941906,Train
203.6616608697132,196.78579411680968,Train
169.59241989941484,185.5494307500282,Train
194.9266281474818,159.82637393924864,Train
172.29393440058072,159.97183934880522,Train
197.27635465856554,177.63519312108255,Train
173.73594122039668,196.38986246414117,Train
261.2231479640165,189.76899889219396,Train
210.4816597212574,203.6528510491191,Train
313.35370327567534,266.9067737714223,Train
154.8330990198903,155.0022869000307,Train
101.81986621463604,149.577525295155,Train
116.7068726227589,138.89010165328364,Train
170.37224415865813,163.57835535214193,Train
187.1435893870799,189.12802413810215,Train
137.3736510414915,167.4234789335438,Train
181.0480112233627,173.0588375484236,Train
157.98252184589845,174.62356637361236,Train
155.62312017687157,186.330989281799,Train
168.88909777992373,167.66687728179062,Train
147.8338343979492,149.61191784458936,Train
214.24950081232737,215.34669713798507,Train
150.37606728368522,153.79502827937606,Train
173.66208108574696,178.14475998472142,Train
195.73573111238,194.61060933726367,Train
253.58276518032807,208.41137954253927,Train
128.71374070802062,132.57625267495692,Train
138.18172677249697,175.1481383939615,Train
103.97023246999782,109.58062208680991,Train
182.77862990831244,201.87326779098788,Train
148.6992394556641,154.15952868059497,Train
174.72037920472368,175.23563022984598,Train
152.4740211225032,146.62734904537544,Train
235.4093737907243,231.32605732367816,Train
188.48113445121527,212.09800617674262,Train
106.75814761514495,112.20930855950722,Train
157.5944976733916,163.27900185779274,Train
206.6376492924135,163.37703310155862,Train
176.4494436711369,149.35926171176865,Train
319.77446622986855,242.55377578615762,Train
194.79340454316775,150.01972032389975,Train
211.8124058908674,174.75101376679652,Train
221.8883126951229,197.3929952971637,Train
127.80085813636606,111.46898806931051,Train
223.6026587336613,179.48501199518657,Train
233.9912365829121,202.1002826748037,Train
259.80180383595194,159.5080313983152,Train
265.3673663993676,198.3154420349463,Train
256.75710550166446,205.120719142592,Train
190.0019545115523,168.62174173908696,Train
192.3034920054174,153.7595380131425,Train
176.95473502126163,164.08349531010302,Train
286.4993850960198,219.68405454074968,Train
131.1768199493316,171.469735164177,Train
255.0142422813291,181.6805457626861,Train
132.54672258871324,119.70797579442512,Train
150.6275910574665,156.80967338967415,Train
258.99339566530904,198.09366088151012,Train
178.89662534148482,195.40628381475014,Train
181.7188453181157,177.15665276260745,Train
201.40984119773924,189.1032725403158,Train
258.4267708190234,198.45050983426444,Train
200.50230568052334,188.92024392322026,Train
216.26304422172853,181.60864865172644,Train
196.20123451979453,189.3924996701686,Train
234.26404063196105,184.77775025518582,Train
228.02199420417372,183.6467395342787,Train
241.4340211825153,213.03892816499632,Train
230.8714996571229,214.54044400945784,Train
195.2655822812805,214.9130106036784,Train
232.1810528868222,182.02237817608955,Train
170.06986621463602,170.13967148384904,Train
166.61784805571463,134.51161138734096,Train
215.56976351334652,177.8772969052732,Train
237.80326412820364,184.0833831029676,Train
192.91780551336757,188.7080736830408,Train
133.5924018488031,125.20550506368429,Train
197.37848649284405,147.67243005081235,Train
187.16250729355022,192.10912513733055,Train
250.25909658057148,213.63802025642954,Train
168.8089083888572,153.79424948313428,Train
282.5658771650319,294.95853328663924,Train
199.69504502005395,179.07647047348374,Train
256.7141168201862,213.9807959676067,Train
258.62832120359224,224.58885753572017,Train
237.19378408727275,240.13337452464597,Train
227.81269118720076,170.43153780466992,Train
194.1514741317146,191.35090306285886,Train
176.4186462438638,184.1271571036125,Train
230.8135286144112,223.25335807064175,Train
160.4929286226133,147.15606057231784,Train
197.02275357760215,189.11692051467165,Train
192.61223444148249,178.47149427221976,Train
260.3774728938441,200.8819416340896,Train
256.6373171556694,236.37546890224593,Train
194.94712819944436,143.87015058477078,Train
218.10227904694713,195.15383087041968,Train
300.4767748533653,284.91097807685435,Train
264.4613808829785,262.29356414000375,Train
372.6007574638023,415.17254619714595,Train
272.44672903345145,260.5628401885321,Train
302.5655442137594,329.57034475641825,Train
272.8580296511087,271.3040990847058,Train
300.44065119244124,271.8537266873764,Train
289.18554822770966,296.8202888171221,Train
288.53541515520465,313.2695645252833,Train
277.1376950363767,290.39878299962754,Train
354.8809207914727,310.677009643612,Train
330.4466627305028,337.7946386034682,Train
267.10191205314084,245.03069417667527,Train
271.21519670209744,293.21966949703796,Train
278.3171647116672,283.6022354722455,Train
303.29701391726695,234.5830474446413,Train
226.38010687982228,205.87735086801587,Train
338.81266165159866,337.3367661524321,Train
272.0156146239799,210.05330777644804,Train
269.2674184852383,287.2677490424019,Train
334.21573623900844,318.2747996546546,Train
421.46945923399915,348.5560680687183,Train
250.82983847471783,238.27479553309422,Train
318.92198463976064,320.5158800433801,Train
327.03841703786134,320.56425752599665,Train
303.00986462261136,282.7370330357062,Train
261.9573419435516,287.2484303607403,Train
309.34477838211717,314.5821030803992,Train
325.2249842526967,254.86405055268858,Train
313.8487322701636,304.4744029092752,Train
385.21575317470047,288.69519431795766,Train
301.47864685512354,281.86077784209874,Train
266.40792313422105,277.223012977946,Train
278.85801639051897,285.15407359116153,Train
301.319866214636,294.59478278208746,Train
224.4570767317564,238.9163599599654,Train
256.70339719363744,276.63145966656066,Train
290.994120389049,277.3324977251038,Train
283.01906917942796,313.7996959410584,Train
273.3142268470531,270.87348332061975,Train
245.7394038285979,249.44578344002161,Train
261.68135383630795,273.62995323497597,Train
312.72093386541957,314.3241495018284,Train
317.0188702705816,308.13953109700316,Train
345.97881924279056,321.30173588015225,Train
289.90473192820536,295.63508715866243,Train
314.84461925504,308.02224605478426,Train
333.9456311615743,342.00015831001986,Train
396.8086734696247,330.485088311629,Train
290.30704564632384,298.465628654345,Train
293.21584232372663,308.44508373449696,Train
282.1329066851351,285.15547029240264,Train
224.4563483532794,244.636569998034,Train
282.16913594898426,210.1939253949582,Train
220.0860562470186,216.06032159455316,Train
298.18824191386636,290.00034720987406,Train
349.8014602598741,351.0972733332475,Train
327.22089408365025,308.19954372116354,Train
307.27885311417475,303.53098947731166,Train
271.3168862392822,266.32708223122086,Train
225.48910050578374,215.47070065140497,Train
213.04537203636653,230.8713415648053,Train
480.0357301639168,390.4280296245058,Train
258.5759187215445,231.9322020788626,Train
236.49234281895838,181.36357735430724,Train
224.42318373788606,223.3763869974745,Train
199.07430870770816,174.61231266930372,Train
266.8621026701337,247.78802286070112,Train
249.7495532801492,241.06759988335284,Train
205.51321823548585,228.9464945885784,Train
301.7833131715154,283.2642088176961,Train
299.180416596276,301.2946385740286,Train
231.72386126163053,215.2550950624407,Train
267.75762035117395,288.190532617366,Train
215.44731377019184,219.18426025691667,Train
236.37014426830837,215.1693209525845,Train
179.2206168980219,180.85518344529092,Train
260.65469460312795,256.1466689694504,Train
191.3219138232917,178.27638122618484,Train
214.89102828748295,194.7027116932813,Train
279.59038392571586,274.8971688325026,Train
376.44892926514734,313.8137117285606,Train
224.64184449300075,228.53739044917268,Train
293.94568951501515,278.5143691863604,Train
234.6595165087212,231.81246469840602,Train
254.34280923155006,217.3081734236681,Train
243.521267746182,221.70398235021491,Train
274.1965019547563,285.9903760102226,Train
342.8990864666463,290.1206625015035,Train
300.65308470098864,290.6018810024132,Train
294.5244895550174,263.4020037164361,Train
271.4312196973674,275.37109049732607,Train
347.11131666263947,283.1465265528317,Train
216.4440833128324,247.98369488861928,Train
200.8698662146361,246.55862028532079,Train
164.43925924510802,138.4220187853918,Train
199.97302038508536,230.49855294270864,Train
275.7495507171068,229.62020884823244,Train
199.25920529307146,221.07716720811135,Train
210.33959022909445,229.0488272114222,Train
193.6116522601023,171.9976123474955,Train
278.5437984835527,235.13983472385777,Train
292.13379554079006,273.3414021824854,Train
205.57269891726605,225.46470467175047,Train
245.6595252230654,283.83318168432004,Train
194.53894227906787,185.62635502089148,Train
251.94729685411187,271.33052449540435,Train
279.7591945282934,288.3795288781736,Train
304.9537295753642,233.58367244357686,Train
154.32833702837712,153.88223198049806,Train
234.9231873261454,240.35361856299627,Train
240.78689865958302,242.5613361522146,Train
305.40232581586713,229.1639832849282,Train
144.97625255778752,138.81606550964426,Train
220.60488035312767,226.60972474734703,Train
243.65309956663472,249.3424385975067,Train
292.29135653090975,317.2904845250744,Train
261.196494265629,205.76096322368974,Train
157.57773648166852,124.3748071558342,Train
215.8862048440642,212.1845721712637,Train
310.8147781589812,294.41030077085907,Train
323.80165611747435,277.1063820942717,Train
480.51542978253804,450.8167051972924,Train
332.2730714029765,302.75260126609095,Train
479.4400909889064,310.7409371253844,Train
309.68940977753704,288.90998529333365,Train
328.2155821526401,283.09254923616083,Train
403.07135191427994,283.18938056114865,Train
358.03536937488127,296.5350007893626,Train
290.9541044900338,259.5286691683396,Train
347.7319929519481,281.0158474889782,Train
355.16625313530335,301.9998127836609,Train
333.5719558653433,226.3240487705769,Train
366.48397633517607,282.30842865259086,Train
291.65350881633674,257.3672622203782,Train
297.5572007258464,227.28844550307667,Train
267.8925142507935,193.49168511922116,Train
354.9895223541709,288.79513431582154,Train
311.54263938276364,247.4819655523221,Train
356.4300309190889,274.3004158265708,Train
356.21322592235293,283.3586333170798,Train
403.6460005653123,329.2094080173384,Train
312.3995580301529,235.8447662408956,Train
388.08834871616773,349.7518096011814,Train
323.47408459268183,264.0742578620592,Train
335.5844085339801,226.63466768937226,Train
310.88539752902034,258.1725332546723,Train
331.0633101855998,308.99527921444684,Train
364.2487502761905,263.16649981268665,Train
329.30326374637366,313.446556715898,Train
402.96942251270025,259.8967076923127,Train
321.02640443138597,292.20549654182895,Train
341.0576033598886,308.6411845633767,Train
309.36804612400243,272.7489093807591,Train
345.069866214636,289.4130955167496,Train
234.45812445832786,201.04764057830528,Train
286.9242737127852,278.6089725497391,Train
341.46770839410067,268.93479288306526,Train
296.2210089904011,259.62963629295405,Train
293.4964944256196,244.01641787451825,Train
264.0177630925855,224.99589199790438,Train
313.7335624202232,205.4245447154589,Train
352.32441820386174,333.611264701074,Train
294.9005541873818,250.24440162682038,Train
356.70413192733605,281.77995665456143,Train
314.18496405579066,245.21321183052683,Train
330.7069463431843,275.2505830555771,Train
372.9368328711224,303.94950679811245,Train
414.03360093926574,311.6197694421503,Train
299.85464353695664,235.9898159413078,Train
334.28413515062994,286.6039644876503,Train
420.699217814373,307.63080789314165,Train
298.164100571718,249.2160306764353,Train
315.15017326212677,243.62176231015866,Train
268.1362233907143,218.21690382023138,Train
316.1956974349015,236.08053601452062,Train
379.0008996370611,342.81162395005765,Train
330.36032724325787,278.0291280325092,Train
313.0165251080307,254.30808401294814,Train
281.40487209210966,244.44959507120285,Train
165.32926776619288,260.3830702854713,Train
258.1833469865539,222.36878548740287,Train
375.9988891171647,374.5156875686418,Train
211.82924786611983,205.15168233905024,Train
204.10405138855316,214.54983483859652,Train
161.87654620169377,169.18009274698528,Train
149.3059802787763,172.80990635747537,Train
224.5328647774516,278.7256150396522,Train
190.01091708972174,216.68371978346258,Train
208.78647952380388,218.64532457832755,Train
199.7047411077483,234.46531996874197,Train
195.97408566199908,251.30938795762344,Train
209.6232418667013,188.74661662710346,Train
300.28790647974756,267.1257370646831,Train
175.2818782941946,252.12864807271845,Train
170.75715032461818,197.62831741656998,Train
109.94043818852595,161.90941115526965,Train
257.2030867819993,260.45479323961274,Train
150.6503516374701,166.29668572842476,Train
172.0862383856189,154.2391527926806,Train
221.0473217727768,243.73189657431533,Train
240.25465418020138,259.2551528512031,Train
206.44320905885908,212.94665797700992,Train
205.86489562760977,269.6693011345896,Train
219.26811308886948,253.0396652578678,Train
183.9359753169167,182.52909740984413,Train
174.5906909032038,228.62738723195642,Train
206.79310212361088,273.77913823214385,Train
152.66441345886815,212.1515956226941,Train
248.64224450611925,248.657070938057,Train
262.2852739674144,220.20734907469813,Train
232.85377659536917,255.78163379646156,Train
277.48406838411796,295.9043636901059,Train
167.1055137608696,222.5323173189222,Train
192.1198662146361,215.92615282910856,Train
107.67004208672077,134.29934171186738,Train
182.24272675558214,184.84533626265585,Train
220.62589201995308,232.63219488548808,Train
151.2730499267221,203.33666476505158,Train
169.84345017013698,166.4791677338304,Train
135.8005215931177,132.01012829827764,Train
204.65473915802528,176.18178057575741,Train
188.45112423677722,249.0255655576429,Train
163.20756331435993,212.949461775,Train
290.8771983260831,282.0833193091142,Train
187.46549845961857,194.33349037299564,Train
224.0407128337211,218.00471520346505,Train
225.2559446336935,247.2205992363047,Train
265.65816613291514,286.2410933977978,Train
103.62956029447022,174.4234478275842,Train
168.71558129936997,240.31103279411272,Train
262.13862783695095,281.31647610543524,Train
185.8895923089695,216.0513885720067,Train
96.43983541033121,101.72294394596042,Train
201.02757998724763,219.01472062858122,Train
163.47538991077775,231.79125453883918,Train
283.7848923197034,314.12253265333436,Train
214.6380269143047,196.27429392251375,Train
159.09019703688747,196.75638718747874,Train
201.48617514939616,211.33376299807358,Train
254.87218350798963,248.7335500954229,Train
317.840537003348,287.8862523977113,Train
169.1591558373589,170.55631292235435,Train
201.55783778531008,181.53194183430242,Train
181.22367897203327,173.7217268151521,Train
175.5956458615681,212.0518560289382,Train
198.9036247541359,169.80794830925262,Train
161.81706581150294,179.91037423295444,Train
156.1475768080146,177.17802640508572,Train
295.04148267868044,254.00729679637502,Train
161.2713213814506,198.50853318056528,Train
215.57228320456272,199.95504523785002,Train
188.046419266121,174.54737429954957,Train
188.6389710714928,203.93494333209335,Train
350.53109121531935,299.3486216329153,Train
167.624972161842,198.82067767591576,Train
241.29821456465237,251.53424710217817,Train
162.0536372162076,149.3561480694323,Train
177.99856426806085,182.5825713050777,Train
220.53552855449178,195.49504237136875,Train
211.2667960743515,204.4046629266274,Train
205.67452644756844,209.32776914373477,Train
199.2896939469461,193.4734700598066,Train
212.82997617093048,238.86569803405618,Train
210.68094820527892,232.98394353818074,Train
226.24626819250804,222.89249272965512,Train
214.74567440951645,209.9817816095811,Train
222.81881498872457,216.3821981767444,Train
188.0784762877536,217.86465612500857,Train
227.0614467603533,249.91792400119394,Train
227.4431123144978,239.01376929375198,Train
183.14353018227058,206.93032981323395,Train
178.9461120808516,182.22695085439852,Train
175.66986621463602,159.3502664870277,Train
156.1949303688744,187.7922569448509,Train
197.5447148372396,215.4308083425225,Train
226.2225053029944,224.5264608448015,Train
194.88318265128683,167.53432959238802,Train
180.9917524571007,200.9536475852748,Train
197.71056118581245,214.26620493139663,Train
213.69525805915382,194.86924473411804,Train
232.79469355753574,173.76394538713976,Train
185.21967928356156,199.3615283671697,Train
225.55148189985962,212.65080175769194,Train
179.9963320316196,191.14668566368402,Train
194.41487171533623,198.5659514406338,Train
204.28602851555084,202.60181447737838,Train
215.26042410302446,214.12293679668494,Train
170.42740306934738,162.95339254822417,Train
168.7560636839452,200.51939782309464,Train
196.77008614476972,200.6862212309585,Train
215.67077671332032,225.22813386475323,Train
224.0819071380113,200.73320354868534,Train
209.7655930826703,216.88394648329438,Train
165.9269272371033,168.09578568616197,Train
221.5132288427533,241.9291736986455,Train
225.9619928839906,241.8115648631197,Train
143.7533183115827,160.03232926063816,Train
137.31006635667757,159.02460861727678,Train
279.1916295448234,293.0137930889319,Train
285.43130541769256,239.99656241590645,Train
450.5887954175224,434.27054646329833,Train
303.8942873796185,282.12780044627516,Train
344.72523827550685,299.6881254235347,Train
303.17139669099225,273.184298359279,Train
282.54588081478704,268.14215234690306,Train
319.7838302324079,285.98062994375005,Train
292.62257494618325,298.3894722715141,Train
277.2168114493995,270.7426641339009,Train
319.6687144654045,303.3667780947212,Train
366.4212717693116,338.8451847920041,Train
241.55978880512507,274.948981229398,Train
300.71754748215193,315.54954383242256,Train
288.23497606083595,277.253023557339,Train
359.26666499441694,268.4034034160761,Train
251.68644716356374,218.52362582935638,Train
326.87269161144064,317.83865447715453,Train
279.2998906558371,242.172707248021,Train
300.3113602329185,276.6458562324478,Train
334.6841043085377,324.3925368301659,Train
346.5081245185674,340.58383268420056,Train
277.66183271915565,245.33998742952417,Train
311.52418192648145,299.3508297587887,Train
342.2059416636535,304.8779837843658,Train
307.97885971078955,264.6635112284346,Train
281.8801302404452,267.6045626456661,Train
315.24241701082957,306.0268282567482,Train
347.17476308980326,242.99903044686675,Train
349.04002785323144,282.4687973340626,Train
400.5164098623494,340.1265684362226,Train
318.8449659480869,282.84540329727304,Train
298.9506373762283,297.6720296624314,Train
280.6767935689309,284.5852323480669,Train
325.46986621463606,318.1828660950662,Train
227.48806779921784,242.94316913918416,Train
319.4855593871225,290.09248388582773,Train
311.07290880758586,316.7173878527735,Train
290.14800669412074,267.4840963787274,Train
215.2019130365657,264.59620055978274,Train
335.00388166305146,303.07752626132503,Train
306.63512002217453,285.5591047333452,Train
315.57722796122147,307.0864008099324,Train
320.2289598632002,269.6300711770769,Train
317.27480653488465,311.90672697748056,Train
332.10512451814844,325.1624805374566,Train
311.30717954609315,289.1894459982639,Train
331.23940891201164,303.67431958664696,Train
396.37721700533183,345.305240084929,Train
368.9126824016503,288.91830046261504,Train
304.6409292850286,289.11930343332284,Train
330.78882309208115,294.5193252628047,Train
283.0645152607922,257.9233145129528,Train
225.8362463700386,222.04181865153498,Train
240.41106732295316,283.7173672782014,Train
317.6280914570964,277.2980437781566,Train
358.81283452381643,352.38671740660067,Train
325.0934185950374,286.94240261059537,Train
277.8483104975472,280.47379178886246,Train
224.87907726751354,212.02020285833748,Train
197.71652360270895,245.41207015769035,Train
269.82623271626835,242.13514584540764,Train
177.80270873717546,184.79542541002235,Train
185.55483788323602,206.8517092491122,Train
218.64335751452313,189.4352192962948,Train
198.84301794854082,188.545286185977,Train
217.78720989383925,198.99365074409252,Train
203.10907023389078,191.03455125924756,Train
161.90456767623715,174.71645381096533,Train
321.9537783983472,294.3357003633929,Train
207.53776010749036,201.1141151947495,Train
148.47330048111507,192.16190807029886,Train
168.79257249926889,182.98170373963333,Train
188.48507057149592,206.95562539076494,Train
294.05148625484253,311.24733765939857,Train
130.411502757351,172.50965587118728,Train
251.69797216110553,227.87753552469553,Train
129.38180700363995,185.0683585700851,Train
176.45808255316098,182.47765019575036,Train
251.49500464609955,194.86324383646811,Train
209.60012546110022,200.8806373262161,Train
169.10801306863456,195.3590459741512,Train
189.40691123042973,173.05314023027984,Train
237.294240556417,235.63994353821295,Train
204.99539860004603,211.0989239839107,Train
210.2840656001145,183.36421871821557,Train
197.0361411413976,220.03714240236994,Train
234.15579144392956,235.53514876180793,Train
227.32207257632996,220.7295999878374,Train
223.59945513542158,247.23313020054482,Train
240.3460318284121,227.39697267373393,Train
361.008879979693,241.3617201539974,Train
207.7903677885861,192.00435600294188,Train
160.96986621463606,180.82411151884688,Train
182.22427108137387,194.35969117238184,Train
224.92958020756927,223.55424411827235,Train
217.12652384883893,223.82843298986197,Train
197.34575545667997,175.77939714447245,Train
135.76903557679768,166.26182449021778,Train
201.8222279682102,200.52681637153978,Train
253.87033594338538,259.05048262375226,Train
226.14747116405292,213.58169444786537,Train
202.55090956762453,201.97363519582336,Train
269.43489826559346,275.8871918912391,Train
175.13039273066346,209.79756679722186,Train
217.30026443015322,183.9309504148019,Train
209.3190606394619,210.7924421766175,Train
269.8816597604018,260.30468267572707,Train
187.7971084784096,179.77017057756763,Train
180.8189224535958,197.03150358983592,Train
257.0067349538833,199.48225627901348,Train
172.88628760144894,233.55474568576324,Train
238.25894648694322,248.190076234105,Train
290.25191971037174,272.5782372184928,Train
193.62084160963116,195.77368332876458,Train
247.1751649980999,250.35668798203767,Train
246.08850198624185,252.21488181541892,Train
219.24379924423755,179.28904221166627,Train
177.57228632681836,182.19668055796106,Train
265.2873987936542,211.15314488438796,Train
216.67194048649804,185.6641841418413,Train
336.5692547399204,254.36380053806076,Train
224.04789206055182,186.08514562562945,Train
219.63339780491032,167.0446152833804,Train
261.3271056408774,196.5730877449559,Train
162.53104485129927,111.87689739881161,Train
251.59997275151085,189.14133187585475,Train
273.8582938938381,216.39268425762398,Train
243.70012392526235,185.14075110790517,Train
341.21557792069393,232.22188137957565,Train
274.4959691286117,195.20092905460675,Train
191.60785673208653,175.8890443372367,Train
212.51806884949147,172.0054093557018,Train
220.26460103122648,173.96030849015827,Train
299.1845877436724,201.80129384499105,Train
162.34106267770687,173.59725171197073,Train
294.35524596239605,212.71281045446852,Train
158.7794622822094,124.24261805223664,Train
185.90802999124372,148.5537177040277,Train
293.7804202752395,210.12097383825193,Train
279.7538565335169,213.80226755186442,Train
199.63843729527326,176.1122092154495,Train
272.93385132616504,185.11310921591812,Train
269.3011549542189,208.91240530333494,Train
236.94894007301525,198.19798194852368,Train
238.62604594124787,183.10835875675346,Train
243.21765696211398,220.56877531567832,Train
280.5692156710078,232.70145003281655,Train
279.9700615591988,188.2242953888418,Train
294.2640945212693,215.82955100260696,Train
257.75453426444955,242.79009192356827,Train
310.52317706405626,274.1828115427588,Train
253.91672105448947,195.42414929307654,Train
180.21986621463606,145.27695128199701,Train
191.9183542134877,143.64733600768625,Train
231.74936137401616,171.42822906617093,Train
266.8323000899337,187.7287854057203,Train
236.43329204997775,185.64519124315464,Train
205.62564317607195,162.3316573704847,Train
244.1272548736682,191.95451567088656,Train
237.20275282924638,200.09009284428487,Train
268.87082930956495,185.40382315312826,Train
188.27752325415753,155.25594388485078,Train
343.58953388749364,307.02011408609377,Train
214.76164213460154,188.4577072499937,Train
266.2930419254577,206.55665536720724,Train
286.72411807357946,244.77955199214983,Train
275.70287003598406,238.30556833248357,Train
236.45383955001,180.86968136100177,Train
234.06349696634356,188.0595057318901,Train
190.51197334721968,165.74249304889986,Train
244.5656849236342,198.37266380708303,Train
219.12304797571034,179.32774293690926,Train
275.8769576280639,185.3648135244318,Train
229.02082562184407,189.36758610550947,Train
307.379114807309,218.45016195763336,Train
292.13967555040085,241.15788486812156,Train
247.60688237955333,180.10791048934314,Train
239.64652471707825,184.95568133200493,Train
210.7475063767047,193.94270757867184,Train
229.29471714913979,210.95787203124405,Train
302.33503867886384,269.7769542967213,Train
171.64621219469228,170.64141419135765,Train
161.1257866606864,149.36118304359104,Train
207.7287819844206,195.84077573970004,Train
202.13462725137316,167.84406685411744,Train
237.8442551602468,207.03088105729123,Train
222.1572409673783,214.15225252766996,Train
186.5778919624682,180.59549361998108,Train
300.8795243562581,247.63668322995866,Train
195.11420500676334,184.70480522554809,Train
182.34757435978884,194.94928575065944,Train
138.70770244637282,172.10291764311873,Train
196.37763083711536,215.4198911201285,Train
220.46113210685763,252.1757872552783,Train
131.24955019798534,161.18428906628193,Train
275.5003884599985,245.32753011174975,Train
115.60086231157796,165.6305590772524,Train
165.72329057107487,160.89180143878806,Train
248.98712226992234,205.9614815061499,Train
257.0552975040548,216.82261785858447,Train
136.40606740055995,167.9550900652648,Train
203.32669706735044,197.29350351611,Train
225.09067047489359,213.31265963242896,Train
200.82047042212324,185.87599093749165,Train
221.1415250875263,186.81210175805833,Train
193.56656109611447,200.91567795413894,Train
245.53147955479366,241.38577969395325,Train
210.48766183498685,209.71174489205748,Train
312.32236659328896,258.5832235467109,Train
223.11636326702114,229.6686284180149,Train
389.9633449065524,295.947911009008,Train
168.32238054683472,182.8694383784159,Train
138.91986621463602,174.8084516807302,Train
182.0134963358101,176.50925812556682,Train
211.09336830021599,183.0025986651339,Train
227.50756112010097,212.10198675023994,Train
205.71678050845622,178.3221976207198,Train
175.6571724743958,157.75599632602933,Train
179.74308873338435,174.85697102453176,Train
208.83672586703977,201.07415864223913,Train
195.62075894466915,173.03000188727347,Train
308.3995819556367,279.71361515381994,Train
206.91145238705496,183.6661163322197,Train
217.6897438450847,179.9847506915335,Train
238.68812514989133,222.17990724869514,Train
273.1537661055948,245.0169822290542,Train
192.89381778904936,152.6080173886653,Train
175.7383337706089,187.20086563677376,Train
137.97108572744918,165.94752667051802,Train
200.62900234035004,224.62999872842815,Train
167.87178751339573,194.878069086347,Train
278.9897708598538,228.0571898989597,Train
200.45580494919557,197.6431711771928,Train
267.78392584785047,253.9663107589891,Train
255.11752155428235,252.21167384804173,Train
151.57007060236987,175.13449234559712,Train
177.34320064781326,179.18078543248708,Train
114.80106811468391,171.94847588093845,Train
79.19708451923728,132.11424076126357,Train
280.00623242879266,272.3948968426919,Train
112.97421601629996,140.04930113271257,Train
94.71750076213411,155.20331456782418,Train
134.19318907562078,173.54710545523736,Train
98.09207284006706,111.76944868034175,Train
148.62120049018512,174.22679710212446,Train
164.08074828074206,144.9225280635924,Train
138.65109625212244,180.5894366239212,Train
170.52207045051796,203.57726929963655,Train
131.6017426351144,162.80646514208019,Train
74.24968028403686,122.18741774915735,Train
167.60379907822448,191.20294561437774,Train
124.52549162174932,141.261151956723,Train
176.47837664460957,231.27002031542443,Train
97.58620190180491,122.94077783982564,Train
212.31710683799372,232.3274201102561,Train
65.75277496078509,92.1550071457037,Train
92.19375676151859,138.2464158909631,Train
161.10456170159185,199.7549733260568,Train
153.78981352691932,192.46353616190743,Train
298.15748137007785,215.8189896592124,Train
145.3071880479461,165.94280829111963,Train
140.58947587765613,185.56241314025783,Train
137.4700663648945,179.58539388985912,Train
162.59601340378057,154.12289560344368,Train
154.9563004246461,177.08719937561884,Train
159.53458099018758,193.72127480512142,Train
154.32812340766208,194.46617520643437,Train
168.04198870341435,171.55204413929542,Train
188.4959894593957,202.68846169835723,Train
315.8973631738439,263.4646058050826,Train
119.0186943993837,156.42951824131856,Train
111.96986621463606,164.12639240878957,Train
83.10611987903829,131.69466338435754,Train
134.70728440800767,156.81981081345197,Train
175.14694111226498,209.0835578943738,Train
102.11366929919339,125.8349865586836,Train
134.07930287981938,143.19178523732432,Train
127.15139907788372,118.0237260785471,Train
132.68912558546867,167.839345157565,Train
146.17836294792625,172.54224494673633,Train
133.49624915563678,143.9881530254485,Train
186.26442025047817,193.71672735782107,Train
107.18277778402478,150.0220611827607,Train
144.36236430980068,172.5268120297067,Train
171.6916791915898,199.71360814794386,Train
231.60407990128425,218.6656626811557,Train
96.23234280385836,120.72440308598702,Train
107.50051911148864,163.59818457054703,Train
58.75080076153769,109.8930318291772,Train
153.72360478136653,202.99041926158014,Train
115.78164812745096,158.8638969618517,Train
129.34831754649258,174.47902891565917,Train
120.24420498482897,140.16372605776695,Train
207.72585039783112,212.35786229103118,Train
163.65487891921492,202.90837380043234,Train
79.3892742541233,127.49893195271206,Train
138.36110342076987,147.17691834132611,Train
354.97270334505015,201.02289344150515,Train
372.56685667726947,313.36639906722746,Train
389.45298645379364,324.71939146926564,Train
336.9154001895263,218.60645637635508,Train
348.76874125424536,288.5933720576851,Train
378.47982794207957,216.7066614192004,Train
328.29085426662016,262.37306535285563,Train
320.93879703220205,243.2455891659419,Train
344.39029008490894,318.35743156925884,Train
321.350609045229,195.5843537416436,Train
436.62790382718015,427.99271150701446,Train
312.611988429206,228.06740374553507,Train
340.4008442424759,293.3296690462135,Train
335.2194511613541,259.68108858011254,Train
345.5137897568944,317.37034485867673,Train
403.71833242352534,366.0786222711531,Train
303.9121303141749,258.5699619034676,Train
385.47806145174263,279.38078738524126,Train
297.23054547785284,276.6451727085122,Train
357.78040770262965,283.3248218848217,Train
394.00655215900264,254.36409940781473,Train
426.9343701786388,233.12527023313328,Train
291.0979864923141,267.93198452130395,Train
346.50417729332617,156.44160908566568,Train
368.39950177649354,344.53962808838884,Train
343.06600445512015,280.2259795932983,Train
355.15501069435976,260.0755713773264,Train
363.8274008240386,256.43486882221475,Train
511.38352347233763,455.4059924368634,Train
352.8171811219165,267.4698768041113,Train
331.5242884124948,331.34963813710533,Train
399.8545042808613,321.86464077285973,Train
511.1930305637079,355.7243178232566,Train
375.0191455900155,268.0955705740612,Train
251.6198662146361,224.73265614443372,Train
334.9413636530786,254.63086507911478,Train
333.9526465910627,233.57145253323588,Train
354.0244450610264,255.0030840570178,Train
341.0038748108348,256.36498603396376,Train
308.6632506188609,315.04325762213415,Train
331.7734385724789,330.70811540361717,Train
406.05581672595173,350.14760277978024,Train
364.6119128085831,251.14056982793636,Train
362.59363952987405,243.84547954322647,Train
434.343374857694,362.21913000219723,Train
336.67721204179844,271.79297184823554,Train
346.7992125992699,231.96315483022127,Train
379.36732571052835,214.09649227266786,Train
397.26420567031994,317.17794003753073,Train
313.8326586443094,246.3443034761855,Train
348.19201097551513,243.9481725374333,Train
374.2382192237137,225.20271965094432,Train
316.65421294595376,277.95834315446206,Train
440.2489699978077,372.3210371206456,Train
354.5158544592222,285.1781226608027,Train
347.339082260435,313.8594449140766,Train
405.35427741899287,314.6758346563064,Train
354.229865752391,295.5238771794973,Train
314.8394603635491,238.5749963500401,Train
163.0207918048385,164.34957905819599,Train
192.57563951598982,180.80301801838968,Train
267.1555811254775,239.34426538242315,Train
145.02121762924918,142.46557286927052,Train
182.08484791076364,153.3623509802061,Train
177.04274139888759,197.67723938863776,Train
157.6202214664711,161.80755415129875,Train
211.70160513181963,177.19644576097812,Train
199.37364950731018,199.0915484397006,Train
160.5483200073337,152.67396473523337,Train
242.81187541474225,207.72614377918435,Train
184.89099586774597,202.68021258978243,Train
118.22543297042033,135.02312413453686,Train
136.58760206511755,151.70388416668524,Train
170.12028956083353,159.09006592046453,Train
216.34359982745244,223.58434779635598,Train
116.81970687125343,140.50581081854313,Train
248.1994530758305,235.7177075337585,Train
76.8453293136234,99.86888648478234,Train
134.96178030335705,150.84758010504402,Train
214.13230906865556,203.31566686902914,Train
220.26196115167883,218.18033577087124,Train
165.9420048209021,175.31198646971592,Train
186.12499253730584,163.25778877205363,Train
204.4316227217362,202.1657293538842,Train
177.14008384430088,189.24707737021936,Train
194.56635536150924,173.36295591736095,Train
164.81404434419647,184.47248570786974,Train
197.03038516740554,175.5470061876688,Train
186.09584600499545,179.43777639540545,Train
243.21371153501653,236.02844978566463,Train
188.24514361310543,229.7483438347454,Train
278.8594850531863,274.0821865878001,Train
168.9166970465869,145.2140639282974,Train
143.46986621463606,145.7549924560538,Train
151.04546831549652,127.99892363727089,Train
186.74930740343547,168.1423275774014,Train
210.94656201575788,185.76233862213485,Train
163.70466877208855,167.95051231036743,Train
123.50892651536552,142.00097946036402,Train
148.94170073784917,203.689076916371,Train
158.13514686379173,171.5762618082564,Train
188.9109149264417,216.41770415110625,Train
164.31400348757901,159.3320507545997,Train
286.8837201930138,261.325150049119,Train
177.58153279249092,148.0637475116598,Train
186.3015121165887,157.19076142663707,Train
217.91090130756913,196.7007603878967,Train
288.0107347380074,246.67473867601817,Train
148.0263976510297,133.63634557462188,Train
149.64066388706073,178.49100693479545,Train
132.7420205880441,140.19364139113375,Train
179.079325375411,200.36042153481722,Train
142.4024026350948,151.77739818027246,Train
176.55233994359446,199.80003103759134,Train
170.07295345599834,170.0745406570965,Train
217.80490078919237,241.2099065038043,Train
217.03278186953966,204.89096428585333,Train
124.5465251257358,133.64372911030765,Train
205.97335816252013,179.32487164061237,Train
272.5633580628613,253.97965926341425,Train
213.4435134231112,206.87823300262545,Train
391.06337812293935,392.5460038105058,Train
253.95997140186523,221.64626499612373,Train
316.9162941794824,251.50658654193649,Train
239.6933423347345,273.0083253043584,Train
233.0574690883011,248.52539915587448,Train
306.7425458923774,297.6087328861863,Train
279.09034345415836,291.89438277205,Train
216.06925104943704,234.02450247684664,Train
302.94056692982326,300.2557985144848,Train
287.278686327677,272.9376872216633,Train
265.0572056803654,232.96376386679563,Train
268.75231232064834,309.3909671330402,Train
222.78135483646133,249.21707425944035,Train
227.34769016181306,210.844144341138,Train
202.44058297788578,184.53973954937933,Train
271.33379236742167,263.0746954892979,Train
248.88175742453416,185.57078397074136,Train
186.8829517928928,192.0101515537665,Train
289.4397377412856,267.28375766774303,Train
280.79473753495927,306.9344202182251,Train
236.53985030880813,203.0739873820985,Train
233.89640965066116,243.7946130298377,Train
269.22402169605,228.38388896317946,Train
260.4806585066094,232.0256135625022,Train
249.26494647338941,242.12479263298167,Train
275.1160246811804,274.9979651299284,Train
292.1984207093403,209.75477513272557,Train
298.29465328263115,275.2093247601302,Train
362.9810167314253,258.833610750491,Train
294.69834849305926,274.1720924498749,Train
284.72413002047176,283.14710708349014,Train
250.55708531989683,255.76913166568238,Train
241.1198662146361,267.00694129284454,Train
148.03980617663626,185.20195332270913,Train
222.49859940277773,258.5701796153675,Train
288.6357352218352,262.88794719811995,Train
249.92554845484918,253.4780640605765,Train
271.5574971724105,219.92712245220554,Train
216.06011583442756,194.09410719410502,Train
280.8339167399059,231.62298595264483,Train
313.16097102872396,275.01189988749326,Train
213.38169323228425,214.2544498002102,Train
247.9696896859487,258.48184198162033,Train
229.2778315955509,230.17065643397478,Train
300.4809405031285,259.30419357943106,Train
298.4161938790919,285.1594937953205,Train
360.42878898070296,280.1776690637641,Train
208.4288210768279,198.62823972129843,Train
265.5297938599869,277.7019759054348,Train
287.17995032859614,291.1293866106826,Train
146.39646581887988,152.07394769418602,Train
216.43983001764485,234.18825625825394,Train
247.8313810301055,269.46133126431147,Train
298.8452025962001,302.2400614055762,Train
279.252199984211,239.56359870763382,Train
293.55224766622814,274.55588878897544,Train
230.41995752487054,225.88663818394986,Train
219.88464120006782,200.63768234459636,Train
259.70688275072786,226.96400943795155,Train
256.29175940269613,253.24551751155826,Train
151.9780585706468,161.98700235342642,Train
227.8886789544801,179.5622884723653,Train
185.26608949193908,170.9841236862242,Train
193.57452488540318,172.47095890999452,Train
213.20947430193064,196.94826525171314,Train
209.1196967729312,172.95815388361777,Train
157.5761811552581,186.10218502572025,Train
299.6111127731327,225.47778143384454,Train
173.62640418853033,165.11648572589462,Train
161.63846783128594,173.7880951575051,Train
124.99572544909839,159.329515983014,Train
183.94336589695877,170.45676388769542,Train
272.9597719875002,277.50299126017035,Train
148.13680733523537,184.59282240246455,Train
228.70711958181658,219.74057790597737,Train
126.13842243700037,132.96700059532662,Train
135.95484434602565,176.47486769814182,Train
231.44928227841967,202.23630536603554,Train
204.7458088418271,193.04548553897013,Train
192.22125962771747,173.59751808122297,Train
176.48879951446258,185.06514393001945,Train
206.94732937954413,206.77078369419795,Train
192.55274636875095,193.29470538186442,Train
208.93221711040104,193.37041435614194,Train
193.55694879552289,190.01341287838585,Train
196.63855016746584,182.84826868302008,Train
186.23591239078797,211.55000685083687,Train
273.9600274484311,248.40519822020164,Train
206.2729246380037,214.638797795214,Train
278.2457676737372,264.67587375707797,Train
188.19575861551587,149.58283698031232,Train
128.06986621463602,173.809532900863,Train
148.52559958193518,151.42295724209302,Train
173.3804799413858,176.7970738590058,Train
201.37266834588343,174.7120251199875,Train
166.59060733493897,169.91263790149094,Train
115.74449036908285,158.0234206781623,Train
211.10930962957093,186.91461637341158,Train
218.53125243811238,217.71709531897147,Train
196.5268561436494,206.66623293969923,Train
161.53564418858957,158.64876044903036,Train
241.68722603150655,273.25373630053116,Train
174.49308850361007,201.46225117649908,Train
197.21297827844333,163.38817679303168,Train
203.3530879413383,209.6093121348897,Train
250.4908801438036,225.32197933979072,Train
168.042269268009,154.01727353958523,Train
166.01192928980598,197.25246993418608,Train
139.88745127030725,150.95359623084977,Train
239.02848030363572,207.96873232150725,Train
171.32873048182194,189.8558147669124,Train
184.72202601051015,202.74169141100424,Train
170.96867726766507,180.2690352186527,Train
222.47428050336106,254.5609674567594,Train
219.3158635143796,234.93097901807084,Train
159.05871637152939,130.66792440524364,Train
175.4664174920695,159.047016976508,Train
176.01446409068382,186.13179222201214,Train
128.6070193715769,154.24348753423357,Train
357.2870706958148,215.48048251907449,Train
171.8078186872256,182.3122151432645,Train
160.59590392454172,154.542737785731,Train
196.83735358757392,203.48531330820592,Train
118.09048757039619,139.15890272274737,Train
186.45017995640205,171.75634572571337,Train
247.15832363742064,186.793244133869,Train
240.09296193199768,179.66841772688394,Train
262.81777045091997,209.26163375258926,Train
222.20801793994303,184.89135934969056,Train
135.35303306890353,138.0616920645811,Train
157.1675452109741,168.37151203947622,Train
165.43027642901328,166.94320265555834,Train
208.6475506404341,211.62092069358883,Train
101.93585573502483,134.4150078223717,Train
257.49693414614825,215.7987866717511,Train
132.1684316685679,104.57961546222359,Train
112.91002598368817,126.67426496708262,Train
233.96521301695836,171.9921875546317,Train
240.68601781016002,199.68554319662607,Train
130.17281386184789,167.71782561188326,Train
185.0242498513284,173.72001090741077,Train
231.2440437143942,204.90828297262993,Train
179.4389303012278,188.96796174963347,Train
196.87228231968987,198.37339228031763,Train
177.59996384731892,185.99252514582804,Train
182.39282992502007,157.5365886606979,Train
202.44107006860975,193.18375823716494,Train
274.09634715333857,232.48307785229983,Train
201.1114461465484,233.30775392813794,Train
257.4161193821018,256.8711887297128,Train
199.21739343811737,198.12112176562525,Train
166.56986621463602,148.18726148727075,Train
114.97307933055956,114.421717037672,Train
178.62332897265114,170.68813004098584,Train
223.73865176239448,200.05835644515722,Train
176.49549277399638,175.09305873712108,Train
101.67213681757966,120.58956493938301,Train
100.77058624416897,144.05353131279605,Train
154.28709509796062,168.85416380288382,Train
201.70082867060995,180.67618203377458,Train
152.6960905321486,148.87965571942962,Train
268.1709280894832,269.1484004689134,Train
148.63978322581335,160.53896808536228,Train
195.66044205384074,174.3918830103864,Train
223.73287089888657,214.0028950108662,Train
220.46981741034483,214.8195311164289,Train
182.20598797855433,133.21407957586348,Train
162.42489421261052,189.1946265645,Train
133.30122573263247,128.67744644268643,Train
205.78213054813745,195.09435803189507,Train
117.18754834569522,129.12029685894117,Train
225.01920340056114,190.10796057059056,Train
179.3751669437614,164.72123305892433,Train
241.08987833854945,192.7623915423657,Train
229.84094822224046,224.80939092392703,Train
150.6831963622434,111.52823235619263,Train
243.4111132904264,182.21512511266806,Train
98.49040024650662,165.2909859514442,Train
94.76190333199872,121.05742567608974,Train
260.2415259219078,287.8128106144641,Train
120.12971057513926,129.96700107955942,Train
89.2104806192294,136.07892860915774,Train
146.05192199487772,196.09212730761297,Train
77.85884324528706,110.08294550304365,Train
147.83904339174828,189.75361202988597,Train
161.6779389322004,191.88805270746977,Train
112.27218238280628,161.98301106420598,Train
196.3710122638489,190.955918297831,Train
159.98190945913734,194.99760862635912,Train
134.02911582408464,166.66113149236958,Train
176.87199470867736,178.22757524565165,Train
117.8564400143289,157.68010399951905,Train
149.81488604614879,149.39311215872263,Train
112.97191280416986,104.90552112495611,Train
225.26553071103325,201.74353273224975,Train
45.55994495325899,113.95940649247667,Train
85.40017562202121,124.60317814134169,Train
174.5304048418605,222.0460315445246,Train
165.4335746561364,186.64829402595856,Train
154.26687386259158,169.34217934981976,Train
129.5098975924034,173.13427515491588,Train
140.05218902053966,176.5198835400682,Train
122.03359252695714,167.5560829896672,Train
119.20560184071658,179.35738879035614,Train
156.05490085340026,189.949854543809,Train
106.67972980094481,162.11595660269109,Train
151.7788468194512,220.50565926703922,Train
223.05445574152031,170.97015070291474,Train
149.47567736950037,173.14739087528397,Train
263.1082676677063,241.77273277735992,Train
122.52236177167731,189.0332845572322,Train
111.61986621463608,133.9138495269248,Train
75.61439737670887,102.79826515572913,Train
120.79439890849349,153.31224103518593,Train
171.8815356232105,198.02698913250248,Train
116.09974613998082,144.71405857883306,Train
68.4104191908488,121.21922291422685,Train
35.23781543802809,86.22387823093408,Train
142.42250989852087,169.44959351057344,Train
208.25437159603163,184.14413457128373,Train
120.15634279197513,141.10457920810393,Train
168.35996027110536,226.71426780654585,Train
157.82568377810225,162.7024037691621,Train
188.70017817499559,205.31274718120102,Train
162.45485224222332,227.98539975062758,Train
218.10789826140996,212.7006946530584,Train
61.8096993420519,96.26610151218654,Train
110.76688662746355,191.9828238851224,Train
123.6256668955931,170.7918531033151,Train
141.07830964114987,209.07863452265028,Train
89.61304948352688,87.82044630870654,Train
205.9855829487061,190.90450299970064,Train
113.5979860115927,160.9476718266619,Train
231.2930637801834,243.6274756140527,Train
162.1656909264305,188.76755310993653,Train
51.208062070424916,88.09071902784645,Train
152.23567532712087,170.08382599490173,Train
135.74870810937676,186.8390458752127,Train
186.8452767468755,193.10654165841117,Train
311.71792873414824,309.21320292178467,Train
133.5834139804187,144.03519012025936,Train
118.5620142674837,161.11264453878505,Train
148.72721015500804,173.11236935577625,Train
101.99108975577406,109.80442529627827,Train
163.0968359544405,185.7083210541824,Train
159.62962877879986,148.47231664086232,Train
260.0001705879336,195.45384666112682,Train
166.71954550759705,206.79493342908512,Train
189.03346884527127,171.50348512641858,Train
66.23254487660765,129.22895894076157,Train
161.1802761901202,184.11523302639176,Train
156.3245729000838,141.78162992745382,Train
220.82236412018392,201.81066061995244,Train
94.69492200741422,123.19080717415974,Train
248.04153956768698,239.30386421539163,Train
78.02024447065698,124.57171288943422,Train
148.97887999262207,140.45729888815129,Train
197.76485218317362,184.26288896393643,Train
162.92992843721208,190.82891616944164,Train
316.644364194418,265.0504264760475,Train
167.77201816796315,173.2977731255593,Train
187.41237869452922,187.32317209323205,Train
153.27048872420002,193.00728242106607,Train
187.91185936050994,178.81542993921767,Train
204.8188283579739,186.46404651076986,Train
146.10006161444113,184.2567264181588,Train
191.05920181317174,200.90091747461508,Train
213.4819984077521,198.39763526778708,Train
228.71086736526362,197.8983357523939,Train
201.7461700682954,198.95072167069233,Train
147.9172211279786,174.13194019681953,Train
152.21986621463606,157.29405438269563,Train
108.71207881992055,132.9071119921297,Train
150.38412684451959,155.50738426326524,Train
231.47423288994173,208.36456254788945,Train
150.76857387683012,154.0216618750086,Train
129.9479986304542,108.57113263396774,Train
99.26180247877359,95.54255819018876,Train
137.85070744127046,157.76282263173582,Train
170.78260777248806,171.57460018446588,Train
145.61873847138813,141.5254311507722,Train
274.2407247166467,226.5182534004928,Train
179.2164165766045,179.82615817458804,Train
177.5989600336204,163.08899411989196,Train
222.21591114362616,216.36484360070344,Train
239.2043088003918,213.0271915391604,Train
105.65506180002619,109.11005403609845,Train
134.2447643994094,170.6805214012115,Train
90.70468527262722,117.4420604490995,Train
173.63687917604767,213.70045007171512,Train
94.18583591732347,97.89949090117197,Train
137.12326705712263,188.29312706786803,Train
153.06049796854867,165.95896383255555,Train
271.9582841469138,242.2921661388135,Train
185.85264069139967,190.8639260103621,Train
75.02501716580372,122.16990121585303,Train
156.81480333246506,159.41349995421285,Train
100.48796854848341,181.1288679324423,Train
72.03088025138004,117.93433157865402,Train
300.46582142518355,295.38401626748487,Train
128.34779260710187,141.96115621757065,Train
105.07707461039617,145.6027056250493,Train
141.76175225536036,184.54041150887167,Train
59.07861987041588,105.80164269631757,Train
143.20283534618306,170.87233264294983,Train
181.48392373160883,190.93098369423362,Train
211.992887801891,158.5162885975417,Train
205.2784206246763,194.29031086486572,Train
163.59824647092935,174.42302894959778,Train
120.17896028832686,159.93183619180667,Train
130.76665054283643,154.52785343972388,Train
118.84157931103431,151.58992281617455,Train
170.16219011248785,205.64200076165375,Train
79.6607029260364,149.02799029284444,Train
213.50820506269017,222.72197891490916,Train
87.09634535080146,99.17803494870826,Train
73.89801182477245,110.81967490742558,Train
194.53849321314544,220.2433526098917,Train
145.12489891396035,192.73719652021043,Train
135.49742074029365,185.9934696034688,Train
118.94723197751979,172.2760391886932,Train
175.5658678730695,190.82305652065432,Train
134.82138372097918,184.68050010350865,Train
143.94432895624328,187.46901233983485,Train
140.324991809732,197.42689984236782,Train
127.63621130174695,177.80390822353664,Train
139.61791683181963,175.5573483253298,Train
191.74192201437864,220.59248570752212,Train
150.4159409456263,200.49176865809443,Train
195.6462734072503,233.63488222936888,Train
134.8118430281259,174.84615918011474,Train
100.41986621463602,133.35676528921047,Train
88.94614441155333,100.5090234203647,Train
121.46298596644061,144.06021797825932,Train
161.0724846061367,205.3444809011504,Train
133.8158545538784,169.58207134491613,Train
49.247613897796114,129.15901837992632,Train
74.73833331934296,128.73316761717643,Train
142.97089289823106,172.83081953470676,Train
159.44040211501903,156.67500413333929,Train
85.56721614536099,138.71622888210968,Train
177.76476089967474,265.01042900325433,Train
110.51208051050799,136.21335305253035,Train
161.92608108291802,203.45236221756434,Train
193.68781022689535,195.19065434597113,Train
188.95972326854115,211.9416541846845,Train
102.22428787126142,107.49612589857254,Train
110.13776703102138,175.2940834461002,Train
82.71501946928264,154.32789056704527,Train
169.61047491890855,198.74944348144305,Train
81.78522003228026,126.90346480775992,Train
172.23661644596615,186.5963102602161,Train
123.60426375955821,168.52973253205082,Train
186.94240787789536,205.39851111351993,Train
194.5906744333156,192.16650051648372,Train
73.12161850214127,105.26512416430437,Train
158.39348553910992,198.50685410602367,Train
76.60517909592258,186.56931890948024,Train
60.03746956974892,150.3486940340814,Train
246.03384742626167,300.3552198500374,Train
108.39107118258102,182.59369359999172,Train
79.00004195194826,155.0434551663605,Train
117.28652294924618,138.2690646330762,Train
41.24379974445502,94.66897127333995,Train
126.57967206739231,206.0387089393916,Train
107.75552245654863,173.2639342807766,Train
74.4522921134578,175.81935573113162,Train
188.86391306098125,193.75007969119213,Train
156.69058638574472,187.3790224306343,Train
123.61843597191331,180.9591029491704,Train
137.11498978527726,183.59909997407644,Train
77.63398831059182,161.9509968588658,Train
74.16546837827013,158.17460827748775,Train
63.306847725252595,108.84196030805873,Train
193.14045970645418,202.41044019007828,Train
15.964792867662908,143.15256303007206,Train
44.590538497854354,154.44177084054397,Train
143.84501670791937,220.43653662616492,Train
110.74185820787667,220.41844878942135,Train
153.48846568286643,190.56767585734136,Train
101.11790209014484,183.44632972669598,Train
136.57650199745322,180.73631499040056,Train
92.2301155878642,169.57137305228588,Train
89.44733454346591,158.4121526577831,Train
115.82716735025987,192.41258723800667,Train
123.71953042509836,188.38346692531206,Train
139.04145122045253,188.22513403367284,Train
142.67494349314103,186.58641201273485,Train
102.4763244358776,205.1401141390302,Train
142.1913109812842,228.3226825216908,Train
90.54642598987886,211.17656127085698,Train
99.71986621463606,153.1904526148135,Train
41.14539535612049,101.46907092511609,Train
88.05867456011939,187.22302598488247,Train
139.48461571825487,198.0476100610543,Train
72.29450860108689,127.2552422973113,Train
30.643935406929828,125.64888387968651,Train
10.877483161022326,96.59585653372814,Train
118.69820335455638,172.67717398164783,Train
182.73473801348018,218.34414948802677,Train
45.69305421057787,129.6285157582938,Train
159.59758490765216,244.74386830920324,Train
95.91914418338338,146.4386547937885,Train
141.44600383785263,195.3945832647449,Train
138.3567003002529,237.70523551569374,Train
163.64115435804632,218.77198457517866,Train
28.027023686588905,75.95994865232684,Train
88.26579238285754,180.95547963510256,Train
107.45940535950223,148.38355312564437,Train
153.08756814729588,201.29492814472587,Train
23.91817341509426,80.91453766511187,Train
128.01689102747912,158.67670699634414,Train
76.81271030255671,178.47780253040227,Train
201.60877931908425,244.75913996691605,Train
158.51444713537842,201.2233450812438,Train
35.107438478095574,52.02204349574478,Train
121.59195216387907,175.22820283889084,Train
140.96278608197315,221.43877102814395,Train
259.15060055473737,241.2738436054429,Train
402.4409909625383,407.3686450043341,Train
216.73403314632975,196.17341323532807,Train
159.34445762096664,187.31981181866703,Train
167.77598263844766,179.14787505355633,Train
145.24502738175204,204.8063203967805,Train
198.09106733023145,264.67106506931987,Train
199.50199953821684,214.4700259750277,Train
178.47618575830734,198.01985648438787,Train
214.14390071657016,235.16178445846893,Train
211.28361256635412,254.58811024467207,Train
242.45512780584397,189.38154676316634,Train
271.3663891629201,248.23614481977378,Train
157.77133218975052,210.31186585267878,Train
178.7348814755362,176.9493340297134,Train
136.32646462102247,149.421929945921,Train
260.6568621522879,234.5547267723353,Train
119.87913323661974,154.59946455749918,Train
177.71989610682812,150.24533116808945,Train
221.43754509068575,224.2443220892825,Train
267.32274488690246,267.9317225615716,Train
173.1394429944451,210.85266500738683,Train
236.9998129051943,247.69141360481478,Train
195.1619487708922,190.8280826689682,Train
185.16902992078482,191.00070764795453,Train
165.68907457710435,176.1733620136691,Train
213.26466050361012,245.63337564385142,Train
191.31210732775997,187.53091432303037,Train
243.61428438852846,234.9591084407413,Train
255.10082965781652,230.4677886292997,Train
236.99056975772498,239.61464518061484,Train
231.6442551259446,268.9622546170153,Train
161.08589852245245,191.97456638905473,Train
181.2698662146361,182.2301148364349,Train
108.88739225720164,99.66400596604741,Train
162.54564526010586,188.63781814592033,Train
232.44325998093166,213.9830759975576,Train
153.50013935873798,184.67570238848066,Train
136.8145142145433,164.34459674945697,Train
144.62710828639953,109.46124645596787,Train
219.32173241179248,179.66171098870643,Train
241.15869417974002,255.3509986038499,Train
158.148877618811,194.4532883020375,Train
274.96166326566174,267.61777387547363,Train
206.3499278182017,207.0478999816904,Train
230.98365111166854,204.01028720399486,Train
216.9534332181404,251.5120914464944,Train
271.708383316128,262.37960785373855,Train
88.07351112503238,135.8857869464603,Train
169.9582180186468,203.47486257545302,Train
201.8882160870558,207.5182188329601,Train
237.51971939882952,222.4994129774433,Train
83.63878657077696,101.61342871376134,Train
223.73728754128592,206.56453675110325,Train
152.6549738207824,192.7090100014034,Train
270.6158145978828,305.91951234329696,Train
210.5884418317546,213.393501557663,Train
124.23823239992313,88.86773650380441,Train
195.7795657538528,188.51928952068172,Train
204.1616813930818,259.110334446443,Train
257.93689133748035,255.11425158691813,Train
381.793740081337,430.2583997675188,Train
203.04573462621644,220.81152985347762,Train
213.68379066007765,302.2674324420405,Train
196.4548017165073,222.71538583291965,Train
202.58030698352007,232.86696376707047,Train
229.9178245815578,247.22529370598335,Train
206.86371974511573,213.35060496367436,Train
225.86946754029458,227.44710779767283,Train
238.33299826387383,253.19106410704455,Train
224.1809956721665,286.59086692462995,Train
233.97420605522748,204.36055612556328,Train
366.2967805651452,293.6363883522946,Train
201.3432973062429,251.360567050255,Train
190.1344431703355,198.28650319904628,Train
161.33864521447794,187.8021350854069,Train
266.77478459909855,303.9343305771075,Train
191.04748892127614,207.46470440664038,Train
208.34727834998802,182.42043969982504,Train
233.96975964409648,241.79042220023808,Train
277.41901433609155,292.8316068025859,Train
201.3531246066468,255.73885617623768,Train
261.0387195362881,267.1623220694733,Train
226.9255805695381,215.37595047035504,Train
232.33931864559293,231.89360214156693,Train
182.4215513086855,237.102285414105,Train
223.18269531249385,282.90290796621457,Train
203.63483975518008,214.41310016828015,Train
243.26436784542045,272.08412050393395,Train
232.80914483814308,256.8628957615558,Train
247.3594284774619,275.6970561277658,Train
273.33869748611517,305.3530711354064,Train
179.68185392569725,233.2773152226046,Train
210.66986621463602,249.08516867857938,Train
123.46259549248569,125.64004209974003,Train
199.89862157615727,222.9966210113042,Train
252.22190527792338,249.3989542157185,Train
176.61911798100994,220.96795798169356,Train
192.96518914707707,218.39938711581263,Train
162.49655718165272,178.08961834166843,Train
204.69354846627982,206.92000292376213,Train
231.076095283347,272.6574246276374,Train
187.52490111886007,189.63567097958932,Train
300.9077497579918,288.1267978950315,Train
204.38913018711645,206.3165720908671,Train
238.90732182277404,254.4872639818055,Train
260.0234972188025,292.32980325024045,Train
273.6702494447504,251.4953188474617,Train
137.18154334595843,197.87888645428862,Train
200.1533419705765,240.48303524491988,Train
239.9333997389656,289.5346911405535,Train
248.0417825505632,249.39878227547865,Train
126.30848386340215,143.87551067981354,Train
206.87722961006972,218.9617004001069,Train
188.08689175513553,227.32639331091846,Train
292.5447273110033,312.5932843799445,Train
222.75725191091703,242.3490545126522,Train
180.2865201460848,198.97775514752712,Train
216.61139369923325,201.22560813919856,Train
268.48888115410216,265.82453823946025,Train
286.8708496421741,265.5066878286819,Train
466.1857792123344,433.15982745506295,Train
287.5925581861801,219.3352937603632,Train
383.4253161687348,230.31521542496154,Train
247.6679148953687,267.40909537424284,Train
218.22333117605322,258.7338698099627,Train
342.29384645301764,311.94579724579955,Train
288.8917946483845,264.6826475814291,Train
233.6938107437977,257.6978762331735,Train
309.51838484732644,285.1822305084112,Train
279.9655240431452,276.5014606981509,Train
254.2238964161549,212.76085455934304,Train
344.11100690878754,270.6312348463012,Train
249.44219313072503,251.16594783140576,Train
243.16459088387862,226.00777833451676,Train
165.27590329391222,191.5813347832906,Train
289.55630191299866,240.64415501944052,Train
272.15047729976527,238.87875599356636,Train
241.84905774253673,218.79116261944444,Train
271.1848869548305,280.95153841241574,Train
278.5471964211948,296.2345812824329,Train
275.19923658166357,265.5770415811081,Train
313.125209041075,309.2048571050408,Train
251.58804134484961,226.15556561500614,Train
275.03166342402704,207.6037478848919,Train
257.8741974256926,237.34665155079813,Train
276.3517206862253,277.77113005165444,Train
389.9157075399378,304.500432164934,Train
272.82022457661964,287.5454614008404,Train
328.19505136422373,244.80951192913264,Train
276.00687453030173,281.16166308694955,Train
292.9512908593035,282.7180538583164,Train
237.04250806676177,218.36150831620037,Train
233.41986621463602,253.20785999360268,Train
157.36606085355265,160.4008721486831,Train
231.76472945379538,230.42488115141327,Train
279.3773470138719,248.8824002655611,Train
228.00150594252716,249.85167418220524,Train
210.79898845757833,216.9879353279399,Train
187.11022420545189,177.21913088637191,Train
267.17706987403835,198.55002131719158,Train
311.1845982685082,290.39197647785124,Train
240.12040351342216,237.40158802122573,Train
302.1371633021927,293.99458234944905,Train
261.11459098155433,247.3192100923439,Train
260.84683874294126,240.43528860415663,Train
315.4408258775738,284.82018204105276,Train
352.4872848912284,282.0791268855536,Train
214.50232178439995,231.39691477001054,Train
265.18814158368644,284.4996222864719,Train
356.4739464378976,262.0238808326086,Train
261.517955066903,241.89530596992324,Train
224.77652360412512,175.69386237864248,Train
208.29061802269854,225.08408908205865,Train
259.4040208567932,245.05519929010174,Train
327.6640972063909,322.00774281275943,Train
279.3083777826872,249.7377017499949,Train
173.9574921209791,215.75270782394122,Train
232.80864972997807,206.5990447876103,Train
122.39680382100914,175.48840276331572,Train
107.22065846188929,173.6475223556756,Train
306.423009868019,271.93301848793453,Train
132.89047541652812,140.0022664395323,Train
131.94705548269127,145.14279898450036,Train
161.29381730596947,179.02699934923845,Train
85.03042795243339,146.5017253308989,Train
180.05072808252197,184.73547665446227,Train
211.8582371422206,178.39776525314875,Train
169.96842089898706,169.3464934217318,Train
254.93484992290038,217.14697044570022,Train
162.24599349219682,174.4302517239288,Train
91.822157203162,146.4259844969416,Train
154.5624001797672,162.2542516277416,Train
152.96197906977756,153.82799690080222,Train
196.43976042191298,220.30006259272668,Train
99.75581476050817,161.8089473075185,Train
232.444416391002,226.6334178705326,Train
60.87591542518105,83.89490355405485,Train
110.94367386413289,133.78195240489015,Train
209.1658050937399,202.12937851294717,Train
185.60527211755394,204.71287428168463,Train
196.89419485952928,204.9656093027482,Train
161.20013393208652,169.00750569048066,Train
178.2458671818202,188.19027480421724,Train
152.42916595595094,178.59578553251953,Train
180.71446925343315,191.48892420124307,Train
167.25098674515624,182.81437019675747,Train
167.95794176692368,157.61708585281164,Train
174.29520672011273,183.72088320939378,Train
197.10381310539827,186.1134682071193,Train
183.76359999768843,192.89839355372786,Train
257.78737983567305,269.39096012394094,Train
128.6649209211033,161.38918010080545,Train
137.5198662146361,161.7080733817311,Train
98.63654155610776,111.6901780578289,Train
136.89287531368464,182.69224435936664,Train
191.71312366600597,202.99711135968292,Train
152.5255018477437,156.3644197197221,Train
100.46711641824712,116.3973189194726,Train
110.72915895499858,149.53561245106124,Train
188.30689388246267,158.5569263770313,Train
166.2023354711112,182.05900999185923,Train
135.5920560747498,140.267452807022,Train
233.43925300094998,241.4160388000162,Train
180.28608878115355,166.79244365064238,Train
167.70423012676096,171.23552486900292,Train
195.3160252476423,220.4278984392656,Train
253.70209818574867,205.3920763361463,Train
142.84402786096433,123.07714802073197,Train
134.19697617267002,174.90421399792487,Train
57.25138333934642,130.63709134118696,Train
157.7448950503538,189.9074256315456,Train
136.07351086371386,137.21465431227773,Train
167.38635290998488,184.44437592761665,Train
142.03686488215763,140.2344061760682,Train
223.63262593443142,222.22919979533918,Train
187.31564631651236,192.0849639226981,Train
125.66526902426659,136.97198796404498,Train
181.75515498758585,169.11325044339998,Train
130.8663399221963,179.73885732239287,Train
203.3716424372804,176.5422230613171,Train
318.9683913248388,306.0970520542656,Train
174.0486807242786,155.73998898977038,Train
124.3957200075152,130.16116060734606,Train
188.79497222091817,170.47821617492036,Train
149.37485867676352,123.43606384982652,Train
206.9499337723712,181.77974127758208,Train
214.33999949350664,193.36874047872166,Train
220.67823144815765,188.2909919078902,Train
249.46569667429966,193.8868753879133,Train
190.23673205361666,205.3813552914935,Train
143.94489090264088,163.20399159252995,Train
220.61799028581666,199.38845896385462,Train
161.11590187232895,147.92940750081684,Train
184.97818468661177,191.9927944843616,Train
129.7473377964137,115.42561619060373,Train
267.0292386440563,253.906055417279,Train
105.45908983054123,139.66684743621994,Train
108.65968710969584,133.47914226794498,Train
254.8901571344485,216.61252447655156,Train
191.89977684405812,212.7112831939198,Train
223.7453383068069,228.3232315203764,Train
225.0806130348746,204.48251618246468,Train
199.15707853252198,180.94916538279824,Train
171.38128822503907,172.68526926397269,Train
160.96861990364107,176.40188715160755,Train
200.77715125942456,190.86738610310013,Train
212.62813237717407,203.364087963927,Train
241.1711609529596,230.6412785442479,Train
227.81626977987742,183.85407466372274,Train
170.36074732766104,167.54040164872504,Train
323.80815610679156,262.79407865925293,Train
187.83258248678578,179.13306587616034,Train
143.81986621463602,181.35540246914886,Train
85.72082522099343,108.26497613065325,Train
155.0620976250775,161.30354342077277,Train
229.62978321737137,196.28548773855985,Train
168.26837135407095,158.5144529873247,Train
109.61773064046307,141.09621493205557,Train
151.13345082330466,112.35560479209225,Train
212.46195734043988,161.01150706341195,Train
221.53367163341574,202.4668383002778,Train
157.33252534208523,138.37382636527113,Train
245.871813871382,258.81904019938867,Train
203.05389787862632,182.27795830663825,Train
255.72847444983591,219.07554399139732,Train
209.38546299430266,215.39946012783412,Train
247.98273418343393,217.61278325268978,Train
103.04601642766198,102.94035598379416,Train
171.58927500750758,197.96742833931157,Train
158.28527594811908,159.06821172248615,Train
255.170997287549,204.46739159653234,Train
121.06635696227357,117.02381774566186,Train
250.75959358660413,184.90696316880607,Train
153.89041535454436,146.63047572821043,Train
267.7515660670583,277.7751414847353,Train
218.64650243101858,191.26898842595858,Train
172.40571745554894,178.0501371612795,Train
289.08884733470944,261.2644129383205,Train
253.36191118136105,232.90368565417305,Train
428.55561220816367,412.06033326541296,Train
273.7901284724237,298.45313268239624,Train
338.18815953749,273.8814184891906,Train
295.99994645110917,278.46807765401525,Train
285.34345506331545,266.3988396677461,Train
300.02848610676114,289.4843688147349,Train
296.45919983472925,303.19468658706614,Train
231.12759258079436,280.11944228752094,Train
280.59253855831867,293.9670745670072,Train
347.6845751773793,324.40858110020605,Train
267.6794250328253,286.3891661199662,Train
313.82092865886705,289.7765069498077,Train
279.42366593497127,267.35707201486474,Train
324.7553829424238,296.9129800065679,Train
212.2659504570819,251.2449871179147,Train
323.6457260923008,315.41852410178296,Train
272.5056753381941,290.4581499858558,Train
274.9473830263535,288.59865964816737,Train
309.9558453317231,321.46642572531135,Train
345.0670881961667,337.3712591632485,Train
237.12751394542306,277.83177508528706,Train
313.4854789595899,317.14498228207333,Train
309.1021452431474,307.7122876053969,Train
297.8831915178864,266.044803908754,Train
294.8228444040015,285.61515077812317,Train
309.1601542661344,298.974113896288,Train
350.26825030555904,285.7430415780144,Train
310.9066757276593,291.06505583785855,Train
382.2805328771535,324.7196454210142,Train
319.98789676112403,311.9787360843625,Train
274.0226755597999,277.10415837569934,Train
277.8788357921003,309.2452279946855,Train
315.66986621463604,328.8866760843001,Train
226.40063122382386,243.8614842815227,Train
296.35629722282846,284.26400981711896,Train
285.94149686852575,299.3356580960041,Train
282.12868762827406,268.71262796374083,Train
227.89692588615117,242.62323925401657,Train
267.1508355612938,262.2462984609876,Train
258.7396683077165,291.0720599342052,Train
314.47037734455034,313.5125303907252,Train
293.81202774314085,275.90820825412504,Train
300.06233532823956,307.1469622471183,Train
299.9806040388358,315.6273488084031,Train
305.20682635802774,284.4141403266959,Train
337.35433517021914,327.5228255433295,Train
413.1017540155304,317.51261132487167,Train
304.4485778130571,274.3714131735334,Train
290.4247306037942,290.5036191796884,Train
240.0654966167366,259.15612992312464,Train
231.90394199336214,267.7913111054182,Train
233.59242060526145,231.66753949104788,Train
245.20296374961222,253.54585174829685,Train
313.80935293164,292.2847086552346,Train
332.34530326263723,333.93873953205383,Train
309.1070453675237,275.9493868392817,Train
280.3803420957846,279.5112746897322,Train
77.97648410864943,166.0760341196976,Train
88.9691936683931,141.4348991772115,Train
245.9028801348192,272.6987617097105,Train
113.74755901534373,127.37746115013142,Train
61.547364990221524,131.79700682646524,Train
115.18588335508994,178.26929630463093,Train
77.90287261553789,93.89749753975912,Train
139.33420975907887,189.23078757244804,Train
134.3342307015318,184.78604860677993,Train
82.23537480699477,159.07368797599952,Train
158.58974831922043,197.81262950815722,Train
174.87253914501565,193.8518117909267,Train
91.26925553804352,161.80465952717464,Train
185.62758239088402,162.90994241469502,Train
88.14983115132544,150.24797481190598,Train
135.4265070953433,166.54374462501426,Train
98.33086514015632,120.1206403277949,Train
208.42289521338537,206.08530257352646,Train
73.55921749278524,105.33910304071978,Train
53.53315035980063,110.63360842913303,Train
168.6539932161162,211.66068622159787,Train
135.9873541201477,202.5736145163208,Train
169.90538859901122,202.57641038612744,Train
135.25086013396935,165.6726235669087,Train
168.8806657400025,188.51834304127792,Train
98.95544509362983,170.41607709038996,Train
113.86739682275005,167.13829839039505,Train
149.94292533051419,193.47058116786226,Train
170.47755521569957,152.9076714898619,Train
181.09649081023434,214.50448699009308,Train
217.26318254117206,177.8707641840522,Train
193.14252952148811,182.0030607238586,Train
295.8832042813197,247.34072444103975,Train
119.71087938102433,186.962822992317,Train
110.91986621463602,158.16659165883445,Train
57.367317341437456,106.8555338743964,Train
143.59315371059304,164.15352345196305,Train
168.99984380613813,195.04979480115648,Train
92.71980982002611,152.55619853513687,Train
58.19982705217576,117.51387472572797,Train
58.96761040376684,100.6945020291929,Train
128.16655057563847,172.13038659206626,Train
198.36477656652974,229.80874555752794,Train
125.59475020904159,144.27408547867842,Train
183.3175811843412,257.15646351911727,Train
149.05252825494006,175.85565262978417,Train
176.2428776417266,203.555720235348,Train
166.9153848593722,210.64723571388583,Train
196.94252533299755,218.45837194857643,Train
44.92475897486922,76.3127233736475,Train
107.95402500864121,223.31307592510083,Train
93.72991401276622,138.55734913349653,Train
78.344769007245,83.70391281912259,Train
201.9154149364976,185.83892320521863,Train
104.63593480351818,139.04421195610178,Train
218.11924178603059,259.90015386272734,Train
155.9397646443329,187.7988524259809,Train
120.17474769594733,162.6154880038662,Train
102.2558431902034,203.08919485651305,Train
94.30707202373998,154.02293775855594,Train
231.3327328447457,274.4347389164456,Train
114.80825563502557,170.58651346301443,Train
113.96759966314772,153.61710653233655,Train
124.99425182595213,185.41091383471382,Train
89.27970875966764,151.7683318149011,Train
148.19363795894003,199.18197916310393,Train
138.18487928974875,177.1855998951332,Train
129.1473555516477,159.0124831099349,Train
157.86131584301782,194.91986190891836,Train
135.62135486327355,176.88940076076193,Train
103.51820959885585,156.3500506663501,Train
162.0631547494794,177.20085216339507,Train
139.08751754295542,185.9082435540946,Train
217.73665166906056,237.37895806521277,Train
126.02282756665177,159.42363000107977,Train
206.48642660292802,213.747146888673,Train
71.90753015582946,109.38851177444226,Train
104.61665549592273,134.98628318957975,Train
175.24155531985357,211.34754236237814,Train
166.43597696514004,176.59013952085195,Train
360.83584063896194,289.3375182828083,Train
147.8287524412707,155.58267750380935,Train
183.237828627809,190.67754902835335,Train
148.10263524711297,163.1937457933944,Train
163.01428648597684,169.44112504115216,Train
164.7461685312666,171.9592585876775,Train
189.9840980044605,178.1419724252629,Train
164.71304041606223,185.92354297196795,Train
240.3897873663227,194.71183990435824,Train
195.00729524810805,207.32499853028924,Train
205.45303276233767,207.15331449126998,Train
134.05687167160167,164.04219762509356,Train
120.36986621463608,161.22724965052004,Train
88.76668339896875,127.8949825533671,Train
148.09525410885215,157.07728046710483,Train
187.08034734067388,204.70235826216117,Train
119.32218557655003,159.31595156212626,Train
165.6873542760269,177.4849479678643,Train
155.51186114773063,152.71862391971405,Train
168.86314246109066,187.527244909545,Train
147.74471314709334,170.40060136478692,Train
125.76148326129396,139.648993622338,Train
199.6932372546633,226.28400892826158,Train
129.06590937125307,164.07021004617155,Train
154.49760667906173,160.04770535990008,Train
193.08315139043586,199.19727540262664,Train
201.90904698194632,209.05777889675133,Train
117.23207042921402,123.9856402015413,Train
109.74059655465689,172.0143412616902,Train
26.99033586008727,128.03785931183157,Train
203.17557682700726,205.78884644380236,Train
139.64404347398926,140.85439621434202,Train
159.29524773074843,164.52665560657792,Train
113.51932572069609,143.66172090387488,Train
213.87737009956751,208.46250211941734,Train
164.43257268404216,195.58720441008353,Train
62.93970134760153,92.2838217489119,Train
126.40253430159677,158.36419125774464,Train
322.36723480620833,284.95397286133397,Train
310.41001597720356,282.8315192502492,Train
395.73666704127027,389.6874929493298,Train
276.63102549152467,240.65801660132107,Train
303.9912029263468,309.0656184327342,Train
286.1783606774376,247.13249775626292,Train
305.01397521579406,294.1428189352897,Train
312.9142111031125,291.10243796556205,Train
295.01767132686734,278.59107744315514,Train
266.89438084363496,254.3587318506495,Train
359.1464429584902,290.23120183854314,Train
342.80093059780205,285.64672150941584,Train
243.32893510906442,223.58098572734082,Train
389.18868552182784,296.8128499116203,Train
287.8833761691815,277.55173641452745,Train
297.4446564146497,222.76293459765319,Train
239.34198874653967,185.10495575842864,Train
349.11115840237363,329.121434874285,Train
276.091575994595,199.80367941700834,Train
277.4342579109125,209.46485611602333,Train
319.5354207716572,299.2461056312507,Train
345.3519574650698,315.7913049668816,Train
236.54083380869972,243.2853387602105,Train
298.93171214791414,307.4617731828032,Train
311.02620501595,252.8664638185028,Train
294.2837917751488,268.9135118017498,Train
279.44846246645403,251.6034270561834,Train
298.4310334144294,276.8743641585167,Train
314.0905718686355,253.69098171609974,Train
331.20034207780986,298.1720364805544,Train
355.94264816273034,280.3096433391837,Train
294.96061582241265,291.2103568208894,Train
322.22113908528434,301.78923017679944,Train
296.612341698693,285.669898358931,Train
314.96986621463606,286.6709953117434,Train
201.12808289156362,220.36551567701758,Train
267.8508115467133,249.2857764522839,Train
317.81394852388456,280.46651766117617,Train
259.29967752356487,257.74721515777514,Train
285.2311803448807,240.87545025327225,Train
211.99093758397026,223.00831822604638,Train
247.50163825975744,210.9875000756204,Train
290.0179219417147,318.89343956328185,Train
289.80939284239696,264.68902442042685,Train
376.3188625460914,301.5890394426433,Train
233.94713128144954,281.09020194613447,Train
311.63880566949524,264.8048897104078,Train
350.14404175103726,332.57961995975984,Train
355.93992377766165,294.6308470517461,Train
305.3310153537607,226.35075941379344,Train
267.5635726016134,273.34622436084635,Train
403.3951440350962,323.91079693669377,Train
324.3763065763614,286.4536419840294,Train
231.3661224060874,168.57484987426648,Train
230.03480905294194,235.94836482536166,Train
274.5819343351098,255.77579505184175,Train
381.6115898541507,344.28786781447866,Train
314.3198650054811,247.55190198633994,Train
272.0333173282378,271.4293855043322,Train
275.9969776155465,250.3826201948255,Train
137.58226196966652,205.68250230154422,Train
210.72396894506414,217.8036877696094,Train
386.6655830568143,407.94990090269414,Train
189.05066968517573,211.05680258241165,Train
154.56906382387126,217.36302307777152,Train
168.3766312913162,199.54695017578035,Train
166.07507129594742,189.379388163106,Train
232.59588080538197,268.9222948625397,Train
182.19242565396075,214.29896194037164,Train
154.7061168608151,185.57541839269692,Train
214.4120414994899,233.59519748681498,Train
187.8892575598029,212.2355181601245,Train
154.8442753891275,201.55136727597184,Train
284.7818223770973,266.2770676957389,Train
164.37313717675363,174.0123706264472,Train
147.32785034154915,183.5817095550027,Train
120.37869836920805,132.81580642199762,Train
240.3350953477909,223.36605358601776,Train
127.17341911088991,190.91996087828835,Train
142.27103847013194,149.93613990963934,Train
205.33122843072059,221.35190044571755,Train
321.16310488723184,294.9017696192004,Train
189.9534698839446,223.0602271321852,Train
235.89977199017076,247.2041832710964,Train
189.17684619344885,190.70117620779502,Train
188.3535300135532,188.83343313794526,Train
161.81581199371095,177.21812352197898,Train
178.18563116050103,238.3798350599193,Train
185.016925035499,186.08342065451933,Train
224.21315632121178,228.3493744026247,Train
242.01486219076747,227.0780454678607,Train
200.41696912176755,224.60791941791237,Train
206.32678006404612,267.9272558236338,Train
140.84434886624155,166.34733123016395,Train
165.16986621463602,209.9706368304357,Train
111.67016349221983,116.87312036935778,Train
171.58648564590453,208.21319358714854,Train
229.4689566968173,209.7024611488422,Train
142.7910280081357,179.21371147942688,Train
128.39172081795414,172.6397300554925,Train
122.90058151263881,126.95064733652698,Train
208.95168608810633,179.06387854777932,Train
241.6120715642942,258.99108534792214,Train
153.3067916320174,191.6672273987211,Train
246.8366406477368,284.965585269096,Train
210.739054238542,187.85741598956315,Train
215.29824205960642,197.04700515395945,Train
200.65245838813297,218.37545202418147,Train
288.8976601520517,252.72379875302624,Train
90.33097389148801,147.00197545114167,Train
163.08948783131711,199.5862698942512,Train
178.13939231106872,248.34901313135435,Train
191.73922350378052,230.46094538449836,Train
87.03307103418409,121.43933994878994,Train
197.5145054315998,214.72245431848438,Train
159.30927627264413,211.55521399557418,Train
253.0854111352413,307.05649527991164,Train
190.51522428907055,189.1902337283742,Train
96.90390816783034,134.71309226275602,Train
184.69520625018797,167.19343198311094,Train
82.69118959840299,164.03987141899384,Train
128.40389272360105,178.29088077469834,Train
281.3972349713616,306.7941189427862,Train
110.5628979223378,157.93149199107057,Train
69.42676819411886,149.2646630150628,Train
110.88540881535371,206.2364954544779,Train
93.33467822288483,79.0821714416257,Train
181.68642615700594,201.61466238582238,Train
142.2439913253667,210.0619835398317,Train
118.0889100485127,162.5477109317428,Train
138.7050324985462,197.22209733377076,Train
155.08091940256156,197.02078950338137,Train
117.12528534915,164.05474235946735,Train
165.7747040623691,203.20881325603025,Train
114.90215700458906,151.42369241060854,Train
142.8090945032669,147.10600079628946,Train
60.36986879691304,110.13768329451253,Train
207.35868189258133,220.5079256023076,Train
42.46410023519951,98.05287070268642,Train
79.70639941372468,138.5370452105108,Train
165.69895960762332,206.40241953464084,Train
189.09500101870447,202.4977746270903,Train
124.75965299143112,188.02911766743657,Train
151.63421986863975,200.71951517869437,Train
152.82235561738656,169.38707387531286,Train
110.56966216567236,165.0837970628193,Train
105.23426725002737,183.24719051554212,Train
176.9452423107545,190.818490784364,Train
153.445286123833,173.16683852811056,Train
167.22961045227845,242.84647504395443,Train
224.77146628053407,196.11176580877768,Train
157.70352278118207,195.7133747285837,Train
244.43500063136287,246.89963986840021,Train
114.88901311139843,214.22986257349706,Train
150.1198662146361,164.89709192950625,Train
52.306353170922236,112.67367693074056,Train
142.97560984066232,201.94882789115388,Train
157.96919387971553,197.3110989003647,Train
99.75069060106091,168.46753854953053,Train
58.62314174502687,138.91598023501837,Train
55.49642460763951,102.4136887276926,Train
136.63616320492469,163.02013134051091,Train
177.11003708566682,227.31888371493758,Train
135.3047550417319,145.17665015775455,Train
231.6566669326005,248.13709568749118,Train
132.3309855150139,180.72012683751888,Train
161.98849386329138,215.6460084249917,Train
164.396541329326,205.7674271778281,Train
208.99200974751,213.76703970332176,Train
45.32168234424378,113.34179546129502,Train
109.17012523926532,163.05919125882977,Train
176.12727914834232,183.16948972286949,Train
158.55025604391776,204.71986338639024,Train
75.21114691292382,92.98783303562438,Train
160.64676832323286,169.85645584399688,Train
95.62343563705514,128.56317464638113,Train
223.7908758304981,238.73321652708754,Train
154.12084997380106,192.18593991221306,Train
75.0516802784222,91.49498223440938,Train
125.47784722152863,151.13978177985635,Train
68.60771946974293,183.484674597236,Train
65.47853137399042,107.1011778739143,Train
214.50231667568738,288.9866092654918,Train
152.22056262313032,194.76272963286223,Train
162.72200416002997,181.98685527757806,Train
155.67657797932907,173.91033629840337,Train
79.02601975145222,100.81307553509052,Train
141.14808251255175,171.1906808327695,Train
136.6911648064801,171.00665155847582,Train
100.66833862922263,172.02941215102646,Train
198.19822179425057,201.82628963161002,Train
193.3536503208723,206.6740753042913,Train
185.97077875454357,188.3814260959631,Train
173.0719639860136,176.95495045192962,Train
108.69276417031124,156.95354180803642,Train
122.20707823911634,171.19269368800917,Train
74.11389955900614,115.09265877127363,Train
238.87333592731576,227.87478189784412,Train
56.45961343512096,149.72362534655693,Train
54.57672660746101,134.9064704144534,Train
188.1390586799044,209.9354885318915,Train
218.2188140687664,212.96919735793514,Train
147.52795389084662,162.6200047960292,Train
142.78277251004243,182.60070308307175,Train
183.4913841550114,176.84299499596398,Train
132.39624433050537,190.1879814176849,Train
142.22748924680116,174.80494847555474,Train
152.69694902741438,183.9219010968024,Train
205.06398875785456,234.74411995073092,Train
208.16150580380003,199.5704921883328,Train
212.91582888458365,194.18260149675544,Train
182.4434388164549,202.43933491046573,Train
168.42220906711088,229.40265532163812,Train
136.60319551887738,200.60075174542644,Train
176.71986621463606,149.8108623414091,Train
47.759840037768896,98.17924777866881,Train
157.60361977448952,183.28579351098898,Train
184.5129216749171,198.72515761516743,Train
107.39763928287302,165.45411406471996,Train
61.378455839774375,144.54267375416492,Train
63.411662505929726,108.78128516074422,Train
176.71983860417083,185.89693387202817,Train
178.38236701408005,235.48122537661646,Train
111.79690237609887,139.8999999587284,Train
188.89741080232577,214.37548311726394,Train
128.89124752802957,158.92392853560207,Train
193.31635950199507,200.60638137592954,Train
178.74901813030814,230.22946970523583,Train
198.03482235766916,232.0628988683582,Train
40.8661778871802,80.95367771038458,Train
106.22611836351726,178.33571277026562,Train
115.8039765698833,170.58468397185797,Train
202.69709443842828,209.49693784665948,Train
37.48764468668665,100.90545928771326,Train
125.65420582724843,187.47779795984286,Train
105.7953159668658,154.6129877055482,Train
225.02958889607783,221.92550597327852,Train
194.6622196327252,210.26109370128452,Train
60.30095121168415,79.25020295016375,Train
135.1517325008276,175.8009816576674,Train
205.50948312187876,183.78096602125098,Train
221.23665852000602,205.56348190764703,Train
288.89871741760356,266.9524715443359,Train
149.4111951832329,164.32003168943544,Train
201.59418288305795,209.43405005794386,Train
182.77785031864045,204.81786809021312,Train
178.94831613769404,177.1683911490718,Train
180.57888580462182,195.4330600045479,Train
154.03620755300915,160.52737213511224,Train
140.2484969652085,183.4266271999911,Train
299.36715159834114,244.56168017692363,Train
146.86953270915234,169.9326590073007,Train
150.60492359817266,152.7101386718092,Train
151.94645734338667,187.0068014983999,Train
185.1669729744052,199.04936935131516,Train
268.92695067132996,276.8205455660271,Train
142.07853903492094,182.2448660035488,Train
215.74798907644245,226.51410087106547,Train
122.3124189393926,130.10943311044866,Train
149.09270911182938,180.9004472113772,Train
222.35913876373854,190.06440397691955,Train
167.01061012340656,183.32195246351887,Train
159.39897749487915,177.7097245738644,Train
161.10301636481796,178.0715924750269,Train
187.14244400345038,200.66453067641916,Train
183.14815984175,218.4586531207038,Train
189.10931194060674,187.54606643157035,Train
194.4980632951002,197.25482521836298,Train
235.2375254442581,244.20621874312423,Train
173.7758260813627,202.36417993959,Train
225.27716368106098,265.87927235601495,Train
208.0362819796492,242.22718357063965,Train
283.9443092003638,281.1123676819166,Train
161.26951782382432,159.7335474413255,Train
92.0198662146361,167.4947074555996,Train
133.4426620442847,170.02837904048087,Train
189.22588059157135,197.3857487933393,Train
188.35910155041856,189.36616193831938,Train
164.0918566153151,175.60552441005092,Train
131.19324415170868,151.08240342652329,Train
167.41368211245089,185.7058570190156,Train
218.2612417099357,236.0090534411908,Train
176.49174277177661,193.70260280292743,Train
170.46686919307353,179.81285155490738,Train
218.14460441225842,243.80719387595536,Train
157.3117253999909,198.53498955335436,Train
188.398073357307,196.03674217770768,Train
183.6480114044344,204.26351606813665,Train
221.74481762997164,226.86876785542623,Train
159.16759250313126,151.0259655165307,Train
163.42579872226736,198.5052415002951,Train
145.3618262289201,145.370961918687,Train
172.3004140527878,232.7789638891406,Train
195.09287239284717,214.61734362847895,Train
213.9496165240722,198.08159251652313,Train
151.1030408963884,168.69843318507245,Train
212.90291216752192,224.80767985794367,Train
202.96674528732828,228.43881542434116,Train
184.78065424690337,156.66653402244003,Train
149.99199058326707,162.84365051178983,Train
125.54468873235064,162.37888296509738,Train
110.93982202592025,165.77629526208722,Train
315.5658783968573,289.608245311433,Train
111.02972472235624,161.763915896586,Train
102.14321789108338,162.92324158518596,Train
134.6356853132623,155.44241420036582,Train
105.38184920605785,101.52691364535573,Train
184.9443115947791,174.82793200028823,Train
166.24744363020744,163.133056988601,Train
170.41176619154479,171.39513217773674,Train
223.25628329632318,196.56958764431477,Train
137.64812221614278,160.63824250893714,Train
65.5865027990592,143.6327404245203,Train
151.34883923421674,169.30233822534893,Train
121.4911944468453,150.51541507795676,Train
171.2653881164348,231.4434627675172,Train
84.07323502792843,140.91458803139196,Train
202.0041334623656,239.76927102507085,Train
60.71264669142151,95.97500448472827,Train
92.56614248196786,122.76140483493735,Train
177.07591387501762,193.15346695959826,Train
125.25068757461541,182.4540411123512,Train
260.84418582199527,214.91999382253002,Train
142.54558168138038,150.75321113712525,Train
129.34575806428592,192.2491802688193,Train
147.14989646276476,194.4711846309806,Train
159.12397858493432,161.53152442453566,Train
144.81044690947283,197.04342155987447,Train
144.3675134430469,180.44658659948112,Train
138.46169098368776,191.9578518846934,Train
184.57512161968572,180.32453249065728,Train
196.69123065082326,194.93251657260973,Train
323.86018225262154,267.5213402103313,Train
94.45936481201957,148.20850879478968,Train
127.71986621463606,137.28390585046824,Train
80.09756856008076,127.46926596622298,Train
125.27464360763642,166.85153560003758,Train
172.3540203647097,195.68836875313653,Train
110.5896472836406,126.57366965085049,Train
75.3115147363671,107.46872670037486,Train
100.53229030680367,128.2896683286298,Train
162.8355093823065,175.64057664151304,Train
157.65913861670782,173.6211892321682,Train
123.94483976500038,135.31603365358941,Train
193.98339716697802,248.20593007942873,Train
142.47049355772012,144.68490704845678,Train
138.6946008945607,180.407363182385,Train
174.03726956855036,200.09142995155602,Train
228.4306042437375,215.47177228949215,Train
62.06450770694802,121.20212514210347,Train
120.48647788495904,181.33532851056717,Train
63.001757268110495,122.8688725270571,Train
186.9493677208028,203.59336969946798,Train
134.90491274199888,144.0896096171274,Train
136.273386331748,183.19260174474206,Train
126.84354592357414,157.48795090341963,Train
207.72427985251835,233.81359806878154,Train
163.13017711297982,185.09442012927582,Train
69.3318126563141,110.28108754439705,Train
170.2884639207489,157.29954760024,Train
349.0561940845356,299.13797954174544,Train
357.2788624041356,279.86857896757004,Train
489.49645772471246,452.38994510748057,Train
375.3514287898879,292.0988600895393,Train
502.2172927894411,344.4675863023235,Train
352.98659471704207,295.7557556136969,Train
377.7217536678753,294.31903466891566,Train
365.79130331673736,314.9250213340598,Train
383.41065198199834,331.1490518020746,Train
327.47868722923135,286.0370473644824,Train
413.56761583178763,307.9444897310352,Train
384.32337438621084,353.3482124162469,Train
295.8225656773679,260.7441194931014,Train
404.0920534443534,305.48962426844514,Train
355.85892923293784,300.84503775045926,Train
328.216823959681,243.91087715024588,Train
322.9198267439291,202.04204364757155,Train
412.3023887637004,350.5187321714748,Train
351.98426622589136,257.8357818266929,Train
375.13851735500646,310.0318941848514,Train
402.5895780710921,324.35018914192324,Train
492.76349294616205,361.3833498259781,Train
363.27506515431855,260.69592806815365,Train
446.77944452692327,352.2105272119463,Train
370.1935752098129,297.4937607789779,Train
379.7266528938816,276.29648663849804,Train
333.41870276063787,288.7681215805854,Train
373.1577279163629,324.83256113602727,Train
420.7075538361559,274.8193045571478,Train
385.9143856574192,315.01607787532896,Train
483.1633991802099,391.46124959526406,Train
380.6226047315191,292.6265798839847,Train
369.07099886676804,302.6102471149827,Train
356.18098383630667,293.512908314176,Train
348.569866214636,308.8239016000938,Train
288.80648514592946,231.86214940460886,Train
325.3176131414483,286.2318973887833,Train
391.7336016963316,302.60051015411386,Train
344.6595857883566,295.82779957013935,Train
353.83812276412283,254.46719780542173,Train
339.67132699916147,274.405379641414,Train
317.0320233327971,296.4454117578414,Train
399.0434097015692,326.61939807179607,Train
392.57542257732536,276.8860267218151,Train
416.0955461810795,314.0995611933486,Train
346.7413130802751,326.31554618175323,Train
418.4903973475379,356.4236738572116,Train
419.5159745885567,358.39783756319673,Train
435.8987349984669,339.5485241575739,Train
352.60315682274984,286.4781034762734,Train
373.53446511697535,310.93937635707385,Train
443.81852151035497,322.38495071872666,Train
367.14786421399276,244.81042270578305,Train
371.01218271941843,237.87763750215015,Train
296.11479081590574,234.1724865206479,Train
356.5412773142857,295.6474643348386,Train
417.78271067759414,352.4766594082461,Train
380.62657705936294,323.6529919631621,Train
364.79318839931534,298.13048255203637,Train
314.441100737494,265.2735016262189,Train
104.26911971908264,178.1891020617081,Train
61.96380931932612,107.30235236554083,Train
265.2976135115582,294.97934465200524,Train
137.17670330342847,158.34178197720672,Train
113.32198788219955,140.0674901137935,Train
147.12288547757257,167.10459050426402,Train
97.62211643201505,95.72798138399244,Train
155.09609087878636,178.52679705086666,Train
153.38295995207025,180.01627665298372,Train
121.42182176464529,157.74895300643254,Train
226.6374582965448,196.99548817829083,Train
166.43889741735768,191.21874379461855,Train
197.94628705521197,176.87396036735927,Train
147.20689351815003,160.14903462230117,Train
112.67458089255362,169.543583433092,Train
135.31523623259721,170.39085168073598,Train
104.16025333052532,97.22155152201928,Train
233.68415924432267,227.2029986618772,Train
48.281400595772126,107.16745264329235,Train
84.09467830209014,152.48536479885348,Train
192.2504357926062,195.43504999113702,Train
135.060591750931,190.10743928187074,Train
182.74949167275406,182.67239007271414,Train
127.7991805397763,168.10702696551732,Train
177.7281672041794,196.62616910996454,Train
122.15459870352282,176.01409322142382,Train
132.13802887359108,164.86144293412832,Train
159.4216991361733,174.15079966058337,Train
161.30340318997872,176.80038269343723,Train
176.9409178225335,186.31228918846952,Train
200.35924142101055,191.08067235953013,Train
140.2008255370666,198.29482277417588,Train
177.88203368354766,224.32340810919882,Train
141.77532430035845,177.84197059725292,Train
143.1198662146361,134.98103788716952,Train
63.68680532930773,114.59411677049201,Train
139.68057735381552,194.5693894081354,Train
172.59150300010813,203.59865955425616,Train
128.40363811806267,158.5244841429652,Train
59.16200774148095,128.214397578924,Train
24.68185860925287,108.64505958214328,Train
167.36082075767135,175.9739926806479,Train
201.5900118119293,183.79604978318548,Train
97.19022045985011,137.63916135877065,Train
209.71912084085085,230.07810902845665,Train
110.90972549924993,146.43910099654573,Train
182.75096500960325,211.97470898462313,Train
169.17951891982162,217.33860012771964,Train
171.3434517224098,211.00433818287445,Train
69.88904179037077,128.56017436688182,Train
116.03092521031965,167.35703286310064,Train
113.80317679162933,178.01464094781656,Train
183.91786846036518,206.54350684099117,Train
57.878963158708004,105.31026740823964,Train
150.38150723799393,191.45525915844138,Train
123.63136814391412,163.5845379223367,Train
221.1541687207814,222.5681885305579,Train
168.04732828028682,201.17333092087944,Train
34.13673209765928,77.3811062667989,Train
175.37579617105615,194.20267011493854,Train
231.638155099043,229.75322110365454,Train
225.49596619060804,232.4282111414509,Train
387.6503451750683,398.50042361171984,Train
225.451326749519,242.17312467295196,Train
287.91318050547653,318.42385910929255,Train
254.11476976574033,264.63238438060716,Train
223.44525529097234,246.0035969003554,Train
215.65200517199352,243.62615186672383,Train
238.02437434497548,269.79618511672226,Train
189.83349292231884,185.24088066079457,Train
279.64829727897023,296.59792202426326,Train
298.633779807908,320.00150231264087,Train
244.42440083356985,299.54349644503344,Train
253.09252815054893,256.3801045189036,Train
205.25806411309128,224.18021445493525,Train
260.57535364387957,291.88316241770343,Train
156.65804933979044,202.95866887227862,Train
278.1784509796153,315.84535402730216,Train
128.76805950236377,205.9290451074738,Train
205.188868218613,276.9360259581025,Train
271.616515312018,301.0155062077973,Train
258.86851155370334,298.22852938769574,Train
228.8958120492206,277.0314762566236,Train
217.45764375645228,265.06612806525305,Train
295.0244576743937,271.06881515769817,Train
260.7288012708283,275.6351560649622,Train
227.13918164840908,247.45384412125415,Train
252.11673655235435,260.29799329058505,Train
292.48085577111607,303.0176831915237,Train
279.81731323439726,276.52425328806584,Train
266.00094618138394,295.8115049183221,Train
254.43697149742505,290.20665793335706,Train
254.09028408493026,288.7649160901409,Train
246.3512603774181,283.08363283227163,Train
298.16986621463604,323.36609438545014,Train
180.36899388196508,231.67814943668122,Train
203.02844728629006,260.68907461701593,Train
247.6602167357932,264.1090741503066,Train
215.68169208391595,213.84519622320087,Train
202.46232139740766,249.32301435665738,Train
204.5890952969011,259.10941474781043,Train
229.75402945097204,252.21375291730243,Train
241.31479188977397,281.64671644192873,Train
249.72905125908295,257.85118176612605,Train
257.3625935456137,262.77420819665934,Train
238.2801478379574,276.71143416738465,Train
263.9546238924879,299.58496177748265,Train
291.85223012535016,304.815139325588,Train
354.26249766282876,326.2235374740454,Train
213.28200178446914,221.97828819392632,Train
256.72459041859554,287.29757005817277,Train
183.16967301159275,242.27230646610542,Train
221.51382575985951,286.6511064950482,Train
133.491775969323,222.94878743394418,Train
203.17258966173432,217.21136000500073,Train
242.12942736765478,270.52834806795244,Train
278.4800077430229,296.57402207062233,Train
274.0242637248074,284.00845292134534,Train
206.72436695832516,266.5265009216563,Train
129.78995787267837,174.16093345035708,Train
142.40766026010903,166.89414311753052,Train
271.6561325806953,260.08824784977816,Train
97.85113445604179,152.7995260665806,Train
108.37848271028466,145.31017763357323,Train
145.14213734910336,171.70474722608603,Train
134.63632295961733,134.95660652483093,Train
177.56797168449557,181.44280848121625,Train
167.46543302378223,167.14861649016262,Train
170.11682772734298,181.23777281648336,Train
213.24422533277672,222.43303553645154,Train
150.377641760051,167.36568509960216,Train
91.24448705800626,135.74670836676992,Train
121.64318531178202,157.97230139069066,Train
149.7817899310257,146.08542289811442,Train
173.5189741932307,215.3586309627788,Train
110.43716509919022,159.7201332153893,Train
194.80230474498165,228.0414223773505,Train
62.67257503423279,92.44090824475181,Train
101.32255472273687,128.94812593022996,Train
192.64244399763496,194.9896705626551,Train
164.21507927492092,198.8460384753684,Train
190.7542375196743,185.89493621466218,Train
145.52505083882673,178.1567218507314,Train
163.29264101894677,197.54496018466384,Train
150.4191919830852,175.77069104618238,Train
148.74262394600044,166.4645392597784,Train
136.48809615142392,179.1004107311238,Train
107.23467672337239,176.97699868207212,Train
150.0771455012502,178.11148396692533,Train
199.64317757151008,196.8018747237651,Train
186.6164477745118,207.42430869722418,Train
262.9699844422378,269.227485798138,Train
132.5474388099051,148.3831542824534,Train
156.7698662146361,141.67122988432516,Train
117.3486531620373,135.5588505736058,Train
153.46614853702272,178.68767633854858,Train
169.06693662227016,190.2874992073897,Train
134.32129405655124,162.80107959390637,Train
65.84896755084091,139.5577122955933,Train
149.78759235376307,132.99572476598223,Train
153.17258793468594,174.09142670814208,Train
147.57670256448222,191.56908855273937,Train
123.90081596857888,149.18908307391158,Train
234.84752878408793,238.96704213569268,Train
166.410961863622,166.73428274884037,Train
142.8517136810461,175.31293459972753,Train
165.54760917020053,209.07233188021215,Train
261.4369555066545,229.31499979784093,Train
136.32283503948142,139.86220791808356,Train
121.90003231122017,172.62749123059945,Train
125.60619503375153,151.10395394478212,Train
166.53465813185733,190.50127413323412,Train
109.45034002127379,146.88656309922288,Train
132.62684765451235,179.86008585445998,Train
137.28842463002013,177.7521657513721,Train
188.71363018780522,234.42596444191423,Train
179.7926069468877,192.8029359655452,Train
150.14899593183804,122.33227182511212,Train
161.7931206078645,172.440729869575,Train
341.5346201947551,287.285422717933,Train
342.6436305370777,284.80020788090025,Train
467.8872657590791,433.1299757888471,Train
303.38959078272126,276.54929193187405,Train
440.9292233727173,328.14780661194607,Train
318.3580268685886,284.77982589614135,Train
335.31755774129,284.9076762328575,Train
323.61588984029555,308.95717827348767,Train
329.58210606948734,318.17563511129646,Train
340.8222117610852,261.08040169146267,Train
388.49983475391264,304.924924036548,Train
365.69434764588885,307.3123671099563,Train
270.6348516271662,233.22072417971148,Train
402.93923366053673,314.95009589995396,Train
349.39540189791273,301.20264158199444,Train
331.8521334850664,219.39932150987576,Train
273.2819512053719,203.37703268236177,Train
391.4029414440971,328.3412999254625,Train
341.7397924765568,212.51230719725157,Train
311.8849841742913,255.4051514579685,Train
358.82265802636346,320.5340066945436,Train
385.24492075825736,330.56329748149165,Train
324.5127197352719,302.72972835273544,Train
366.54818913508564,353.7086105330265,Train
348.2938219622972,303.6242925187205,Train
336.97617899228993,285.7519906079497,Train
330.0178720410885,292.0147936000597,Train
335.05803316469354,298.38596173715143,Train
372.2284771243869,248.44189230998066,Train
373.2638093880965,330.80959123875846,Train
434.82950278072724,306.4543208171814,Train
349.95895309282065,298.54093674978577,Train
360.698108009647,323.3276500940439,Train
324.51897824122216,297.75696788285455,Train
312.8698662146361,289.13175176784677,Train
243.23689949375913,228.62749532161786,Train
332.9995787709619,271.5578640269339,Train
346.8842345146968,301.369021732052,Train
328.69705608121694,304.47104187797555,Train
339.31126153134346,271.37185410139614,Train
213.52863884585406,200.76277854653662,Train
320.08934394290594,243.87883129401894,Train
347.4815643824217,326.81251148051683,Train
347.61132667071985,277.51384056367414,Train
399.3665852485848,308.70575949270517,Train
286.5719152067092,278.3865029402895,Train
349.48944963629594,308.74425297342617,Train
397.1659955510971,353.74366652445406,Train
425.06570984698226,285.4112757830476,Train
387.1299427499007,289.9804985804439,Train
327.03504704529524,308.682652275853,Train
414.8356824470226,317.8222698458826,Train
280.0355967151929,235.94182545125668,Train
269.44482762225397,282.8890651819119,Train
324.711464405881,292.4216121143299,Train
410.82060330241904,350.9482282707996,Train
362.46441850032227,295.01433893599943,Train
301.4802747573119,282.2833732631524,Train
324.77538072321687,242.44585377806487,Train
144.53895321779177,205.04856358609226,Train
136.32088309812508,157.48383646274303,Train
280.0633796807475,263.324836332757,Train
126.57184701221914,158.94469403443136,Train
119.05217713675674,163.6859776650515,Train
121.19550941042378,181.1824193619737,Train
89.79166570640459,146.47013675452317,Train
162.12440053661933,204.87146426521593,Train
147.28881470371869,170.7815802769541,Train
115.09112602177015,132.11829528961684,Train
200.0447966961359,191.26070469374724,Train
129.77499746074062,156.29430456053947,Train
130.6826982778628,148.61832844431325,Train
174.76609037611934,180.57036921420521,Train
148.17850116878563,184.62395250751652,Train
228.40112098706925,230.11855221206415,Train
104.76433786650057,158.06800016487958,Train
174.3217578810591,216.00432289619033,Train
68.66962743408654,147.7634447007464,Train
112.39691078875194,150.02021315891974,Train
175.50453898975343,210.55126612986692,Train
177.8341568956779,188.6492961977229,Train
224.20842668333665,224.03468567878153,Train
138.9523535922094,155.74747224948143,Train
174.20808324793705,211.7705945795341,Train
162.53365711997307,188.4043860805387,Train
164.5420866707479,158.7634513520826,Train
162.12356403005674,152.0441549059754,Train
158.9710397734221,157.18371330121155,Train
160.93156575126363,205.01233023799156,Train
216.50394566574033,193.56437628262438,Train
197.48310450678127,215.71776493388748,Train
252.9399861478982,264.4326815613007,Train
122.53613950012806,154.53602971901515,Train
128.7698662146361,162.3879804040555,Train
121.35468846483393,158.73390828766156,Train
143.3432170554878,158.04664716798402,Train
155.65739408822213,198.19607754144863,Train
118.18201140706347,156.46392466897606,Train
193.42586275454255,178.42455601185026,Train
179.74771754550062,166.72703034170806,Train
168.27320195138498,185.8746606227899,Train
148.20741191445416,174.0225596317027,Train
138.29146275262804,163.8166513900781,Train
201.0549133406253,198.47470455634326,Train
132.4495020938489,144.0991033957234,Train
160.71112510650835,162.2113153067331,Train
169.43004482197787,193.77118331686464,Train
202.55022167336142,202.53069905964304,Train
144.98930401409058,109.22932957892233,Train
119.27949827211901,195.27925329767444,Train
72.47002468317395,122.7945892061567,Train
181.96654812981012,204.61606815491967,Train
132.72074768848563,134.8324705482401,Train
174.51690071935002,187.62812808703725,Train
135.49380532114364,158.8360695745392,Train
203.78034786792185,217.92118387067475,Train
173.22930218356697,233.28520331926202,Train
89.15372669259901,119.02737089390037,Train
144.83173305257614,159.80522923411323,Train
274.8238325150643,275.5641058983726,Train
320.5171722158213,279.82140007792503,Train
357.2909115979358,382.76166990352675,Train
241.47410138848124,247.47420757077685,Train
284.5617561666621,306.6458619722531,Train
231.88830185227755,241.0009047343887,Train
263.38388415460923,264.3225949558709,Train
303.0496430925376,279.4767352116007,Train
255.4437348846427,240.1521129546375,Train
235.55719669209358,250.53597701683395,Train
273.6504901273066,280.63375731260527,Train
287.8932711882704,306.69536434737864,Train
248.07461030946519,250.61954040074966,Train
333.15610178831406,288.53231685383173,Train
256.19686561488675,242.19355210349065,Train
240.37021948180177,214.5670095154627,Train
193.32415339360386,176.04208501609665,Train
309.2946576882515,302.24475337031834,Train
240.61932285424302,224.8674472889319,Train
248.7284249461939,226.01299951836253,Train
287.10590674440107,263.8140757823654,Train
291.9316740365987,296.8554601792216,Train
229.5850288721361,296.5353331095965,Train
278.08441696533,268.68266379578296,Train
266.1313039122467,241.00493199922667,Train
239.36196270624185,235.18787756377117,Train
227.18077569066185,236.766713946304,Train
253.1124586652204,280.61799504373505,Train
230.83089646315545,258.36613094797855,Train
306.7699418885379,292.5543179611047,Train
269.79336669962663,287.710922183747,Train
272.0494117648177,236.3330526916015,Train
251.55353095975352,294.3749400532271,Train
215.27213581223538,279.1601825331652,Train
264.91986621463604,284.1142255443443,Train
160.85745488981848,160.5768499776102,Train
220.95147963293078,230.06317175637972,Train
294.55306830431357,276.6405349050099,Train
230.1671603896864,269.6433076643541,Train
233.9377948706295,241.20159890577136,Train
236.03707078515689,212.85010023270138,Train
245.89054800205554,228.09471417867465,Train
266.28895704435956,292.07861311635514,Train
246.92466978905387,224.2972694999077,Train
344.5595702853658,290.7077675908266,Train
206.66834345637574,229.43403796947038,Train
277.71846618471443,270.44928686004585,Train
313.226360752304,310.5384167021643,Train
338.2705934063966,259.73606924105326,Train
230.11791993899126,226.33757321713833,Train
224.03523506473834,270.61406436316946,Train
289.078451911137,301.9533922269021,Train
278.11552165251675,249.57288001989184,Train
135.1922383973705,155.296463004874,Train
223.35447052561048,223.5285455839823,Train
222.73580805444692,256.8659254907629,Train
322.736469333085,336.21764865703784,Train
265.440458924233,245.50367574257635,Train
224.53449019581694,275.8392999589356,Train
246.7573787740012,204.05270638848762,Train
299.8730731612097,307.1448531512973,Train
264.5340899485502,262.9654573154568,Train
360.1447911954151,410.9960730756073,Train
259.7428305757789,293.30241609705223,Train
349.4881879187143,260.4634939330797,Train
264.92886895924494,264.70815889857823,Train
271.37072798056425,291.60670179553347,Train
257.05115268257845,301.64655133139473,Train
299.67581059714377,303.71965483249915,Train
259.9297619486963,295.5082249996391,Train
284.50574555480694,314.88430871743583,Train
320.83792259993265,316.188584086495,Train
248.17819556930755,277.45864689625796,Train
241.53919290252142,282.687448015864,Train
256.52532272452237,282.2949725059601,Train
254.18316278125002,250.46616589827846,Train
210.22311998217128,253.0867783977115,Train
296.1945448939021,322.93562014499037,Train
282.5691658851731,219.38263362582984,Train
292.21904894198383,281.68929360871056,Train
307.9759476497466,322.01199820827367,Train
366.3141794375331,352.0650416849176,Train
222.01581572072038,242.77232973470257,Train
246.12401571706815,301.78606713112737,Train
327.633913987694,325.4811082444847,Train
278.8253580040652,283.7633331267612,Train
275.5376679488537,292.54804328979117,Train
304.7924250220908,308.5185395869641,Train
276.60417169956816,230.64454038812696,Train
312.67296369387066,311.10538724753377,Train
385.7531744100402,247.70701781473645,Train
315.125986776429,309.93850574291815,Train
271.60119137240275,292.8352181503711,Train
254.04788736407562,303.49900010267476,Train
281.01986621463607,306.9540088254242,Train
187.41803604546874,230.33685127396603,Train
242.61899420831435,283.008860433919,Train
282.750859560104,280.1453646440315,Train
259.9143921032548,283.82562885721035,Train
268.25113322845175,255.7743203786534,Train
218.74920042205727,211.5483190949544,Train
221.87919670597512,271.55429215940114,Train
297.16051669647936,307.97227017334154,Train
278.69966817571594,295.1908070384921,Train
299.0787475136292,308.896460708036,Train
349.9131004843588,305.3201036292307,Train
296.7206458800599,297.4991562233518,Train
307.12959774768774,335.49726395902144,Train
399.00105519351587,322.1171184714961,Train
316.93580404824434,291.28513495008957,Train
290.02380041110064,273.2699766073442,Train
266.29320107790215,265.9640887130138,Train
228.50986660780822,262.779715240718,Train
152.38482621284317,212.48555885269067,Train
238.7258506070911,273.85396693730775,Train
298.1376797087013,294.85800193847973,Train
342.09376906606894,323.06002147290616,Train
271.5175719109716,242.8043286530051,Train
312.8832010342163,280.2522158665637,Train
248.5247092259681,274.3180660549488,Train
69.98221452610049,179.7503060394616,Train
95.8894652612397,171.97282976587687,Train
241.1762352896473,295.18453594521543,Train
89.1028660056967,140.55189048671934,Train
51.234433786020745,156.9723523205206,Train
94.49666981837517,183.86771895272778,Train
69.33021665216242,107.42616891039499,Train
102.26746428970388,171.87875558415024,Train
109.49936723874305,167.6625184726921,Train
85.973016552748,175.1745080517145,Train
136.89406424791594,190.89219369154875,Train
141.05439123432092,195.8604411945418,Train
132.4510994453807,169.07937036016682,Train
148.79273161194396,214.95932528306463,Train
80.18506780526518,147.33823623510247,Train
96.09364170962073,152.42087910343523,Train
47.74928085875342,126.42609727994497,Train
170.36320541295544,182.17417028119456,Train
31.150168562721504,115.08548241296464,Train
40.907154204481174,126.76312516796155,Train
156.35590900591131,197.2902878799545,Train
186.7913106766895,207.50863388872656,Train
114.93987286286013,190.29536336439656,Train
107.35109057515322,174.15905467712142,Train
138.40168635691933,192.3417803086449,Train
73.52234476484287,160.84282047069462,Train
88.40692626856023,174.3619881817247,Train
117.74221281123354,195.48633393793418,Train
107.9349238386159,171.14533803574358,Train
141.1764234697931,209.38583929270465,Train
176.16315226140952,176.3484472767872,Train
143.33644908984752,174.38144280569307,Train
157.0493984800719,221.92710863640374,Train
92.28697486409999,203.96483316117315,Train
103.91986621463602,167.3658433350127,Train
23.21302718305725,96.98682910967335,Train
115.00425867632742,158.95629670839608,Train
130.6873680803592,187.8438685754929,Train
70.87472643349899,121.92736083266983,Train
12.201845721127825,111.81485657176263,Train
39.99981550323342,89.73366801648949,Train
124.36613414694548,163.08571708716738,Train
201.93530019890738,216.03860980028045,Train
79.72930211937181,141.0126346519406,Train
161.56248349542443,253.81308583792875,Train
125.11380170082049,141.38385092533431,Train
140.2258733599317,178.29139856062272,Train
140.26432996828686,214.7790153606914,Train
177.5900685000397,211.6027775949168,Train
9.800501721714454,76.7180462386601,Train
83.03346864011255,169.17939250989784,Train
77.84683059577742,164.40192829140452,Train
130.39861151884742,204.05040372301983,Train
31.59434871308413,70.9194963943381,Train
148.64840451822653,161.54385657648484,Train
79.18601858841936,135.35285868137677,Train
185.97917598360692,234.54653466940508,Train
125.30621533608193,196.7973980423168,Train
45.77697000642064,62.443147140985644,Train
114.28147376548702,171.16817307266155,Train
215.8297910568747,175.39788779353307,Train
286.6300035722464,203.3272775702027,Train
415.60492813937725,328.2033484401567,Train
190.473992887824,162.48006876767658,Train
152.1503054294997,174.17686162959038,Train
199.94626763743844,167.43420861481485,Train
168.95456776537895,119.25859463035468,Train
229.26405288361065,184.28034005432673,Train
217.62775757551913,166.63864665508038,Train
348.8600417648711,220.0924335527676,Train
337.3648782182482,235.89844799239248,Train
212.60419007437187,206.9194611722739,Train
147.2231295697631,147.71269556988904,Train
284.79904888240657,211.68375799233718,Train
183.98228222276222,166.33923359020363,Train
201.87843293025225,184.608351621364,Train
149.98498788425024,145.26437417344835,Train
312.72679551755135,255.28709724218425,Train
139.2131936333002,117.28724793361577,Train
185.339279182218,144.82273954718102,Train
237.31043093346887,209.00532421450313,Train
253.86175230479608,185.52466138490166,Train
239.68922688889754,250.7591531690474,Train
234.43827207328098,196.3525289627085,Train
232.49874380884035,202.12049477323364,Train
221.11979626932873,183.89180773529597,Train
256.9631365612007,213.84848730467593,Train
265.64938364372216,193.77759077625646,Train
245.07766607064735,219.7179731663734,Train
236.60617655828543,205.60889776824206,Train
277.1073778049466,195.2205497351627,Train
258.7871725736384,211.5324060425911,Train
294.1844840543539,260.58416009017293,Train
166.57230707474798,204.90235579899974,Train
222.91986621463602,175.3520148165444,Train
159.98392530739198,124.42254917473996,Train
207.97747193292344,179.6952127338089,Train
276.23072343440924,180.53765348797018,Train
185.34216340964863,159.99273322719293,Train
173.53975968088247,136.45274454502268,Train
127.7049798818421,113.47926360611251,Train
187.03264542906697,166.0308637555661,Train
237.08016290846382,173.8140223263341,Train
213.23275496929216,146.39986967981685,Train
311.148659888614,268.5513813338547,Train
229.15506363457945,169.7768914465703,Train
260.661856891437,213.23314686799935,Train
245.27462001698711,228.0396215609554,Train
282.11443163525655,223.84124279741977,Train
134.85465096726068,106.10121762907134,Train
199.80211543499234,165.47852245401114,Train
188.2981846785118,155.2447882262166,Train
241.9205456371197,222.84798110709787,Train
166.608655904288,116.01871443177095,Train
192.37606151298039,207.62937988036236,Train
183.00897457672284,169.70155163575453,Train
304.2150910759142,281.6547400468288,Train
234.9582812203925,190.7110640806462,Train
168.49255363156925,134.18101556030712,Train
176.12911040626312,170.58404817147746,Train
100.34531008466244,190.17205371261844,Train
165.76787184149953,221.58180954518986,Train
326.79182176174777,370.8100571465881,Train
163.69345291106595,177.90941963772957,Train
97.938895009876,154.70165516849522,Train
149.9102216299724,206.77863920230544,Train
153.92616974500382,157.96063940703735,Train
158.86893316467567,194.28616430235698,Train
172.77014954949186,196.89731188555214,Train
155.0537527597382,209.2048560008571,Train
215.4136505039616,205.8882534582555,Train
213.66077969772795,226.57571053233758,Train
236.88275704981606,170.40166333745032,Train
176.88767173490055,228.43116414603128,Train
149.92853797888426,169.71115366646512,Train
157.98968340348551,162.0800122772765,Train
113.07085984562988,152.28946128138625,Train
249.02069755881539,234.67308955934845,Train
110.00829381571525,117.54962361742888,Train
134.29708340393114,167.21526112945952,Train
222.01499097683376,223.07102106200094,Train
273.6890483715615,253.2799993014708,Train
186.14037675103208,239.93889832354006,Train
201.99335379506377,212.61187989391388,Train
201.6877362706524,189.57364222314212,Train
159.626696285561,177.37187061505597,Train
128.58874391479668,165.33127921499292,Train
198.48087738937087,227.9810071399035,Train
178.7630551391142,200.23374477671854,Train
208.11369932780363,229.1818914693761,Train
214.9992060502835,224.3579668778604,Train
214.05561310160743,212.82318336014725,Train
300.99889932691246,270.54798739994095,Train
155.7036869873048,207.58908883873497,Train
186.5198662146361,215.1165144160692,Train
107.95805106144456,132.88051156253474,Train
167.18127802550177,193.34410797583234,Train
183.87225920077597,211.65122740483199,Train
138.47747608905655,160.6637220718741,Train
103.45128609292306,126.71354759413227,Train
129.1583369860795,99.95355321391602,Train
140.9890699567437,160.73957172201162,Train
207.40681027122616,248.5381482644106,Train
169.37945644904264,148.97012437703785,Train
278.74056345628617,228.9120405186223,Train
158.41214717762347,175.92281903104728,Train
205.00246167735963,230.31516477808023,Train
201.20633662445002,223.2633983894391,Train
259.57536982464416,248.58405971100257,Train
54.88978850798051,114.94324928347503,Train
130.1672681181746,183.7226206626336,Train
147.50005919943922,195.7036046647091,Train
236.9394565809193,216.9496724934032,Train
118.54358649090244,88.33491050857752,Train
196.1689446914257,213.07573076066257,Train
131.82146335035551,165.03629699703936,Train
251.29370482210197,230.19017787621877,Train
193.28720634322332,192.79453892018364,Train
131.59131048286463,184.1490766517518,Train
154.57867794240525,210.50493728678794,Train
167.34665324089082,166.18543536615485,Train
278.0562226763932,307.85747524369873,Train
212.16453701440065,218.02921868305492,Train
195.59097276467998,202.67903020996013,Train
190.99944209345492,206.37509542579244,Train
159.12635542042003,154.5486784882591,Train
208.98380334654644,193.8671263312993,Train
198.51867768727962,202.98815822761907,Train
167.0265094111879,183.81909756032468,Train
259.12273750649933,225.64757174879998,Train
227.10976577406757,223.06673006707692,Train
169.0537562493164,181.84216299441542,Train
264.93284624925866,236.72833052024123,Train
181.56740236234904,188.08328914650733,Train
140.0603209504848,161.4264600752038,Train
145.10477329368976,148.56285723922753,Train
280.32133220172113,248.68353431899183,Train
130.00969122259966,167.40214391365177,Train
125.35509504003903,141.09529317038624,Train
233.5260123422878,198.598730823471,Train
293.9355256141895,261.79991580401514,Train
236.71549521603578,203.365371286127,Train
230.71909095860457,208.38300619244126,Train
228.56154798879618,184.4022261206561,Train
198.45293716928845,194.97412097212603,Train
185.98398176259448,171.24074256458198,Train
212.44617623899543,195.4948093915978,Train
316.5442283730325,221.36392387649832,Train
266.0298377314399,193.35986233801088,Train
257.6293952513505,205.03504737940855,Train
234.6250673306756,189.05265914429364,Train
249.94028955233142,269.0731064683844,Train
170.18848784538838,198.75312338425587,Train
162.71986621463606,193.20681136646436,Train
123.26489680126215,104.92613464278656,Train
191.58067493455633,177.02466139516505,Train
238.22281752058984,214.55114685414995,Train
177.2458617948373,165.5325676526927,Train
145.09491804800322,193.21482637041055,Train
122.60285909911426,121.93924856118187,Train
205.1821095524467,154.59674086832706,Train
239.99145848312577,233.96547980800165,Train
173.08154807383806,151.98870719216958,Train
232.16747255554168,270.66414814480146,Train
187.75163111688622,164.89293692509608,Train
239.214725262196,197.63226412786562,Train
236.20324909473993,234.4887810290099,Train
261.218092462529,232.31983907936737,Train
127.68216403690977,136.20068361352565,Train
186.5136463268208,205.3187943871358,Train
175.23849525192725,225.63000209951866,Train
212.94817811897877,211.05298249072086,Train
83.65621621377095,106.92632181978503,Train
235.92271811863262,189.39216141703506,Train
179.94582669824095,184.34711541427507,Train
269.7701454578502,253.54311585026522,Train
237.05859573892587,192.69519649685924,Train
89.97423837366686,87.12617220498561,Train
182.03736315294998,169.05200547979382,Train
115.7568321366436,175.13330825752752,Train
97.9338375060304,161.40891025695072,Train
330.94380489105936,281.0122079568604,Train
111.70668739643833,154.16982360645616,Train
113.00593488383292,165.14601261350197,Train
133.1428328654843,163.37377579110176,Train
91.86696496511817,129.63305045071522,Train
137.32284240846565,157.76984932199125,Train
124.21237835159425,165.1018471712712,Train
132.9840938590522,183.69203459017734,Train
161.0702066448261,201.52506975842277,Train
127.41586951744745,166.39127650995104,Train
61.70650581618091,148.25749909428706,Train
126.78939559840227,174.79366134461358,Train
108.5958039116902,170.1117944189596,Train
148.02683914012243,250.52887196218785,Train
71.4197848483587,166.0905806730587,Train
172.82427077011204,221.68447731657045,Train
33.91942594723437,89.65653671037978,Train
85.79294025337853,124.51733054089127,Train
167.6183561452064,199.65856874724275,Train
154.06676920699104,178.44388976068274,Train
213.2460980611396,196.322569244202,Train
138.48968923559286,171.2149885624744,Train
153.83962853808745,201.93096796019907,Train
125.13936257362427,186.8214578642978,Train
139.6980295173884,163.5526889069284,Train
139.3584165010472,171.22033691740012,Train
127.94148140629761,190.53419822587173,Train
132.98148363844476,184.54650676611243,Train
164.57095005824903,187.70701874402627,Train
142.86837949040086,177.87498474206294,Train
313.4492814119327,280.0166166469374,Train
100.58466928968615,157.33727176111893,Train
71.36986621463608,158.46348298912838,Train
76.53475800142488,128.7680066592338,Train
120.65526600427911,157.53149240519303,Train
156.54035557580312,203.48421965329084,Train
117.8935667700766,145.2548046370155,Train
62.7287268213002,145.0928178555491,Train
106.00289122823206,135.19287302057577,Train
179.78350184748987,185.03902017628803,Train
113.51683890106838,177.24407560477215,Train
123.02111313310387,150.05157798894726,Train
191.62450597577714,220.96431093942618,Train
119.11331082702058,161.4318765413743,Train
119.660453591469,158.19985749404037,Train
171.07107111175404,215.36504304980255,Train
225.29047230177514,223.5441869276682,Train
80.98962870884036,136.32362541574233,Train
95.58366475159181,172.48751886689934,Train
54.84205223603503,94.74938589605253,Train
147.48109212219066,197.83304195712395,Train
104.71321294795702,147.6518877756641,Train
133.37843081551904,168.23855746072087,Train
100.87921573803308,149.94340033647416,Train
220.17128764126366,213.16929095027206,Train
148.84234817367386,192.64944393244775,Train
52.52969380186228,116.29381689968797,Train
138.8743688199284,161.50258724180722,Train
196.56256293363222,201.25580967599126,Train
284.72952192612803,242.92137693763127,Train
336.08121422549937,293.45856870222053,Train
164.3812609824999,183.00495651729145,Train
201.43669952535765,217.6169930697926,Train
192.26447866793723,179.73730215391407,Train
163.73155998390382,182.5126615678572,Train
197.67987636850432,198.37352827922007,Train
177.02601579410373,181.53014691191447,Train
192.89729614173413,174.12186054655737,Train
314.5621553220771,260.0941534127203,Train
174.52112346770565,166.32735356528713,Train
184.4043589161813,202.72343860150863,Train
168.64911333269066,191.00443988651782,Train
212.31808768934988,207.22045643872468,Train
327.2059264227412,331.7208276364184,Train
175.57707635557077,183.65497581289887,Train
235.250434611931,222.32704039233602,Train
166.32673099226093,180.42294477389382,Train
176.6247994703903,160.89398057716414,Train
227.65626408981547,191.83032665420467,Train
188.77166297566612,180.05021179755775,Train
218.7833142351996,194.31199700904108,Train
194.0889588450471,191.37160706705956,Train
218.7548644784433,227.95859224568179,Train
215.58050080526746,232.92398329740274,Train
219.18283145226872,209.53745352915303,Train
230.6189634815538,214.99958352610867,Train
257.7365219584618,215.70792674652463,Train
195.693327549824,196.96700749523046,Train
244.0255083551428,240.32198005768575,Train
214.66937730774004,241.2237711929754,Train
262.35558145452586,237.80182326720984,Train
194.29245116497847,184.4180965324055,Train
179.5198662146361,172.97331871380194,Train
158.24228139309176,168.03516352935182,Train
198.94018177848614,166.9169950331953,Train
212.3345833329973,188.16039996342985,Train
205.3474594026688,186.50755792708065,Train
167.25767179251787,151.83227496887469,Train
171.41555028394345,178.80045786058233,Train
192.36607262150733,178.06557747414385,Train
186.96074860711107,185.40581399221094,Train
183.2670468582861,190.63459273101182,Train
244.3057348462051,237.4805404919899,Train
188.621130966394,186.69755828363074,Train
198.95463344604758,207.19987569730372,Train
189.84344306602188,210.73050187981323,Train
220.90014942262016,213.3293293642944,Train
187.92999148960763,187.2741235477898,Train
186.93248411348628,203.667074139403,Train
149.57796419005007,171.4883333893431,Train
200.2735335333487,213.8057920105496,Train
243.14118246227514,224.1361824484637,Train
249.24206003240442,223.07593439327806,Train
184.1036358242412,146.4638208610763,Train
227.48825272595627,239.26074207355572,Train
242.04466609823453,236.57449040686674,Train
147.19422337685978,156.52391019984844,Train
163.9055101272142,173.9630982233981,Train
88.5760006020581,178.2040974943659,Train
60.23368556994784,134.39899343920013,Train
268.46554090300657,306.2486163452111,Train
95.21671721977683,150.18838320677747,Train
72.43539643047035,141.2625171716975,Train
148.93938204056596,151.06567845459693,Train
71.66572353889103,106.27314047620746,Train
144.2402228072412,171.53243437706695,Train
145.78920030789368,175.33979476889925,Train
182.7641857254148,171.67849948419968,Train
200.38959300826946,201.45924809413492,Train
133.69245676430626,180.64097768341767,Train
76.07177175516274,141.188697745163,Train
141.6003138760301,162.31090424202816,Train
112.39447123025607,149.73089589552873,Train
147.58533951247733,207.4114631130696,Train
75.50122524902821,130.1276028880588,Train
188.8008047034763,214.79823794941382,Train
50.84498358039315,93.79586137343215,Train
62.04465680806487,112.47947701922058,Train
184.79507899782698,189.5582756504338,Train
138.7277426662505,204.98119416797758,Train
174.7697890716663,219.4435887619762,Train
104.00728518499099,184.69426035170852,Train
142.46952118596982,186.49815262499683,Train
129.8574919831294,174.69505391260657,Train
126.30984223146204,174.0201611153771,Train
145.73570323217703,179.76546700769458,Train
134.08117946548037,181.4504860618979,Train
136.39167340226683,185.11626321963982,Train
223.0577312826519,223.46125938067942,Train
150.0788343820658,187.71244173480204,Train
251.47303881109167,249.70987159157823,Train
99.23452994947185,167.42262654085786,Train
108.81986621463604,139.0720726852047,Train
70.21280040957973,123.96051214103736,Train
138.4524932081693,149.98923177572019,Train
151.1502619607408,193.38087550266758,Train
123.47123598376974,153.5396674639086,Train
45.611079960218945,122.2871396866426,Train
47.8214073866059,122.06908349937136,Train
148.41595456935693,182.16219521054714,Train
160.43344446400098,191.09112864799147,Train
95.39845461735798,143.36336268740095,Train
176.74191156628933,244.54415900457732,Train
137.36698846396706,136.01799995264008,Train
165.27747813904762,194.65406800404054,Train
170.48769492572794,197.44797545378174,Train
198.0690388819354,220.23446551912747,Train
49.79230336345293,90.57972627212149,Train
106.43389572657986,202.5958718906234,Train
65.12231007397808,120.06801529545703,Train
203.66571165698576,205.56504839428447,Train
76.39799802764672,113.00900036801617,Train
173.68696438218996,190.45660525154878,Train
115.79751581575312,166.64372778979956,Train
191.80179748114995,229.0544739175639,Train
172.31888819071855,180.9112026340522,Train
48.86721613593929,113.352382997198,Train
139.59257731727965,166.8715911738307,Train
267.2189233664074,294.70972172397614,Train
280.6397718879696,250.06482425675557,Train
403.4129655499598,431.531678937048,Train
277.89785991563315,252.44179912366283,Train
297.225739445737,281.64244343732383,Train
308.2296175360559,269.9040252026123,Train
305.3371025108438,282.7270123151801,Train
243.0938585016332,285.22605479943616,Train
289.4604748959952,281.819433270462,Train
310.93955265868146,269.80636753201156,Train
353.2794572418326,315.8685766445601,Train
347.36972291955715,319.56355111647474,Train
250.28824323815485,253.60208189463464,Train
258.3239948259009,294.4363348912413,Train
249.83066384923438,267.83764906633445,Train
285.08190424306963,217.08542136109784,Train
236.1346909886745,220.7020292870069,Train
339.6369293539004,306.73276181087476,Train
229.2374174204063,260.36753890245905,Train
291.2742775156627,300.14282468372835,Train
324.2663866400982,320.28508130364673,Train
357.2112177835232,341.80493840116304,Train
302.75734118467875,276.9007330900614,Train
287.262821916882,298.26286228542534,Train
333.0636662762348,299.34264088191446,Train
294.00690829232036,275.72253442161275,Train
244.64299636516745,271.4754494480966,Train
318.0126192360731,302.8274896306263,Train
317.2876906703664,296.1384368914101,Train
325.5962406126033,319.59518711586526,Train
345.6824507429897,275.4620427193227,Train
275.68913880957786,282.8162905640939,Train
239.71149406741742,279.1521636525443,Train
301.12399013684063,292.3882553930761,Train
330.3698662146361,313.6905482023047,Train
228.53044838086362,244.21937938317058,Train
276.7129361387605,275.8558177587705,Train
322.4020546833068,295.0073343027418,Train
265.4008934212667,259.68375220800624,Train
251.70876156781713,249.0012356850611,Train
189.9449636372101,267.1954027049166,Train
279.6399908919251,284.1282907601307,Train
305.1542407956533,293.7772082131827,Train
267.3164824330388,275.14783827143674,Train
326.06229499937535,299.6916804323559,Train
320.319082394489,320.47582869987764,Train
288.74509044549086,305.7255667176245,Train
326.7555285279753,326.71087754838766,Train
401.5158155307055,332.29780797630934,Train
296.72628302438926,290.53951868452083,Train
293.6114058338197,299.5866221737537,Train
321.32493486552795,292.61145705500127,Train
263.79447115796194,303.35931518100386,Train
246.5061400308286,220.109978313053,Train
239.55898068443895,260.8485884800429,Train
299.03507784619615,283.50953600220544,Train
334.5426924378664,331.19286418805467,Train
318.83735859800777,305.9223928950463,Train
275.6124884657154,279.557264252462,Train
160.6994585088255,173.60585678345944,Train
173.0038785693494,112.60356920670297,Train
310.2420868694926,273.1952935262,Train
182.2071342572606,183.76580490579673,Train
189.0664420958634,166.3184993216237,Train
203.78246094591063,200.7710430329634,Train
116.50049677689358,108.16827465833798,Train
204.1526812587918,187.1136288584676,Train
224.12425288303626,191.2072746082893,Train
214.50694591289087,149.1614061608298,Train
268.6001348673166,204.84987244654556,Train
223.1693608293896,188.79660440983653,Train
202.03067642433882,165.59256235423476,Train
183.44259170789826,165.91949338937812,Train
167.86668003867948,170.52685885252555,Train
218.1977480651719,165.90977840601911,Train
142.53423755585032,128.8876381319639,Train
251.26161843894855,196.12416465698135,Train
148.28103099066544,134.4709016979789,Train
142.43805635836213,140.9798314092735,Train
240.3235702038557,214.48690396494206,Train
187.7094005433853,188.08399006438563,Train
207.70591964669867,179.19954026879086,Train
192.1292360581607,171.8920698350348,Train
231.51955169460115,182.63066158539985,Train
185.85872380183608,171.43873881232992,Train
204.1632309647149,198.72842537052918,Train
201.7643301936025,187.4710606282492,Train
260.549987826703,221.8903662856748,Train
227.43036142858378,201.41933979641266,Train
267.73566173724697,204.6421636060452,Train
210.09652572830174,207.69865660433572,Train
203.9497448422032,266.00077667391304,Train
190.2749062603365,174.87933031107812,Train
149.06986621463602,165.0215368631754,Train
172.0121372532313,124.71334998463735,Train
212.5535078182413,198.01912150280836,Train
229.83743378122296,181.64643959188717,Train
186.65794052014368,194.68096676504726,Train
110.26017648182756,133.03199018526794,Train
136.11405845406333,129.39853338493964,Train
171.1259142750842,161.1456500391336,Train
231.42653694488533,210.1815201429979,Train
162.54462023653087,137.2647326787473,Train
266.6947366407661,218.3642463022208,Train
165.04414358478257,156.11422916880707,Train
249.67367396671224,214.1395406017866,Train
246.3533002925282,232.49264080881824,Train
225.7022114034528,204.40029251199678,Train
190.57041678052002,146.51681650066294,Train
187.38400768844926,192.64307447563567,Train
193.91650890165226,166.8538557759241,Train
223.1981689615672,205.016303387147,Train
116.64859546802833,109.77273166408459,Train
205.81966066292412,166.03744553830123,Train
177.49391221910048,189.79373019310057,Train
255.86805407478903,210.69862099325726,Train
246.90387288816277,212.7402044742773,Train
115.7189197075487,89.38406339362793,Train
188.70803164162155,196.15474069010136,Train
270.8648186877646,276.4028820417292,Train
207.55412550542405,220.26731604028612,Train
404.2043207975126,408.14145803996485,Train
240.01441877619817,248.35999023967798,Train
339.17029116743436,281.15519280613785,Train
229.57346163190425,270.1156859417941,Train
249.268396911832,253.92515818963983,Train
285.9130538941706,303.2890319155843,Train
278.9206366713536,274.5028378867384,Train
255.4291408856468,250.15670962958336,Train
308.02196440648305,302.42097031920775,Train
301.840722530506,312.3495643570173,Train
277.5757350412535,236.1043008734042,Train
285.8956878302216,299.46195634882883,Train
247.89796263360086,263.19519593129655,Train
229.80614495740252,217.41533122309522,Train
198.39356609428143,193.29199776233398,Train
275.2697803970843,265.5186100502856,Train
275.4157550861493,240.77597479446655,Train
245.46246801790517,204.9320651376982,Train
293.45476645657607,265.7815040847884,Train
291.0531540374045,305.0625829378012,Train
230.09393664742947,242.6347766228528,Train
272.21855214186286,317.48399948797993,Train
262.78128766281884,250.02771378058588,Train
251.34739536056014,220.26884056036386,Train
239.64181698875248,259.3178346061165,Train
291.7070877680171,277.7371272195849,Train
258.3528450051472,266.3471666271595,Train
298.72724517646316,305.56286581384273,Train
335.6803247953982,269.0440057717599,Train
291.43063741005454,292.8692127943518,Train
288.41459905545787,300.2595451698393,Train
240.53872238276585,272.6498138207447,Train
277.16986621463604,309.80459307126915,Train
161.44703200598403,183.94633858280315,Train
233.14368126225446,282.0563905650011,Train
281.9497660872256,308.3104941649218,Train
265.9504370720323,253.894832215282,Train
249.04369986547917,227.5243829793617,Train
212.35883396638337,193.95951790604963,Train
222.77469347752165,249.97010666590083,Train
323.8986937630484,284.8270295315824,Train
241.42934833495582,223.55845438952082,Train
260.882247648854,281.8655815132488,Train
240.37677948637088,248.42119042271727,Train
283.290216778356,300.47534267914654,Train
333.97278061869457,321.3817921991962,Train
369.82912085461794,305.1925620679247,Train
245.07232423021463,239.6837236656672,Train
272.23268044968347,276.367128645821,Train
252.83079690571742,292.3369613798314,Train
268.5467594276082,227.09240237114125,Train
142.26915804915708,183.38317545319296,Train
208.21647616141667,240.70326282442662,Train
273.4582945644056,277.4841006600201,Train
319.1045511076816,332.33928064110836,Train
272.79447601563305,235.02217804058955,Train
233.16843840169392,226.2891039416997,Train
110.69055839471156,182.40707308286008,Train
64.69544988019658,146.72015888883703,Train
258.5049817797755,287.8624550292641,Train
107.41930107594013,133.98720694604413,Train
92.26055797945152,167.56116655081954,Train
119.16761975523707,144.76138011767864,Train
69.37274289488073,130.87919407447413,Train
147.76521281951392,188.1346120660627,Train
129.96767632488258,150.49719532517022,Train
152.17125857155514,175.2845807449409,Train
134.95509979177473,196.89643191067978,Train
142.4027707171374,164.34467240006472,Train
53.35085399385984,119.16383015397432,Train
154.10346829380103,188.7544028437303,Train
124.19361538784463,145.22185675779323,Train
203.36164830802213,185.78724755436832,Train
76.1066384998258,142.83690126789213,Train
201.03075550364085,220.186844167172,Train
43.53463833372193,97.04778706807663,Train
87.83661712077725,148.8019239688773,Train
151.4710490224172,204.21158159781277,Train
130.95592493369782,164.10113480501332,Train
360.3739125195416,294.1213376576424,Train
136.9786952355753,157.05251837505318,Train
158.1875228115744,179.22459441970625,Train
124.26894404144187,175.67483567984863,Train
152.14830250761187,175.65916565786108,Train
147.32100699729574,177.6841571320083,Train
144.09188567941675,188.64469945727086,Train
155.53534671642956,187.84304103860424,Train
187.47614299941196,192.74045558004252,Train
165.6599614931868,180.38019795315293,Train
197.5854090909194,245.90583338229888,Train
125.46431368347646,173.46510807552295,Train
173.56986621463602,169.80893906418646,Train
96.08218107240091,136.99007648938797,Train
129.5090112816362,148.8405116098498,Train
163.37490643826513,203.418267744136,Train
114.47807457792564,136.05845104211815,Train
91.51293563397022,145.67706389441338,Train
77.93314944840014,102.82543987133815,Train
111.5801804910369,146.80804522902207,Train
130.6526155527249,173.50199370628195,Train
121.42848350151742,142.891944004406,Train
195.80294042607392,190.11076229418148,Train
110.21748969434567,169.55566021296903,Train
131.88133413616924,171.3521249335064,Train
193.18844105413208,199.85645464105093,Train
174.81946879211307,202.1954781016137,Train
85.12254620821523,96.78433974260192,Train
90.59749759650155,166.7246723873004,Train
0.0,112.53567205584584,Train
170.55171079406387,199.15556169506496,Train
104.25908071375426,114.07026350893375,Train
123.71739659371109,168.98602694836688,Train
110.17341205881095,143.30848731747116,Train
207.4094959999495,215.93253491592225,Train
156.54269733744331,190.21446166493195,Train
27.363128380063486,103.1371461605267,Train
147.92418788087315,157.8447517882969,Train
264.4997423917818,291.218742515519,Train
355.98192794367617,274.3649687133579,Train
439.5385314925656,402.75960221153434,Train
254.83342225893182,252.185204862733,Train
329.6718576467278,313.76602086800597,Train
268.0103321607358,260.21045781424203,Train
252.95421448972894,250.98732559666323,Train
282.43257387371216,256.2237226101353,Train
294.27608226708173,288.64344571226616,Train
218.6530281139916,236.6362243138228,Train
266.90528508257137,285.1092314180294,Train
304.4312718087011,296.78071598530374,Train
201.86263667539217,215.99554991095442,Train
352.1207675844004,298.2406128691875,Train
275.7888482264331,276.01780553690594,Train
217.42923657754756,208.0361799734147,Train
201.83631636319834,190.5186106456969,Train
310.02585753579166,266.6774244943048,Train
256.60516246517665,200.58803878701477,Train
287.2627632270439,236.6659608590931,Train
306.33675029055064,263.0775940476122,Train
317.3125793009519,325.3405403191055,Train
331.11072462545104,237.09100530962928,Train
337.83322036756596,319.8573182434058,Train
272.4731506344352,247.58500826823553,Train
274.289832240608,268.01741389302447,Train
242.53399040464944,247.19287170050816,Train
270.1818175846912,286.51647531056193,Train
324.7225717199608,265.87605565290585,Train
283.54966507766017,290.563236585181,Train
350.1640550871158,292.45253772943755,Train
269.28293095713934,269.82225879305923,Train
304.8826117786675,294.14451289801036,Train
240.12990207068964,262.21475249171834,Train
266.66986621463604,274.14882836159745,Train
167.9253886037267,181.98912392437873,Train
225.03772456998303,252.3223417492911,Train
310.0833259455218,255.77000832254421,Train
259.58748869336074,242.48068143277132,Train
232.70851923082617,222.39501120656683,Train
189.66270378457483,195.5614134242636,Train
224.866349960651,200.87084907326113,Train
313.7448388901498,317.6388060839008,Train
268.3810373426687,237.08380105924203,Train
330.72852212773904,294.58617340249805,Train
235.412647444149,251.5166193304822,Train
271.6166565041376,279.9994864539731,Train
339.977912142809,318.1937972274399,Train
345.3142292784654,302.52173783403487,Train
257.17629183971945,224.6817542544615,Train
256.3801910109196,284.17790978067217,Train
390.03274599703286,325.16676408664574,Train
263.1663947001062,249.23713339408863,Train
230.84182984976042,229.37401250645578,Train
239.3151801541559,221.4547836560727,Train
237.3676517427078,237.67441312181163,Train
339.2236322014853,344.5991207895666,Train
282.60354862001145,287.13144513742725,Train
240.9331317208697,247.0426358559943,Train
253.79981633546433,239.28688429136054,Train
271.1863999711005,276.29490088048414,Train
243.42399116470136,249.58465382386333,Train
459.6523709295234,462.24424075321554,Train
278.198857589509,277.0516779991372,Train
333.21860124425405,293.18932477403376,Train
269.204368565837,289.17652544338677,Train
277.3385773153313,271.2576264654296,Train
365.5576844659999,298.25763915293373,Train
314.7687878693026,304.68857387512577,Train
239.02741681855414,244.44436983367424,Train
329.50348274097445,303.43540681727603,Train
304.07606387011754,294.8564484853257,Train
255.07563557249608,212.6249892842353,Train
303.5464789572204,293.37895508028123,Train
255.94843416306895,246.6388071412617,Train
230.66310468724123,221.72376580946516,Train
204.47625950771277,175.5731227521234,Train
289.94436537990134,297.2999211510678,Train
252.3891400169742,210.45353957649687,Train
308.3725451715339,234.33822887069357,Train
315.8004545001626,277.6808144409476,Train
295.95103108553343,320.1058558855672,Train
225.21343964823865,223.61148916208404,Train
349.127798301917,321.18991822270334,Train
261.8588289160884,280.6276577216033,Train
284.72790980966386,249.84180771037566,Train
264.2794784172743,258.0359496611273,Train
302.8639470586636,305.64170660085205,Train
324.127553560419,253.09150121199943,Train
285.59395306015733,296.8061278377967,Train
314.63993177413096,240.77687667776894,Train
277.7500581100967,289.9632082293046,Train
315.675072091572,297.38943272389605,Train
265.2798098219587,283.75760044882776,Train
251.96986621463606,258.28534065381814,Train
182.28830353970824,184.32855673357892,Train
275.32632171606235,273.17778475900343,Train
297.5598193797656,288.43236423876004,Train
265.3664141081955,270.7960557751051,Train
266.7909366571233,249.15842361791022,Train
186.15384849015373,196.83346152730337,Train
250.2333853221233,220.85582318240944,Train
319.01071782168714,305.324004327649,Train
272.99803295002084,253.52502789383766,Train
293.7693217805146,282.9167375991262,Train
280.2262901004,258.51651981565965,Train
290.76924213212385,291.50489222340457,Train
346.3887464521395,313.33245297856985,Train
380.3078374294361,319.7939778117336,Train
224.75339096291268,218.95513979712754,Train
284.1969244511889,284.25654967153736,Train
310.83149792688755,300.6884932196653,Train
284.3188606005618,276.58394860199763,Train
219.53251698550113,150.44450339429915,Train
249.6439209089079,232.44999775764515,Train
279.70597029947265,274.84701225376057,Train
340.0540199648055,332.1430317864824,Train
275.7370415900522,234.0208433208556,Train
252.24827632845137,253.22561910521299,Train
257.5327005416246,235.05977268587492,Train
289.6591651884123,287.4806355315979,Train
234.20875150431758,251.63518685676792,Train
401.9766513925615,417.59834890958814,Train
224.10987615204868,265.9042147288435,Train
314.13046795341654,307.2254713812654,Train
237.18832795121614,277.3069699912207,Train
246.57642171368482,251.45935295387537,Train
276.65762915905634,293.804791483187,Train
274.1110271355161,283.20604097438667,Train
271.9054059039697,270.8256821456765,Train
288.58563114653896,298.0159940033765,Train
280.5078900652229,298.1979284767659,Train
218.1728479587463,247.47961001134254,Train
235.28570751508883,278.5787266673662,Train
228.20611917007594,288.3297071368008,Train
201.3004189808962,254.32774219552726,Train
206.23962010985832,205.44758324122873,Train
272.18309793561264,279.0055779937023,Train
209.02814121585993,216.35107433584915,Train
249.35392949432466,249.97056871218984,Train
282.38351910909125,314.88155954683424,Train
287.5176945983062,319.2368939750697,Train
192.29015817946015,206.3516859284496,Train
257.87379818815657,295.65707242259145,Train
252.06280601161706,267.9127551802239,Train
240.55684873427964,251.27963737731935,Train
236.89963287763533,266.0944680852241,Train
281.6900038364172,302.4721588663716,Train
228.25377412731282,248.8167114615315,Train
270.08425254087945,293.8991528980872,Train
334.25168480380216,286.48649786825075,Train
241.81082379237571,280.2128020353612,Train
296.47723151402295,301.68699770866607,Train
216.267930733851,286.3922221931734,Train
247.7698662146361,264.0951312559803,Train
164.99168853033183,203.82486097045592,Train
201.0664731705581,287.2611813812246,Train
258.28362078066147,297.3754520690176,Train
225.71814362306012,258.01088494365564,Train
205.7209023994936,232.7798367661062,Train
146.5957768219231,205.2907413076612,Train
234.25151240133778,278.08814803311975,Train
286.4689764239487,290.39670469337926,Train
223.41218536258248,245.71127808158843,Train
244.27598761812297,286.3388898441026,Train
292.19212311746367,259.39801297905086,Train
275.6452372280351,279.6121290044059,Train
312.5430369326705,323.44988108498137,Train
335.4201441970838,301.1914063279718,Train
216.22812212372247,231.81561652281619,Train
246.74669684801265,290.44151922004727,Train
223.67308924037667,265.94558757198314,Train
169.61679831012236,239.65840413444656,Train
130.66275955977437,181.7783677113258,Train
185.1439556481777,227.7247881897194,Train
238.6832093990366,276.0837006222818,Train
322.69408286855327,318.33096986810756,Train
265.7077847718532,234.3601075031372,Train
269.61231900754467,262.0945309202472,Train
208.8777776054073,264.5121483308349,Train
243.19127578293984,182.73655148427636,Train
208.76859402158047,232.61960710524565,Train
249.42154131548642,260.24790833063196,Train
173.59310816764952,164.69733949673898,Train
142.28954155553015,177.60500997049064,Train
180.32049502135712,188.17783605266592,Train
189.42152144342853,169.4136313541709,Train
222.83604190796757,178.5524691134753,Train
221.3175641242948,167.10126716829913,Train
179.9070832289604,174.26158229806143,Train
301.6606902985702,216.70779703279212,Train
183.35232221941368,172.79306931420814,Train
163.6539310269893,180.20855105369108,Train
172.43910054665616,190.41099487517658,Train
204.70087764612612,177.5418756927799,Train
296.2876299063498,263.7855692798297,Train
162.4449027246074,182.66699182013835,Train
237.268237311242,220.5473988355423,Train
159.88420903364357,120.6751823295587,Train
139.37720002624994,143.78850599499572,Train
271.37907193131457,216.57387193111148,Train
220.71247812886003,205.8028849639685,Train
250.96489570300633,204.3662866878602,Train
216.5026655185089,185.28716121394828,Train
227.62278877661296,197.59059594071252,Train
200.83168537254,175.7604524795476,Train
211.5214553243476,177.6670461402047,Train
212.11497305111322,186.42020871830604,Train
212.74644197998072,190.82707864341378,Train
197.3453628921646,197.38831931177293,Train
241.012095799024,228.8406224867234,Train
219.71748606281304,218.06630768881013,Train
332.6662226523643,247.6248761375886,Train
189.27233783171,180.80767514719625,Train
144.16986621463602,145.5264766543316,Train
142.05831153140406,139.18262991263543,Train
175.9542435808623,171.90688261320486,Train
203.92911096205546,200.0422942538369,Train
186.96971717420234,185.8733509601596,Train
164.5438931889937,166.04231180862794,Train
199.55102000198477,192.06492396631788,Train
178.59588361303054,192.333612873278,Train
182.09408513333696,191.19714687742226,Train
174.2473593294947,156.38986373829715,Train
236.3435295282265,230.16808804419142,Train
200.10193066692347,178.48037721924166,Train
207.5370867753471,183.15664194284176,Train
233.63821389279752,215.88892060687283,Train
288.62118161954766,248.91601142107524,Train
178.1896064716222,155.25280166905608,Train
175.2643294484921,191.22051996940917,Train
137.7604006023552,129.72187308563153,Train
208.1272762630275,224.08961465930324,Train
184.24740900963926,175.0645850944644,Train
235.63829338102883,199.7275919471365,Train
183.39839123315224,172.01336697527185,Train
247.44277480458317,212.4711867555347,Train
226.44961356439546,221.43999064350373,Train
123.459577263645,136.62936750539174,Train
186.18957666353543,161.66136566441978,Train
272.66694316304654,191.04318078040592,Train
217.15522671489336,200.37126665669584,Train
289.3171520534081,268.45308961798423,Train
207.25206967424313,167.15834532316302,Train
194.3826874130381,179.25030599502622,Train
237.60529992794997,209.46032351116568,Train
215.48750608813054,154.04546935936503,Train
210.54404659647776,194.90311255233814,Train
262.4507568989678,218.01714759474618,Train
195.27642201603496,183.15234198970413,Train
366.1004872883991,220.47406339952516,Train
253.51165706640114,215.8928222570459,Train
174.5584707485511,186.0605456890774,Train
207.50050623855668,176.3865819466504,Train
211.34721136816574,228.70288806325573,Train
245.7224001367386,231.85849089703052,Train
160.3206544006884,161.68633314133479,Train
262.84998347120097,237.4496781511794,Train
137.40695210068503,138.07082013910778,Train
211.0582705809333,148.92412633054604,Train
281.5592659266774,202.03873100120936,Train
258.26796779936205,213.8861993719298,Train
154.60969620025017,187.1534661928565,Train
236.07981367170964,169.42170228638204,Train
245.4542215635017,196.39411692893515,Train
234.51588965792632,207.58356994610668,Train
245.8408870728229,180.09896365609532,Train
209.042106819549,225.5175267716925,Train
309.46370720436664,255.75093741036983,Train
266.7370904598434,194.86359677164444,Train
232.83591034410207,241.26218750574824,Train
253.7229551990651,243.94913373880448,Train
343.06534957145414,281.5939760358123,Train
239.15721740638162,188.44973766313186,Train
186.16986621463602,174.95894111972362,Train
220.87923664145475,160.89314134276856,Train
223.84334422933165,163.96660954453557,Train
247.42316677662876,209.07647899206276,Train
237.24752147505404,165.15462632170332,Train
190.4977985346368,180.76955390363207,Train
218.6335736848465,212.5535701003434,Train
249.18127859144278,217.8376300323631,Train
264.3035840172372,197.3464633663322,Train
229.026283651528,180.2850801493985,Train
331.5480279794544,281.62399674693535,Train
215.46016770910626,190.407380606549,Train
252.16511656072814,198.64661503882004,Train
265.13164296123017,232.4333397581718,Train
286.741613138567,256.3146532809185,Train
253.1819473631455,169.9354551153933,Train
220.1439260992247,197.20050071118553,Train
176.76555544404494,170.35036195225695,Train
313.44801388230627,256.28382990863105,Train
193.10039856472196,214.5028379022667,Train
294.4502268223406,210.14801381090783,Train
220.89711316940978,209.5863114089913,Train
293.0987360515734,240.09844147073926,Train
268.95933645253194,269.25452630406403,Train
226.0513168143037,163.18772036756275,Train
236.93747841522912,158.94050866459318,Train
283.8315230859863,285.2479484713331,Train
276.25876116514974,231.3750180181822,Train
413.94074694724475,401.90496881810003,Train
286.9037605294727,276.0557501943554,Train
408.2457397901645,325.6306387167265,Train
279.12821628606,266.9678237281761,Train
311.5731401185508,282.05066729936976,Train
287.2818684323388,260.3832034313049,Train
307.17326355358716,306.60007473930375,Train
271.61175082567354,260.23416139349257,Train
334.8686472953062,304.39013496697385,Train
324.8735544329812,334.7210836066771,Train
284.7775182343117,255.41644463901386,Train
266.6489414054487,294.8477395775375,Train
282.352094900672,297.4252975381921,Train
302.5788191819708,221.05268889532854,Train
225.4560263843128,210.52591761998664,Train
320.32255143454347,270.0728102820397,Train
264.7217130659841,169.01100155076747,Train
311.73591108605405,276.66486372362056,Train
335.16761803685995,312.36333646241474,Train
437.5155097420709,361.9017931815588,Train
255.5601284832642,219.02863934309252,Train
319.23538697016875,298.40534370649334,Train
318.1527768658243,310.5096542989828,Train
301.93365677324596,262.87294218035476,Train
275.9406603744619,278.2007234875649,Train
315.9395695792301,295.621301268336,Train
332.8233662852148,230.03906728837828,Train
328.55676952478586,299.67185184342037,Train
375.7821256204321,334.07840923371964,Train
315.93016038468477,288.95372992782006,Train
261.2425857166194,288.63345754681194,Train
288.1221750667617,293.20464238405566,Train
306.91986621463604,306.8603873476963,Train
224.8198359884959,226.72301556843706,Train
295.59853430545377,287.44844284685274,Train
301.0391696213112,305.10498670708523,Train
269.96281499943194,271.8740203827681,Train
276.72605352431253,259.8500210271417,Train
266.0901723305327,260.51546448185377,Train
255.49973937434515,297.2694374243444,Train
330.055411440297,304.66007718806503,Train
310.3721967099574,291.2374920442389,Train
335.5086962355627,311.3737071512567,Train
354.5700289699321,275.5365323912659,Train
329.3670749476504,302.6907917305544,Train
328.19962048387276,335.1832797187803,Train
390.351881360435,342.1327405918089,Train
266.0266395384485,245.32472246802502,Train
319.21594779124644,310.95757133969295,Train
280.56789390906135,284.736129782685,Train
214.69150877182585,267.0031993178737,Train
228.5412137816921,180.8611099940516,Train
279.1700477986482,255.38853143890046,Train
308.1345143319866,290.2916206749212,Train
352.47573140663206,353.53258510609226,Train
311.5372877824021,298.877225388718,Train
292.83771140270693,297.1916950243749,Train
278.7252292954076,276.6139470453887,Train
250.77596970042845,194.56289570836833,Train
275.4655251201305,251.11246612498232,Train
367.1313560267357,288.6407332230039,Train
197.4163610307646,191.02573131973438,Train
268.75814234192546,240.546615226315,Train
230.15658936758672,196.48715293202446,Train
211.18153298167005,187.88346903916812,Train
215.74346916489483,194.80289246852695,Train
223.28456713560493,209.5671436421916,Train
218.44148368444834,164.1004069816724,Train
372.1327681281207,282.30654072569655,Train
206.95853323907735,188.24101019148674,Train
220.39734176709277,224.12354117417092,Train
241.02250186039998,193.02883770581832,Train
240.8106549701827,212.3407791069836,Train
343.9587469072347,330.6878605374857,Train
196.41707718916643,189.37363626707966,Train
269.940946565647,245.859290393029,Train
200.10994624576523,143.21750377405317,Train
206.7459764450793,191.68038624176836,Train
278.1457257896386,198.85141155726427,Train
202.4617436215462,195.98791556354197,Train
237.25115000853216,200.22816050890694,Train
220.85218590058588,192.0710775004694,Train
250.97557581330744,224.08877097043265,Train
242.39968396847448,241.61413709650773,Train
251.80061125740468,200.76054054534055,Train
246.65018319468965,223.65131433833253,Train
283.5315050594518,257.5131014399794,Train
246.4691210510557,198.3903969841576,Train
255.30186453460806,281.1559238504793,Train
262.25211428474574,230.65656220902096,Train
331.8946619753666,264.46148373087385,Train
225.76502380924927,167.50053134463758,Train
190.71986621463606,180.25950135841424,Train
202.46930009065613,177.2430722799714,Train
225.5925521203929,182.13519694878735,Train
253.41195221506825,238.22287932564706,Train
237.34619337664344,170.13563644723084,Train
225.6790738385001,177.83823042708477,Train
186.07514258017665,239.4231418443378,Train
234.64434178875192,228.89942304046127,Train
231.20703510809182,192.4584851881045,Train
220.47271000158202,196.7803215968603,Train
273.84246654313233,261.8806472818465,Train
224.45716229430812,216.53875293164,Train
235.95139649464048,196.90465225234556,Train
236.4812107103892,218.77177115773807,Train
247.44389469060366,249.87526894621683,Train
204.0125128126952,202.64939089010838,Train
222.2782502563381,203.31749073546354,Train
231.05026360153457,192.79488910327115,Train
238.82954233080795,249.07630981370622,Train
253.3472676142462,245.37925880230537,Train
342.280502890652,240.89845719234532,Train
217.3302875901686,187.85825938538696,Train
264.9976198917888,243.79990874164517,Train
267.0323384330795,232.68627040146697,Train
237.25474403307095,219.64909218115164,Train
197.5877782450967,191.0291561970917,Train
112.01040405057583,185.563536864833,Train
100.56044973155565,128.6954589552983,Train
268.9984046447751,291.5120548060189,Train
112.79601011536451,150.13994405220535,Train
77.22739146974624,152.94198906531543,Train
133.77652353113123,165.08646407755867,Train
67.52292335719889,105.40324821538825,Train
154.15268054530145,168.38182582530303,Train
157.01081312021256,177.57535384229448,Train
208.89548486279273,178.30209242543174,Train
237.61790932544721,216.6381964779514,Train
158.77259221843866,178.74880951592573,Train
55.899843516941644,143.12844745121345,Train
139.10333284169775,184.86436804758333,Train
128.50888212513607,150.45099077435313,Train
178.07073378449857,193.5252573580633,Train
65.70830980080655,131.67326383920087,Train
204.83626009871105,233.00039288065872,Train
42.69510476847475,84.04480024454605,Train
72.3388158056429,98.04545990954463,Train
174.04451091573816,200.09813842942913,Train
182.45460897018427,198.66692695859507,Train
202.3316827031462,190.9612949946695,Train
125.95580442221967,177.71250323068688,Train
164.33363922358268,186.9645954808354,Train
137.8650245569266,176.65912259922501,Train
152.55175298361098,164.06885028339627,Train
137.62507812779936,182.12666342988908,Train
115.17137659279281,173.51267513333477,Train
142.6050064745474,181.78914220158538,Train
197.0232774331347,220.50078262849536,Train
152.0145744536755,195.777763610137,Train
245.56884243225863,248.4537617053613,Train
114.971839951746,156.25196301800477,Train
88.5198662146361,148.06600017822308,Train
80.95808139590794,120.37527058831907,Train
126.13611701762872,149.40939811955332,Train
167.79263024900666,197.46636701775378,Train
123.40375655781438,154.37864062570185,Train
21.30612418907782,103.05787910801855,Train
72.35961439359912,147.00143330404578,Train
131.66186378274645,168.29581483439506,Train
145.8845802523374,178.21696369881357,Train
100.33350286703717,147.4735184329577,Train
196.97546098568245,246.70489724789795,Train
135.30636327948494,154.41910674866574,Train
153.46887517517752,175.90869498394713,Train
174.28738849875,196.77138616171507,Train
194.14294793869323,213.28297060428613,Train
133.82374888941212,120.04084073454375,Train
107.48197955081939,168.98709859564076,Train
113.28838418557362,136.04033687021575,Train
150.91837770051808,210.77381129607954,Train
110.52220608597763,130.8419454706051,Train
126.18931364905478,179.23709513246416,Train
124.17046712754123,158.82242988063683,Train
211.3505385553715,189.56133693479646,Train
187.47052951418192,199.54456029835848,Train
89.98299402047564,126.28529236512307,Train
157.11052695804779,176.95036421987692,Train
237.96075723004853,187.29242554698132,Val
226.87245383450207,204.1766483706063,Val
167.91033674858,186.0482679880152,Val
123.55888956903252,183.25555947945884,Val
296.77852887974586,250.09803751120353,Val
291.91803944590987,190.87169077095618,Val
340.1217186854916,225.5864999419162,Val
380.2641342859506,257.8029056705187,Val
230.05120771902017,172.62073833521177,Val
232.1450557713598,268.8938419502592,Val
166.25254647363369,171.865146716839,Val
193.5757213232734,174.47684716282353,Val
297.5676952277436,216.78795914548957,Val
248.96112802062936,153.60295821339818,Val
277.45443424756184,272.02157021156125,Val
196.36377634643458,213.97612872018297,Val
257.0296248912998,302.0455726386412,Val
258.1739643759573,264.07529684352863,Val
195.32144958014257,294.88384613690835,Val
201.93678108270018,307.4786472860305,Val
235.16857540525734,305.1874187223622,Val
412.1425313956486,263.39867043465944,Val
284.3683894454615,286.866208747464,Val
266.182744141191,271.4027174091163,Val
226.78987218795766,280.66398389562596,Val
188.01954177616608,232.35468760723393,Val
221.0923886587696,254.04016801369838,Val
374.9693615609248,263.59776301537295,Val
246.4942207374571,221.18954899764944,Val
269.81023256258163,301.3860114174566,Val
215.7394807851211,243.85963960044188,Val
249.32143417086394,192.0186278150771,Val
275.65630933119644,198.88347857902303,Val
220.27122247666767,242.3384450916241,Val
222.55855290122778,208.55303287197307,Val
288.0138979533699,279.9235241335587,Val
362.2681179078296,248.81331674096901,Val
377.0814800622463,274.93215957067076,Val
268.906442923998,243.01755731313142,Val
308.8494733159213,187.1883009520127,Val
271.78415103063276,304.9864277744608,Val
180.38433280444488,253.9830894929106,Val
230.02118962597874,183.78416135193132,Val
268.71968006073223,212.3873811225007,Val
241.4979467855012,243.13243433375462,Val
346.8131310978962,206.74483276546985,Val
401.4545495476083,315.80848874905286,Val
240.8196787673677,263.8949924702227,Val
213.4012506900421,182.61154714683332,Val
225.1745329308347,194.27269948612798,Val
253.3624694041692,152.8118586031342,Val
265.82941758978023,186.0094340022642,Val
157.80364334407346,201.67982933116951,Val
365.1336264413097,174.92327937558503,Val
202.3891114709592,170.58787681071556,Val
186.83942604116203,209.22742472486271,Val
230.76649236870475,283.9073413280526,Val
236.3017275473706,218.53749245875503,Val
205.97281161552098,173.21921337481012,Val
181.8014301147443,229.98147059488392,Val
255.9573102412291,200.00255010205396,Val
264.5734394634683,239.3650112700668,Val
248.28183926921835,218.12384471712562,Val
213.10715053902015,167.55492530561241,Val
210.17534020348418,202.5384855797752,Val
245.2220221573496,189.77118899040522,Val
235.4259382381426,206.94476005148817,Val
221.36396877274416,205.97046986517995,Val
173.7505859918439,155.90700113892322,Val
298.93423791917326,259.94698430546845,Val
331.4191895026753,203.65258365531201,Val
369.4681429111113,237.6960886196896,Val
387.10811020009277,213.3590287721662,Val
235.88712315011662,170.95692695031983,Val
257.21913730287224,276.4609530897224,Val
277.5612729232307,223.25890740467415,Val
199.47081173292025,194.40390656374055,Val
218.9086429889678,171.58918920538454,Val
225.4786018696005,190.62543730945512,Val
281.5601589555821,260.1038198023225,Val
195.57533048009884,217.56687857362013,Val
163.30045280749144,200.18387838818805,Val
180.47150163569063,186.66645425024188,Val
163.33755108087,135.36098129841795,Val
195.09838847325182,162.35862906821473,Val
161.04022691924166,212.5903252110655,Val
243.5806206929427,199.00566128056906,Val
194.27808485156845,191.64958372470878,Val
222.77819158640136,210.28513434963426,Val
145.4772196124566,206.6974147918673,Val
176.51901153505952,186.15164661150013,Val
191.94614704176414,171.73058992564535,Val
139.82361092905592,192.57210675260762,Val
137.39087202102286,190.82028991152228,Val
256.1824793981217,197.81320791060395,Val
145.63213883789967,204.38191169423482,Val
187.90018225490337,188.83531229939538,Val
156.1309921136127,214.53606802416607,Val
244.29189512607024,241.6367555251349,Val
261.42424162632204,229.46412287490455,Val
204.14925196391877,246.925422413291,Val
261.5232957265299,230.64980691254817,Val
305.5143862316939,300.75558352414816,Val
286.0279783809984,215.4750224688969,Val
306.7940084549266,271.5045741294448,Val
254.99149965187758,277.1577864824792,Val
218.20502621028078,150.35998840977834,Val
217.86889180168805,279.5489501092414,Val
269.2759805905587,290.5889252825444,Val
215.54254917074937,177.93457833287513,Val
243.03188372000955,206.41299867633165,Val
286.6313121117751,256.7352577414636,Val
285.46929478905656,275.53505674326834,Val
361.78167998671364,295.5018752959889,Val
206.6302271922177,213.04318395927694,Val
120.14319169403937,174.2264528507468,Val
128.28459533816522,198.82073118744606,Val
118.0429972784843,120.19365197055546,Val
178.36602889245083,180.66697119456384,Val
127.68882158050215,190.60601738668507,Val
234.05350148975182,154.7196853281643,Val
161.9935793266284,193.2770712212208,Val
129.73368893782595,218.08767508505684,Val
122.86090099821477,289.3088422711894,Val
149.55446855284714,213.5435243904844,Val
185.5737270573037,193.95329648811787,Val
135.35879393430542,194.4958481765237,Val
156.42604726428917,194.04695696370382,Val
161.17315295223767,201.55272676636363,Val
190.05593135205402,226.21843723621194,Val
124.06646667160065,191.34156365674005,Val
147.4496234733653,212.57010774558728,Val
177.05180662595006,192.97398632761465,Val
169.93621044698915,181.34538479927193,Val
129.76268730387517,208.28359701957612,Val
144.4723453409041,180.72018498929037,Val
210.72147361624016,257.12680566846575,Val
265.0166615023111,225.58675563962535,Val
237.4596681514155,240.04151999478785,Val
283.5747513978686,248.33773645894973,Val
177.5801208548813,146.1994151756476,Val
174.4187299699294,269.63132397956946,Val
165.50559716538845,216.81149118269903,Val
121.84337395529829,163.74272892040895,Val
134.76042390603345,162.48016824835415,Val
165.6487006020842,237.2779463159283,Val
160.04897542301308,180.80110446435359,Val
242.73270992092833,269.598950677444,Val
102.97088121303298,217.99896168552468,Val
167.75333383845822,160.5022583124553,Val
190.3909470178916,157.6288495323898,Val
103.033386207394,175.84440219603772,Val
229.88215017473743,154.97021830327174,Val
192.53355620295008,203.01360649981245,Val
342.9444437487877,196.29377057178706,Val
248.7615658720402,183.5704250022291,Val
221.8767064018187,165.44028441395903,Val
197.16558226447344,171.23366742379352,Val
172.7516084122413,240.17562633261244,Val
126.66419904938788,189.66311188262262,Val
88.5491830801988,162.44278816337555,Val
150.05938182719672,168.68424437205857,Val
255.56763045389891,173.55896066011132,Val
172.94795117191137,183.21885836009423,Val
212.02994709328416,230.73413006030762,Val
129.49022766414342,197.3284617425138,Val
131.1006700418419,197.01431998102427,Val
141.1524868306914,195.22204882996783,Val
83.62554080598092,237.38219363591864,Val
101.40245093718198,178.20200236903352,Val
186.2838944754411,185.93077805473337,Val
235.16294254218263,233.5873038960286,Val
273.12228150676026,262.94883277271094,Val
256.6879269038112,278.45323861717185,Val
147.42158550557173,156.23901654555033,Val
128.65272504060715,273.1184308187459,Val
139.22389759911454,272.40587533938344,Val
61.01026865685321,166.46670812646178,Val
94.64999070291177,171.5136655786326,Val
190.69421873513647,207.07814210697546,Val
144.228936173764,197.39926350983907,Val
282.28552041735685,280.73751318902134,Val
52.882406581724524,206.35003203939777,Val
195.2091872032502,189.39491562821692,Val
214.52724628707523,226.65811566733072,Val
95.50938136013747,230.66371370506508,Val
181.29071442745217,220.0254290283667,Val
269.86349645977197,280.0236288619975,Val
213.74788544251103,238.0749694206367,Val
325.33959130645377,262.8537063253368,Val
278.47351993608265,278.29969350020804,Val
207.71872715122436,177.56918378785736,Val
191.41443102709067,246.18272074577746,Val
185.4782132052484,221.6363573126082,Val
189.69062554480777,180.15767786930883,Val
194.16358326110105,169.1183020333447,Val
202.7583147877719,203.87847351104335,Val
278.898822819855,249.76660945758738,Val
151.12326451140729,237.49645640715065,Val
258.8459327675648,236.84243057440463,Val
298.000351061999,272.32724986517246,Val
175.1764214451464,284.57160453227544,Val
222.53383736911212,245.8843317284733,Val
384.3884176169564,263.5336851989068,Val
346.78575941767855,257.1582304307495,Val
380.4316787464782,256.2447267620463,Val
285.7851664687511,290.9750375519186,Val
302.23691244614304,162.94599869259048,Val
260.6435512872771,285.57787521201766,Val
168.21059520138238,297.6676801588605,Val
292.79081109922384,193.88607370576415,Val
296.6180742544077,255.42501032107853,Val
391.21826010274594,239.95231991332824,Val
318.8420578087366,224.73544316574458,Val
373.07256454333265,295.11321526089574,Val
231.2028942950215,246.43101258423252,Val
242.76429276348372,294.64007454812054,Val
245.11422015091483,254.50975655070664,Val
173.42668553061486,225.87075732324467,Val
203.73043125730177,210.28210056411933,Val
271.43392451361467,251.8819169377828,Val
291.19830028966203,226.63108765966493,Val
365.6746182601002,278.88572741818837,Val
219.74824336927816,253.7532575020345,Val
295.3646105055053,184.80719335542423,Val
246.73964942154632,291.95440706844107,Val
173.13430396456522,272.2907431032806,Val
219.28307326380423,207.49631477440522,Val
223.6560633693759,233.1490040712203,Val
244.32932147149126,280.15014801241557,Val
348.0011110348454,211.83696902762946,Val
378.40879724335093,304.38771744242854,Val
231.57801815816129,255.17635759934927,Val
224.69773807261993,221.18930525983433,Val
248.76113318720542,243.02232975883354,Val
121.63527126670137,273.7175249785268,Val
229.5762117064379,249.17567709665056,Val
341.09863188931035,224.50670172418324,Val
287.19066790521106,246.47533164398806,Val
302.8976708195962,247.8114291129516,Val
298.0051936984876,272.4901059796865,Val
241.960406312373,185.45375913326146,Val
237.80746039010654,266.01350105635964,Val
193.01823124971992,262.7733311279805,Val
161.5670596655664,175.88530517927157,Val
213.41666714153797,177.5683001193169,Val
371.79927709547167,199.67942216924556,Val
243.71573429297132,211.3738812166747,Val
344.6824675270045,274.25757568106945,Val
190.46150062590365,290.1540930649288,Val
192.43552746962607,173.7030267832229,Val
244.12667382499865,199.43523018287613,Val
138.5013273505228,220.55874776134107,Val
225.8741633782597,217.57866015300084,Val
279.6533130996071,261.4454321341901,Val
257.29753116274577,213.0520052244124,Val
304.6989827229429,241.77582835757406,Val
297.0770543466903,278.6888788526615,Val
238.55727608529327,161.0549302108117,Val
218.47512512709875,258.15060723742545,Val
168.37008623863142,191.39516507376885,Val
213.55949991391824,189.48710047436683,Val
321.50423047091715,227.8979499099189,Val
250.03516875916787,220.30169892617383,Val
310.47111799247716,300.38995603126045,Val
146.53080378535674,287.34253243461103,Val
184.42177639123784,203.2245775264894,Val
199.42351713296446,180.2589918357804,Val
154.18928200022506,155.9485708058245,Val
193.2314835144815,175.5603599627089,Val
216.8366338682053,195.61691891163682,Val
262.2010841636901,243.68017979054918,Val
182.31454743634765,210.64779079883456,Val
186.47425836673912,209.8949836082286,Val
188.98362449286955,224.058451221239,Val
190.0658896745684,216.82921299337488,Val
195.8275539762618,162.63449577211674,Val
158.69319809028048,242.97986768572164,Val
174.82539072495004,205.89793485530564,Val
228.2162085455402,218.01891847570835,Val
179.55039094207416,207.5774442659612,Val
187.50252295501957,175.9996192282285,Val
185.43359340128552,216.70719634555104,Val
139.07896193081135,187.43197419973563,Val
160.6756113243468,111.60931885082732,Val
87.93590712601242,166.47681597043453,Val
162.16502574022041,185.28251864146944,Val
122.80445560926432,190.95265309853173,Val
272.3953954374339,196.10192381886782,Val
193.3414619299524,179.81291900482955,Val
242.4195558261357,171.11825097542848,Val
153.26724439871992,171.6561201118123,Val
145.8193589425253,222.5290965572542,Val
172.07505392036927,227.1773198804016,Val
95.46198634688403,159.34752736301155,Val
112.6176484662416,171.31506020477678,Val
149.48545829490456,135.04687106283288,Val
179.51174855408442,272.03193392051867,Val
112.81162193109951,190.24084316153966,Val
160.57356686919934,174.77436956892896,Val
184.21397942498749,167.93534604288962,Val
66.62408994583103,193.94348277432053,Val
229.51661949192146,176.91165050797704,Val
122.06736578138101,204.8665459829521,Val
286.0684175890543,260.79233151491025,Val
283.24893281899926,185.91311024943477,Val
207.89109358808474,166.05935278191865,Val
206.51669526151204,163.50134861990747,Val
189.69025193887808,251.76053695691243,Val
125.58053728277437,160.0871260652479,Val
160.22306779064797,157.7782938377204,Val
210.085120405721,195.75469610605276,Val
206.4286425435168,191.6763727591573,Val
243.60943243720533,253.67712419260266,Val
93.57482690315817,212.3808335961965,Val
271.22236035584433,181.27688495741512,Val
287.6145539410155,160.2076684943263,Val
217.0080435283963,169.51073131529202,Val
325.03207269233496,152.43653513061713,Val
355.0456571829949,253.5055979203935,Val
293.46754380671416,219.51699196179888,Val
258.1395703828766,213.19634570808722,Val
252.18294725601658,212.34664315290237,Val
278.62765400448416,175.94888319237282,Val
324.7674142568777,219.5157634793541,Val
279.1903970103655,164.79891949709761,Val
253.44154959484496,222.8503095435446,Val
169.26384745360002,168.23076139119448,Val
177.54608848650605,221.2203133914952,Val
94.7763763730422,223.27183393597528,Val
215.38287513515303,171.84721036511561,Val
219.47553082291068,182.51667269774825,Val
256.42867566614194,204.1265560116182,Val
273.965747571669,203.61299165732834,Val
234.53130271353734,234.9705697522342,Val
195.7941070085258,162.092575663552,Val
180.7238764863508,236.38355674756417,Val
176.55621715591803,194.86777844151544,Val
117.85788107131313,173.82771652509874,Val
144.76505950483838,169.44986192710573,Val
153.66307043900937,183.71140104809618,Val
224.8442001250728,215.02755671377082,Val
107.78442513239733,179.08431034743933,Val
310.7400359992481,283.5109943267465,Val
298.9136319238636,263.0623955861447,Val
231.73253365074473,272.8576839159591,Val
280.3802683597854,251.01053049461325,Val
371.6354768542537,275.2961840161501,Val
341.21511048099563,300.7025062889025,Val
303.71897137855376,304.02769254895935,Val
319.34723497281516,212.5650270639378,Val
300.90012107271536,290.5269133571963,Val
251.2491895110643,281.64311303751015,Val
266.5549911618865,236.72443053500737,Val
283.63045877777284,275.9946251308664,Val
297.0932363511239,214.905406751199,Val
365.05445540576744,294.19730922971536,Val
238.07119847966635,286.3471517250431,Val
176.48128093384952,215.75583785642627,Val
212.4791203989456,181.0561692225629,Val
111.5262489149276,258.3987384794338,Val
220.33915704855445,199.97693788132375,Val
323.98476042872255,239.55719518366416,Val
250.27449112215749,243.04004216459307,Val
261.7710307058678,256.9144762523644,Val
237.24429170183691,286.45908938873083,Val
221.8383724909326,161.0010623288896,Val
199.0292135407414,263.40667948463715,Val
157.9006761332002,237.48516444040163,Val
203.46514121749527,191.47600397344584,Val
198.95692259585292,204.60038038264614,Val
272.76932808234835,189.4932091252571,Val
326.4718347033238,207.07342810628538,Val
309.83799107051107,305.90642529636443,Val
151.68163263173932,269.8098148914138,Val
205.67985511025358,193.397590148252,Val
229.93607317486484,152.87597386169912,Val
176.6646044419241,148.52038203468896,Val
256.98905972140665,167.5310208074476,Val
290.40031797801373,207.6891740293205,Val
342.1270565689049,184.81901496468987,Val
339.4022792857169,171.55754679500973,Val
308.12569042596107,139.59532835346192,Val
211.63242267077595,170.46857316283555,Val
204.4156514838042,234.8749779013156,Val
208.19742577627932,160.87095883118124,Val
142.2040428228021,189.35410088520345,Val
182.69335037294465,169.82925672079605,Val
297.2150498755482,171.61249727463107,Val
236.6974622622075,176.17175963880806,Val
237.33936150207722,229.54867295601855,Val
170.0778849866821,237.87154511826384,Val
325.61508722164484,301.5629449705269,Val
348.97851302577544,251.6835724834691,Val
279.62631255943785,275.6690363191195,Val
299.7484359925516,273.8723331785166,Val
328.08481103181975,283.4238071868203,Val
466.4909084888722,256.09157786033063,Val
409.9837547838747,350.97291170582594,Val
418.8453872640255,246.9815946191116,Val
365.5182470769787,233.55700361624875,Val
334.0885709294695,306.8606705531606,Val
282.3541539093834,286.3483147226527,Val
279.8885565992124,219.14845877462895,Val
338.6225824400254,280.78989772395795,Val
411.61200514944267,291.95104265917894,Val
362.2431062640052,195.69767263502624,Val
398.3915586528364,311.44275919356807,Val
292.1598336434025,275.5836529610554,Val
200.60524629017152,209.65252268674024,Val
217.8803171425678,174.40701076528856,Val
232.7149489574616,220.77601219211442,Val
200.24225403362126,168.93228110121433,Val
251.96186814293893,200.88569324838636,Val
308.4940567898329,235.14987005423117,Val
284.0803010983546,201.76906850832566,Val
325.80115971017426,232.4484997462605,Val
224.00408632473057,179.59276347068507,Val
206.60537182292498,269.6313489353451,Val
228.15422318540595,210.23495990400045,Val
142.77539750641088,155.4971344836556,Val
175.14574132534835,172.08412508031896,Val
269.98743757450484,190.28458615460838,Val
177.04003598189718,230.520137439583,Val
222.6834800734958,261.91200517367935,Val
190.33368274790624,200.7717906268103,Val
243.27426846623456,295.101600191143,Val
264.1212884373223,276.7918679326742,Val
134.13487449433535,297.67732268392393,Val
173.85379279521035,305.3279234269664,Val
260.5183244780361,306.3966594245853,Val
340.6754166182173,278.81016372706506,Val
304.572136900345,274.91576503029955,Val
306.1502467251197,261.28873659593665,Val
263.4411398173938,257.2112262727526,Val
225.39129732925022,290.1145068121212,Val
232.763486474942,265.48304857080933,Val
182.5826716366802,252.02742604152357,Val
218.50738335459027,279.98092216784676,Val
302.02831505859075,259.35953267770253,Val
207.55890554458273,184.18515129550974,Val
275.8512464481504,315.97797251100934,Val
184.14452019141675,297.65582697166894,Val
184.39614820713933,241.46160565654446,Val
210.46632476450395,194.02632289809839,Val
133.94470230240518,199.79195748414008,Val
140.4423595148795,167.55481057282338,Val
319.55996937916393,272.3990995227339,Val
261.13693040349875,204.88765173794252,Val
254.08907944426727,242.24228750277857,Val
234.92887900271216,233.58446666085717,Val
196.3587882732226,151.23643321938093,Val
189.6616179388277,290.5102130825714,Val
216.2565687875372,263.56943400416804,Val
169.24079552251789,160.05920189479963,Val
178.98106112860825,200.87172892710862,Val
213.29900038394237,231.22769468841892,Val
210.38976224281075,180.10040815901849,Val
335.479725996334,277.47224669639667,Val
158.4034036762877,221.9737956731462,Val
218.1835355421835,186.86870624363223,Val
224.7999107239758,177.28774665595924,Val
212.54255991379273,184.62469249882253,Val
200.21483793762124,176.4287445328041,Val
277.3339105277855,208.1690659696978,Val
291.58254218988714,212.70404614205748,Val
273.0349039861873,176.72925034077966,Val
252.06552210657048,166.1890946454396,Val
182.5891426933776,181.90556093015138,Val
202.8547140529302,181.3095090207452,Val
199.57185740957533,158.6624123211191,Val
180.0756062951219,213.7303218601649,Val
184.6571290421681,177.02839975759926,Val
312.6472835063931,226.33913623227602,Val
205.72050694842306,242.23657152838504,Val
211.28818893970154,213.1279721441879,Val
224.86740757373204,222.83299520012238,Val
273.03391400892815,277.16573143100544,Val
305.32403725500296,283.8828608679649,Val
205.6745513877116,299.05980655893865,Val
248.74705945463865,238.9106406866172,Val
362.8208648018941,291.9107641081657,Val
376.7987766648755,321.4097288932157,Val
306.0296382267744,298.3746633418766,Val
274.1460479100687,219.5587033741864,Val
282.0815095948088,277.6678376755109,Val
232.98464950940706,216.17097079711115,Val
286.5604222375775,272.30736817613183,Val
296.9973255400554,233.92833013966387,Val
359.3043175433636,319.39717887138926,Val
241.706181214396,258.87776764398643,Val
197.722787124522,202.7548622945554,Val
192.3523230242381,188.0151187420973,Val
205.87718872561334,213.40264995823446,Val
155.36058374393866,190.17782242301053,Val
213.06915764826817,216.6337056465306,Val
271.50169162713655,212.34813902174824,Val
334.05352629920486,241.08900111469447,Val
387.76931675450436,282.4143269008073,Val
175.01462064357918,185.90386421412845,Val
179.12307468081008,259.8452363616579,Val
200.17898418264798,225.07993008539606,Val
88.82792797226912,162.09849643993317,Val
126.52405527901891,197.77016643805675,Val
173.36550886847363,200.6617007095157,Val
208.79897222502441,261.1158997469541,Val
143.9093377590874,207.3314725216706,Val
163.1064081658192,186.40569590347258,Val
185.8807284526816,198.53488146631597,Val
112.64685172059369,172.14445016126618,Val
202.05153728115295,158.03295365208217,Val
174.58324553506992,204.3752131549401,Val
262.45968441798885,207.31618102892006,Val
251.01522138324324,213.59135197249475,Val
296.8883178396935,232.141215965808,Val
154.6851497087136,178.35618447158933,Val
159.20700482484298,224.8676387774821,Val
77.2023625270661,169.8297051016535,Val
116.45109411798009,192.3617826524161,Val
208.05792565110218,202.39102588907622,Val
118.36921592215722,180.0330972238349,Val
173.2831518303943,222.7006923187159,Val
140.06809676933548,186.80066652164248,Val
165.12937999055714,178.8363559453157,Val
173.37161383460767,198.57245063243053,Val
177.95047599456876,133.4712388870989,Val
201.48956269171143,174.34122294839224,Val
170.70741958537462,178.62238072217028,Val
241.9005671550047,215.73056598517593,Val
200.0338634388115,201.82099953980114,Val
245.6929889068963,192.9559621223973,Val
152.8902533740163,226.62695856883758,Val
165.8532699766824,212.6658203426546,Val
194.99792786192782,175.6802603714189,Val
108.35505589482565,193.85953502440776,Val
127.09581898275829,186.92494293387026,Val
230.01706856218232,224.80496090467446,Val
191.453287540595,198.05254199456232,Val
193.62927493654868,184.14150703117045,Val
160.3664304391306,194.27297509517746,Val
201.4872544250979,184.19180680071008,Val
247.88874451160234,134.21120390322054,Val
171.57386154488552,156.6348554010152,Val
235.1892489499,185.89625222490582,Val
425.4343253905636,217.12636474172905,Val
356.63494110069354,179.76229074352793,Val
282.7562559154069,180.66374706859577,Val
311.413941094835,164.5027602090932,Val
199.1742980837692,162.35891152744534,Val
217.35259269980415,188.44458965568737,Val
225.57786018190785,166.22653499916416,Val
147.94881320474624,186.91558659115069,Val
177.59459228718066,176.8257380519525,Val
354.9164911743118,169.2862667793196,Val
235.4129935296923,189.79128439218053,Val
243.04041792480717,222.0445798627088,Val
171.08893428365474,195.7534626601342,Val
299.48687288537093,287.33241847072765,Val
302.9940938678694,267.8966609668665,Val
216.39058718402492,241.59883305269508,Val
226.2323963712937,271.48893066439604,Val
394.82493806912316,268.349460068802,Val
396.7124056179331,336.0678128842119,Val
400.2015183579054,294.2332035104681,Val
296.68798996266094,251.66071257463727,Val
297.98699223067877,291.1993948621048,Val
269.51102883187525,274.68743940856353,Val
246.16335165368807,242.72400226308747,Val
313.34886487606127,248.00568266563693,Val
357.0155222816446,254.9803200154982,Val
305.4121307862124,202.551646515827,Val
355.03532233107626,313.1226515293826,Val
230.42506608595593,285.53112343538857,Val
249.84279539112094,243.61715528736667,Val
263.29134986699944,234.1633915407782,Val
133.37496167212242,241.10752216768392,Val
244.2479658869063,190.64512749757057,Val
308.3288565488,226.62954735052415,Val
307.3315612227377,242.14034154971267,Val
305.85730646078474,247.11489699643766,Val
308.6216135499374,285.32665701799687,Val
274.05019149061445,170.430238513478,Val
241.15469921660423,258.4946521279792,Val
219.2527656845146,170.54943069241637,Val
243.94408895152563,199.0378197032797,Val
277.4264521482165,239.33766803451087,Val
262.9087212742744,186.09877424763644,Val
361.8958503047733,334.5699981745569,Val
193.73025529390924,271.01557095873,Val
325.21903923776455,233.93245778574075,Val
337.32498108703135,262.5820388415565,Val
260.79120384149127,233.6365534024786,Val
267.6019063814145,223.09700322429308,Val
411.9498368066505,239.84358151226775,Val
455.1064892328783,255.8833587555956,Val
425.4920091095757,290.094849914357,Val
372.7235801683006,260.8277245441314,Val
338.0897880177437,238.5568730843952,Val
335.11131211957616,322.20506207588704,Val
295.28891414818844,252.70378599030587,Val
263.47597455921186,229.7909289131073,Val
332.5169002817198,229.7436918148842,Val
433.61224359488574,290.8993569394481,Val
385.2167565074801,220.29889660685214,Val
394.2858238001389,292.71981020169244,Val
274.9552458551759,252.56016313115737,Val
194.55683994016567,206.38480701978094,Val
213.58382713830474,220.93198354290044,Val
131.9915568173684,246.5012213138087,Val
143.6031738844421,214.10435198866182,Val
288.4373372758307,262.0849382184662,Val
249.61943934888671,228.39706595759253,Val
285.59539293636783,286.1162953476328,Val
203.61212284791407,261.83501568468535,Val
210.32577353511897,159.19980084252236,Val
182.49613190758302,296.2422828022874,Val
176.52968082320209,176.23016131502618,Val
192.8525689143608,195.45077391223072,Val
241.39346399233062,247.64694622865582,Val
243.13322644436846,208.3613885260283,Val
356.11369000395274,267.3635518412499,Val
158.24828627170245,213.7765715284238,Val
179.77032145933268,206.73481865123443,Val
172.66737152063104,218.21932992248813,Val
208.93641560517418,115.31236482446519,Val
240.2295136167208,197.1424248157952,Val
206.77370758188468,181.91333697705008,Val
264.14954514067597,217.05599885423902,Val
210.51129353907663,198.42447072914968,Val
184.2415948373252,200.5130050182559,Val
164.65315630465142,284.74073540568213,Val
203.76842347996768,196.37628685523777,Val
204.24318635350244,181.07150891882975,Val
171.00422954369208,210.79184363996563,Val
210.85414519957038,200.67945065692376,Val
223.80991240197574,250.95077611272015,Val
188.12946376843425,261.2168241512411,Val
187.8740975732312,221.25959026661585,Val
200.9680056534637,201.39429055463384,Val
317.31066256236363,321.72771405071506,Val
325.58370256346313,265.91881021377304,Val
274.2262588037767,303.2587464136203,Val
281.15819240223937,310.9433661660692,Val
426.9359233542993,216.87884399723546,Val
359.04420356739934,300.83135159678284,Val
422.9132582762661,252.9985669065604,Val
282.2306321379303,252.02198708015825,Val
295.7620906609159,319.6856660802669,Val
263.3173516612842,239.99242080317734,Val
328.9860590738452,264.18353561393474,Val
243.59395070852304,203.0932824152215,Val
352.16035309175373,294.5860131285057,Val
265.0751673763198,275.7702111548384,Val
204.38964812076574,218.46597851266668,Val
216.42054439696489,171.448501293309,Val
162.86296236091974,147.95698093051877,Val
223.65713209528695,181.88550648702474,Val
215.04594931586973,207.83375806780182,Val
272.7499087333356,215.09806674553855,Val
215.57774981062073,199.48894488391255,Val
197.60515238655404,216.25656097831094,Val
207.91403681682766,214.34532941564675,Val
204.06655565419896,212.7987986238087,Val
182.83167800068907,138.3122994868,Val
215.3421571175781,304.41088524148034,Val
192.35196983570037,202.5637013122726,Val
274.6186445154898,198.25756410664155,Val
199.27874365608392,233.77204466199842,Val
218.13814215233162,159.69669501856913,Val
201.21001990857798,228.34106537779832,Val
253.60857353193177,174.45778009006978,Val
269.51153091715776,162.91712572321202,Val
218.31537069452293,122.11733350446501,Val
248.048739695503,184.02767677856434,Val
537.7221595942773,189.90563451043522,Val
340.4076715913212,199.04289461472666,Val
295.94254933529044,182.11557052466048,Val
301.730983696981,177.54771982894275,Val
235.2235184804719,159.19263412014618,Val
239.80203480942384,198.43835987422284,Val
237.44161810000293,180.47295543807675,Val
192.8925544371893,215.5727953838138,Val
228.07390742307905,190.4993436292782,Val
269.33078157270864,186.10498220715894,Val
263.985601789122,208.8389385580534,Val
218.3390199048739,215.4394247511057,Val
219.2121992468255,194.25155000324156,Val
222.19475824492935,170.4101729289408,Val
157.68084871496114,160.51447149055653,Val
211.9973413763252,176.2948536504285,Val
336.2909781275566,218.7753940587284,Val
243.63527431435045,165.49560847714187,Val
224.08898871823834,203.47441584149237,Val
183.2341776350652,190.49832076410422,Val
209.86981218509771,198.05532470953958,Val
164.31933889468198,148.00946756837004,Val
162.66587400840982,247.02290669199914,Val
188.05167621084496,190.47978314585035,Val
215.26944108854894,220.70151267027367,Val
294.97091277100066,240.57100046750168,Val
219.31243090427762,182.8884597320492,Val
222.19853520038063,227.84335366975793,Val
134.9275076551184,180.74297052321108,Val
162.29795175979083,175.99932764374552,Val
163.46305252691448,189.7057172911266,Val
169.53023063719743,178.84284773064914,Val
121.306863173418,195.22221117851984,Val
252.60484307597778,234.58256816676436,Val
209.5510255853834,204.60574038585892,Val
233.5562406859175,195.03087776337222,Val
125.92880613632386,210.660047960296,Val
127.99795974125246,231.38708784423653,Val
209.6707135259822,177.51896996768716,Val
66.15773557786692,186.9575325203456,Val
103.07307017003322,177.03006854612687,Val
195.65541754572587,198.46526194649854,Val
140.50393275479755,199.8425411341022,Val
159.35928554708227,196.86390056218025,Val
142.86288370228283,207.6741853379175,Val
331.39044132615464,199.71535621112227,Val
350.6030803568983,181.81477460317745,Val
347.0449172983677,146.2353381208314,Val
422.2036870046255,201.7115328578943,Val
322.7855148276139,248.79727123090603,Val
432.28560916079033,225.34816533528092,Val
400.5861175712179,304.66689331745033,Val
355.5365824947312,256.04599157680804,Val
332.0578355592319,170.14426271935227,Val
322.3603534915303,339.04055383369433,Val
352.42400464255707,216.3280422686365,Val
441.962326134253,241.24695011104166,Val
342.03669322202234,276.8165755668051,Val
365.66551362046056,165.86444640174503,Val
335.2774830972951,192.10290178643373,Val
184.33381138991876,184.29885253051017,Val
201.69447331115663,184.99416295919778,Val
162.104401080507,190.44644243255087,Val
193.12688440072995,172.8678900655581,Val
225.96460839410082,201.4558978182956,Val
283.90759109360783,210.97584844430725,Val
195.08617153197451,179.2879914184963,Val
236.9553930509765,200.97162453771432,Val
183.6781107622863,196.64376285987692,Val
183.96821056062458,201.7265869910173,Val
142.79024048874814,190.83355388457946,Val
162.35628952800178,188.0095980188719,Val
270.76156195724076,189.32894292590638,Val
176.05198767351476,200.05245811560877,Val
191.4913390412057,203.53551736500143,Val
187.43923186553576,188.89659628888484,Val
262.32577405206445,241.07265861221205,Val
282.3632211921599,248.9047738713744,Val
166.38298790103335,271.34038916379944,Val
232.82586231640806,248.89970120425698,Val
285.88388441269586,323.9612319713033,Val
357.99866760704333,242.3193266275594,Val
312.63586761835074,268.6755339752055,Val
251.54347071923434,285.088975352006,Val
282.74249774819,201.04424105615192,Val
259.0520871856033,270.43925655464255,Val
234.76619719785208,240.57285280086964,Val
210.76899211568724,178.27517005060733,Val
242.15722343100776,214.61407376939192,Val
340.95738792364824,233.37459958236718,Val
243.76901618778095,170.16432370114524,Val
348.1365443502948,260.6986610818202,Val
221.8476299815788,326.10849138261995,Val
173.8187928626929,200.87868021126155,Val
196.7320065930368,187.21538818080546,Val
213.3876571107567,144.40336329115735,Val
205.21011295425774,168.64724748678202,Val
195.48774789932799,181.16170450058388,Val
266.3646818303221,194.36467168117608,Val
224.30964848323055,207.9836685934983,Val
206.8716459887606,222.57034911691022,Val
198.6323906156225,280.7318766652396,Val
199.95177075050262,190.8667733265533,Val
210.55816533812686,172.3833051486288,Val
164.70577857082463,200.06024221318563,Val
188.4392211550209,196.39872076481,Val
253.17759041657354,220.88752717085328,Val
189.49432041397867,207.0921609515342,Val
191.1273806379681,175.6906804997055,Val
198.7384173796152,234.23505243809606,Val
179.6727021760866,188.9895992806716,Val
210.99873146348142,160.16381756035375,Val
220.800717872924,131.8368271098012,Val
210.07217123866315,165.51127525069202,Val
199.51992067359515,192.43448159090184,Val
297.2501914300966,184.07133681819695,Val
270.0378553562592,179.15823958146487,Val
223.68203586041255,179.04744143628474,Val
186.0959241040876,194.6774448291757,Val
189.7523435211953,229.24517943528235,Val
174.49438065144554,149.68042651187213,Val
103.27203646384265,164.30266927945905,Val
168.14067156317486,196.1729251155971,Val
260.1760457252492,207.22389727498404,Val
259.19916438999985,209.0708380039905,Val
218.31860259122502,236.629825107799,Val
147.82973082504114,202.79300472937155,Val
138.6330146584117,203.51893994964595,Val
142.3224151768097,171.87743991635716,Val
114.75220183774343,197.92047499207447,Val
155.93796763017707,174.45215039357038,Val
246.8905435793946,204.9092252820981,Val
273.8482262048577,228.02460271771488,Val
210.4389650808585,198.2542858378559,Val
263.90912631744567,160.06607678883623,Val
146.03634177078538,150.41879792712817,Val
150.89905666721504,251.99831883566824,Val
171.26458166185077,226.7264683053124,Val
91.65301057365258,157.8338792439996,Val
110.57444905145505,173.16936464777896,Val
207.03367958974513,208.22231487287576,Val
124.05436138413413,163.08696324216953,Val
199.97101736979775,250.57044841281063,Val
105.5615090199451,193.91784970039478,Val
175.13135092436633,204.3515201067409,Val
187.85425483588273,205.30940105837908,Val
179.42347711721078,208.033723472756,Val
160.49592167336112,164.0440414594861,Val
233.5480779291122,213.90480469747908,Val
271.27947696874276,215.8021664936918,Val
229.12108901343373,189.97484993806128,Val
308.2302221535457,195.72944465339634,Val
183.17070645498885,177.7473481467575,Val
178.92125216763156,248.13898185964388,Val
94.3392228587691,148.26079198578194,Val
118.65909208346633,189.2296253619372,Val
224.6067012065929,187.9309088810587,Val
182.30228760849494,181.30596275787653,Val
185.45970558959354,268.1433547905136,Val
158.4147022458694,204.88518258048018,Val
137.2996124434295,205.98801785429703,Val
161.17266615166773,148.1169413033921,Val
127.25814700283279,145.86045716373098,Val
174.40216510091017,181.17025480551206,Val
150.72337687788354,198.01457275132066,Val
259.58768574722126,182.53528997616385,Val
253.12631359235772,184.38945809227195,Val
209.5700106662413,148.47865745065343,Val
177.0559884421028,178.44265953268243,Val
140.34879548854,233.9568826599707,Val
183.98452654935343,158.31943134169097,Val
65.75470163039657,156.94397003946807,Val
114.61700910416465,187.20887344222317,Val
189.23540269310587,203.85888106529836,Val
195.82812508243686,158.96910170439267,Val
171.33455914096743,287.21478716781695,Val
123.22863148238741,205.77242402125495,Val
115.16721920107756,206.97577052749068,Val
128.00442179952034,179.18393008342846,Val
35.96214149246468,206.38122484875765,Val
108.85335985456955,183.8682877368198,Val
120.0194277009657,228.45393779985181,Val
202.81614688327218,210.63338919983667,Val
272.8138266984928,208.54659063940696,Val
210.08000026341614,212.80526974641944,Val
132.2508680745785,165.14722708842618,Val
107.32809183538305,240.49444269139295,Val
129.86371499117593,259.436683477047,Val
44.8984746570805,164.06427987194465,Val
73.94242081412526,175.9714650369359,Val
168.95750112290563,201.40413314398992,Val
120.81287665348735,161.26881444721383,Val
214.57484374097777,288.76720446204945,Val
55.879463387252954,229.1186236590998,Val
192.25183631144503,225.671855216938,Val
215.56309174894136,209.92397175579674,Val
168.8806648918456,255.7858693466609,Val
131.75593778593202,174.11764113050788,Val
317.782654030294,282.02692350781945,Val
264.0715418540277,235.89041853933577,Val
358.3494121926623,264.198241827109,Val
294.58649387406524,250.0352324589585,Val
225.0433756168748,158.19951221575585,Val
189.46259335540117,272.9223306451241,Val
214.27722247647137,229.01316666591893,Val
144.82982830370048,169.07035407680505,Val
184.51512554847983,194.94246414639994,Val
246.13640556911488,203.0456747258363,Val
217.10367416037874,208.33889781058267,Val
352.1714107262509,258.78397107659725,Val
139.80026683384045,212.8697169727831,Val
200.0735205227547,252.97211743725236,Val
236.1760096963034,232.43721567080223,Val
175.9849839888471,279.15906106548033,Val
163.3545787510769,249.04003826908456,Val
248.53841825674954,263.8176664987849,Val
297.0476211162244,266.4394452640441,Val
389.2934926204066,254.19694473577508,Val
212.94997732133942,269.641495356383,Val
243.90088372974574,149.0018348675335,Val
214.53005064004466,257.547321216192,Val
175.81840003148704,291.59965241653765,Val
198.0774509662972,211.6830010282088,Val
207.99384575352025,197.6040782302924,Val
188.62672699721145,253.39893733836493,Val
255.83592139220332,199.70233651195602,Val
372.95308520944576,287.5340225689696,Val
203.23826710557037,262.217261007729,Val
240.45364619765854,241.84760062133032,Val
265.1265333566579,236.63595190420486,Val
179.8034742473547,252.42642393363067,Val
241.61999765388023,198.40985298395987,Val
324.20031248013413,306.2900705766398,Val
336.2341828517849,258.2475250094703,Val
314.02687419820444,251.7804966729366,Val
267.2780624680548,273.8466390474946,Val
278.0212911132603,202.86024351596592,Val
241.5823076551215,299.2084643603711,Val
197.14504398702223,266.86929467717744,Val
266.05719659701117,213.95271978175748,Val
274.0742928626896,213.43787816278848,Val
345.7388569401936,233.53049607470496,Val
354.19347426688984,200.9156023436937,Val
365.0139468481357,285.259256264264,Val
231.07389670918207,264.4530267567541,Val
161.94555318439188,193.47190670978995,Val
178.9553308962734,188.56288001748527,Val
178.29084474875052,172.0863421081231,Val
169.46085979123504,179.6031506794799,Val
151.28332830471243,200.7027375201535,Val
268.38197587351794,226.4628567753867,Val
184.0860835762706,193.6230764884037,Val
227.81153600683214,162.9882701902121,Val
124.0878335696985,179.659536142447,Val
158.10562064818834,229.65159613919747,Val
152.82635874944046,176.33919327725116,Val
80.92866316418684,168.10131740155597,Val
129.58417056877545,177.38144228444267,Val
236.84906015425565,191.15953286338478,Val
212.16011042059853,199.08269308515196,Val
182.95596244815673,257.57799835348965,Val
134.36114228088368,198.3528948902195,Val
165.74612033390844,199.2927191351881,Val
199.7050037491066,148.1548448534645,Val
184.0433796344523,205.19018597508514,Val
189.7951465055354,188.70082927496745,Val
280.2649817786515,213.8371303098102,Val
278.009072394062,210.37076753823533,Val
308.7533224748119,207.1847310928589,Val
305.5481011978303,203.57346097094586,Val
216.10501040602912,169.62868421538178,Val
209.40762794109983,297.53175136119745,Val
212.6547933221501,232.84081615980017,Val
99.83606058968431,153.97882975339775,Val
166.79505829428348,198.04394902283806,Val
292.431879795952,217.89632252049074,Val
158.25852227285526,175.8858005872049,Val
211.10327135457993,265.7308569937069,Val
117.67203047868426,198.68952450396205,Val
299.8875955003872,275.9484989866659,Val
298.69927555050793,295.174105579855,Val
248.08755979857096,294.0509087271694,Val
296.84136094358547,295.0191305818273,Val
247.53505918783316,304.44794543903606,Val
367.3432977925725,271.3404194005807,Val
359.0721450333232,284.1358912195831,Val
361.8872416412158,278.57954290695744,Val
312.5082504104712,275.85925621591775,Val
280.9775914314671,272.90672800736235,Val
241.6724861697084,245.1125144216268,Val
285.61778231774815,291.58450405161756,Val
340.04525428007224,308.38361560530063,Val
235.43260401785338,200.6419123359867,Val
369.1114252216671,293.58688238123256,Val
273.8550883220613,284.8433746867846,Val
143.3497558585035,193.4607881697551,Val
139.5498358580069,154.0690263575391,Val
143.7006632069064,186.06848546463198,Val
133.92589837365094,197.6393141242287,Val
188.9207392974231,219.15820570172886,Val
270.74290019957067,207.51619613725984,Val
218.2140575788591,228.1473563196094,Val
292.51481792257704,191.6948503433846,Val
134.6108592962712,152.65034065134353,Val
144.62479162509413,336.4907844238742,Val
200.40993115557495,200.45330180230104,Val
70.91419220742185,152.48931749094112,Val
107.8465305508906,167.38661298145806,Val
127.52586743882573,145.92513133617817,Val
187.00920288307248,262.9511486785726,Val
90.14731901683376,213.20665763768537,Val
155.93816272210898,202.7165749516985,Val
163.20558703197304,205.02665781650398,Val
173.85505687409898,191.76349367518335,Val
185.57647720209536,188.6667493634253,Val
122.6264157601518,181.3443944579839,Val
234.1566789342961,259.04442858169625,Val
237.1378190606535,195.39595606286755,Val
295.88634561502323,222.82514046736372,Val
128.20910278803825,188.888599671209,Val
147.87458411126266,231.99097948343692,Val
95.7286408290866,174.36972630255494,Val
123.08684195956627,187.05590471800699,Val
224.26733712681357,182.55259223076297,Val
161.72090841453746,191.74410607255888,Val
156.1232182092958,213.61143569824608,Val
138.5059827054334,206.17254309594801,Val
288.5836886390419,280.14301988898677,Val
303.6819105663955,286.7870214007416,Val
223.99923593402386,255.40859223120864,Val
187.90919047331423,267.4979547561249,Val
261.0239541629624,280.0814080042316,Val
387.8068811459237,238.413425300923,Val
412.15220127529295,324.2545968519117,Val
312.6427269818336,281.80876014201067,Val
336.3275737389639,199.17045061378195,Val
306.6778594477426,255.5515972095205,Val
257.40815063596176,286.25754257666347,Val
310.1564122253096,220.34616983471543,Val
293.3605318652551,244.56958142240217,Val
349.6898761927625,283.2797079310816,Val
258.1997309073838,255.075283522896,Val
448.5555384756557,302.2018133577865,Val
273.3363597094641,295.44562590144375,Val
179.74679764497833,206.0450326858599,Val
195.40439184666815,197.28388311346865,Val
171.32101642699772,293.213969542984,Val
115.81341042842786,224.9218428347418,Val
255.36272898347283,276.8902939065824,Val
282.0697773422065,261.25787845218537,Val
329.2188758719917,244.45387322539045,Val
258.55988624906104,261.50828875527344,Val
206.6959101962276,151.39823558987217,Val
175.53733947064927,259.6741680560189,Val
161.50219250997094,262.3105209597274,Val
123.80327190181906,179.92236619064172,Val
160.03598057195737,190.0364730185174,Val
228.8692134865681,216.70167473781743,Val
205.00325720639628,216.8048347744235,Val
342.96644867843884,310.70416705639934,Val
138.5778870801061,203.4091208085356,Val
157.6857559591561,207.60485139401786,Val
148.47640247180505,231.8834404541677,Val
84.57728108505015,192.74442415065175,Val
124.09235560017379,163.0658508824565,Val
216.39965131295114,283.4243922016623,Val
222.17616410872148,212.2157484305587,Val
259.12909334124214,228.86733483505586,Val
287.4540992022887,248.65008130863413,Val
192.6919172619053,147.5943143316289,Val
139.1533172947535,273.11908753607287,Val
61.734404839849134,145.93440188065665,Val
99.19356749183102,185.74105526115014,Val
164.08313955009135,204.91605466176756,Val
117.48165928739951,173.0047233430707,Val
271.76922139767987,271.9464632177575,Val
96.19095838439105,206.81674142741352,Val
156.1337314200648,166.80952034318653,Val
163.86615675401393,204.02804860853826,Val
58.88700157816075,183.4389890273456,Val
124.66995912622005,158.95574037955348,Val
131.70933221700614,210.3115559691307,Val
239.2452502747003,221.70880523143947,Val
272.7672632341498,234.03988947070818,Val
198.65200009737288,154.75621909992705,Val
180.90104921828532,156.41231746735184,Val
142.29417356412927,230.1679107584892,Val
128.49048499853583,245.08735307316135,Val
68.55031878881022,166.523647649633,Val
118.89533040831617,167.37029772327955,Val
224.63102749705976,199.07512072297655,Val
183.42383543594337,199.8478257982441,Val
262.1774875833189,264.5872189638451,Val
97.52328662128335,192.87066258180795,Val
164.79178742776065,190.73341730494303,Val
183.84243656078633,208.41204048258746,Val
169.69333084413387,166.16041400355832,Val
192.20441832894937,163.2429993201927,Val
199.67834016169394,214.06119106312033,Val
273.2492771970354,231.1045066981136,Val
190.97804790220164,188.61218044849008,Val
169.0689498112787,188.9799133923123,Val
186.94472349488248,302.6182617984242,Val
176.36677988110551,207.9306772379464,Val
217.94547823833278,210.64797177467165,Val
143.20320463499638,231.44689568581552,Val
182.3591510295238,202.64514641214515,Val
217.95087225446645,233.54332533894754,Val
190.77028578986605,211.6727316817813,Val
171.47788008929643,183.4766873899201,Val
190.2592477841557,194.5982370595414,Val
129.7254108290773,175.91732265093012,Val
162.00137936222436,170.3142737966271,Val
164.40428387807975,187.44174971104476,Val
165.71864535290632,161.05687698826583,Val
188.50199609335522,199.85379930072153,Val
251.2466884669588,223.28649649628625,Val
207.44387215045322,206.70080467880376,Val
237.07129916610458,188.34166017563837,Val
126.4934563999633,194.11357991117455,Val
127.31229534026144,204.5935948528185,Val
150.09267802422949,181.26914127604581,Val
80.4198773689289,201.75569990394385,Val
106.22489599611454,174.86664376219633,Val
204.19865124506856,188.18872010961155,Val
134.14530496633677,189.53849949963234,Val
161.51320012150865,231.8891854075782,Val
115.70181912291504,195.4526688890729,Val
343.4705813512816,266.39625045285936,Val
373.6223799348608,262.1024561191285,Val
274.43099190732494,302.171237506211,Val
352.40774136806,270.3232586355485,Val
352.15759081027807,257.03099297867783,Val
452.8145095180497,272.020521516857,Val
424.03934172149906,337.47622575911834,Val
409.70428201417405,262.0882424537525,Val
343.7346705803128,242.89950007057894,Val
384.72107927790046,285.61775208633543,Val
316.10757336323144,259.5342211280429,Val
367.9704944647733,221.7550958507153,Val
411.13588973144374,189.29195548731715,Val
447.7713758168504,311.41759987282643,Val
305.8960330391503,277.3033798998106,Val
132.08073116292707,192.8724442085035,Val
161.8963806456797,146.5450803019979,Val
73.64596712854626,156.99635542051195,Val
156.7061038498196,158.96515367027308,Val
84.22574004742604,217.4916020489938,Val
300.7774562482326,191.77922444647842,Val
273.9295620304471,190.33311318086842,Val
240.0552457494164,170.42476623428595,Val
183.02770577684487,158.68372899161216,Val
138.20878175785452,234.6194212465559,Val
160.36674575146338,200.52755772429094,Val
83.43067243090596,157.88361686646346,Val
118.41652959467517,166.23396082793158,Val
189.70017869297504,192.37602584538215,Val
163.96486498187681,172.7022951279977,Val
199.95003171157103,271.5429191261194,Val
89.72975485517037,239.45544494790317,Val
254.6623501812437,312.56767799985573,Val
267.13319795914884,276.57629377154865,Val
178.71081035545842,306.8619525621305,Val
271.2159865157548,308.2941155843456,Val
304.3234930178705,313.79149175849636,Val
305.069893544776,309.5602964188692,Val
313.0906712375601,273.89701229434235,Val
307.94278625230214,290.670397204626,Val
252.1227489895329,281.3161300919661,Val
237.03393467614347,285.6252348576619,Val
242.82157120617168,262.44789342845934,Val
194.2371411030437,225.49969004620223,Val
248.9524071176193,248.6768442283614,Val
249.70236574102645,285.76361596741293,Val
198.75176919427403,193.2670759769236,Val
292.17980862672016,287.5161214468759,Val
188.0387834158036,236.5336729522942,Val
148.56731141491997,197.00473846368897,Val
164.8775395438738,194.03386408597953,Val
140.38166919716718,159.17948154440256,Val
148.37848013019405,168.46660830025905,Val
189.475493244714,197.208927826847,Val
228.41114254427995,216.7321015089293,Val
187.68368969518133,192.86439754669783,Val
219.38565548041106,196.34416436300222,Val
167.48915238525527,188.348980665144,Val
139.41959826770338,203.2993964630793,Val
201.8871986403687,151.29886235588998,Val
119.92065708162522,187.1488017445295,Val
108.02413089323176,176.25700751844215,Val
135.4600667312455,197.31548604334972,Val
159.8025432493952,244.6675692065185,Val
139.92045006918022,207.8855980474479,Val
348.5076725964217,285.5755111904234,Val
334.70613725996395,275.95566117648104,Val
281.01974619007456,302.61751492128565,Val
280.0593130794474,269.1136559703522,Val
362.8098644912935,270.5270858319036,Val
453.1985736896636,260.23672001275486,Val
436.01169523923534,314.7340803264654,Val
361.56495848026236,275.7867092258602,Val
357.769540485918,228.4520356262811,Val
349.05911024271984,338.64717832627804,Val
255.14078501788003,256.28060515385863,Val
319.1405278572142,223.61618134196382,Val
332.6542956617611,282.74250699307163,Val
383.145989289218,267.08273299171407,Val
323.06370253440303,208.94659968099253,Val
449.708765677922,325.86862633525647,Val
320.2941967920944,282.4131334939038,Val
152.42398579629173,169.07792266043998,Val
154.83865426763077,198.09370574845195,Val
159.6408784220723,199.47948800444684,Val
193.6314622332971,204.95006277350186,Val
162.21702010962474,186.84747665213374,Val
227.52626702953742,202.130266013744,Val
182.81860874373012,186.53144944308212,Val
216.8018387733408,203.89190909382592,Val
118.9657770255254,220.7070071587637,Val
147.35831498895294,180.37433751553408,Val
180.68363161147624,186.07033502122948,Val
110.12124288788134,169.639720291079,Val
123.02526485422055,190.5065839785004,Val
164.9505546434282,188.67319027680202,Val
160.1732253316488,186.72042688361273,Val
140.32784159820193,198.5482505087327,Val
260.1523631724645,272.1809663450106,Val
257.8207362242292,250.1489938730592,Val
205.3691672953629,232.87702671733965,Val
222.6075111370996,285.6689025654967,Val
296.22974220580693,281.95252984198504,Val
370.43954851469425,287.38176552496583,Val
364.93579025126627,305.72572627104825,Val
264.777607982656,258.473829563657,Val
281.52865329364573,148.7777834494394,Val
252.19785753284398,269.70745188860195,Val
207.72933877791633,276.8816329912098,Val
248.06829719083174,231.84117845941103,Val
241.93160228895948,227.6430039829597,Val
240.56165076850675,284.6802308025408,Val
244.82879209027772,191.47481179343035,Val
415.6305726043476,302.31526360839297,Val
248.46898223318692,298.37254885908766,Val
266.5306224040504,301.57201136075344,Val
299.4888963697654,278.02117859094346,Val
208.20814140355344,266.36459215050945,Val
279.726181754554,308.4449746144519,Val
244.07620077182258,290.3592440534311,Val
412.54283552461254,230.2087707619711,Val
346.99419858585907,277.36348657007267,Val
334.61786437815886,284.4673311274158,Val
262.8990294004856,262.06653768344256,Val
273.45945676057363,307.2343359705928,Val
232.32920011625663,298.38591425811927,Val
199.82806730312888,272.4238467112388,Val
274.48277964556314,314.3820836198786,Val
254.6541289441752,192.94536597740864,Val
307.508939430959,314.98351401845343,Val
230.8680086786339,265.42582154267143,Val
120.73754930957011,197.55971569712995,Val
122.76797817180892,195.6493985740811,Val
63.456391578865464,200.48204385532154,Val
94.19124066917587,182.4156305240607,Val
201.30825334418392,260.1347002467971,Val
207.76392927238658,213.20807787606756,Val
224.91790511976785,249.9496426449585,Val
254.58840270507454,246.4537710097212,Val
135.20181445719166,160.1503293333822,Val
105.62480389804642,251.71468755146057,Val
148.71079137773583,214.88576116667707,Val
38.127598660849316,162.10984807215354,Val
68.77337301254448,164.49633799693126,Val
161.11434327362804,220.53690443856138,Val
91.66042357710548,151.7127157621113,Val
230.531502558817,252.21610741930166,Val
62.011579418980375,204.5164645758995,Val
221.1758119073353,179.7232212019008,Val
230.4828023090284,181.26700759646963,Val
243.2345259307225,162.08277198088086,Val
170.58641507034633,195.96049491154517,Val
292.50439780364826,200.2822382545443,Val
307.6129380134319,187.60870006679238,Val
310.24662817892585,231.1265822531946,Val
353.95714496545463,202.70234232823307,Val
203.40372388560462,173.54567018211824,Val
227.54145697154914,279.95178357392666,Val
267.6655625532437,225.7001316734673,Val
157.35968757258493,181.00793995183153,Val
164.34578218518985,193.2804239006211,Val
315.3519062617105,230.07222046120813,Val
257.789852071588,153.9050980403678,Val
271.0100336366861,258.6088058936432,Val
190.5530216827447,228.89856890415876,Val
185.27808840249543,195.17419948231165,Val
177.95918991544085,213.8111835637727,Val
142.9008044226845,204.8749223922274,Val
142.14273978167034,170.32163986327396,Val
322.4497308908862,294.3938737992771,Val
247.59941772759151,209.2287030641265,Val
298.0192362695383,232.8415410321612,Val
309.4178963633177,216.05026680257333,Val
241.89730513967112,159.2503046889585,Val
164.6369001865039,297.12175190054813,Val
239.47087781230366,257.096319658469,Val
121.84948316500981,182.3406870510195,Val
132.67904575447963,197.13036036620912,Val
166.08529717751213,166.8365349110094,Val
293.82440705081865,282.17862877157046,Val
143.65014837222984,200.89428335523414,Val
211.2552922691634,197.44284260226772,Val
224.60090902445654,205.74753572406496,Val
127.81467556121734,208.4936996536832,Val
161.65648909871055,169.37028571931774,Val
238.80280561465088,247.31453852354372,Val
288.0043270301156,241.20605260853048,Val
308.02461276491056,244.1547480087139,Val
241.7057283909782,244.4561185630345,Val
236.03769598497516,169.95103742354468,Val
195.55388050176282,253.02560865891087,Val
176.75306095129227,254.8328468076191,Val
148.07988391371208,179.61017047663364,Val
187.13938021210606,172.45668270238656,Val
275.30524703080755,240.10946106870966,Val
285.05293759449773,190.1124526723311,Val
367.8419979508134,305.8650680124321,Val
147.62768674852074,202.62859426546848,Val
117.01043958435238,186.46913319137903,Val
143.92402842420677,187.82045406715753,Val
176.3294912113269,187.56976159485205,Val
159.43311970378184,177.50149071362424,Val
102.75365094921986,199.98526675149114,Val
220.8909733692928,236.41788118620218,Val
166.97437575494743,195.1005525480409,Val
210.78945849374531,216.98303871937833,Val
108.77410779786774,193.30597771095043,Val
112.53391176653597,194.5259707531231,Val
142.66638218902298,181.0705995493633,Val
91.52241824340769,187.02789207575637,Val
91.06311939642652,192.49785825853715,Val
171.74629598263598,178.1822650028493,Val
125.04678554870654,210.15886465648725,Val
151.80523332100702,194.4789024243698,Val
121.96592087687512,221.8386972634283,Val
180.14676551529288,170.28323454676735,Val
188.3905283270796,200.63000608777384,Val
226.15837179575112,147.41699553887386,Val
227.72883119950836,175.57764938252808,Val
180.06362764359199,189.5641288423204,Val
299.50359617083456,195.5373148428002,Val
185.35768185932056,194.65906341175426,Val
180.083846935887,210.7996137332643,Val
180.6351132680231,289.6171125954122,Val
200.39501304192257,192.3008775862398,Val
194.62936459161136,175.33727925032173,Val
169.61903115424113,278.5533896011815,Val
224.41360257941255,190.95496539327397,Val
202.96654317272322,255.55709856073685,Val
227.1414127044817,229.3872492938171,Val
173.72182327339178,193.92633446676248,Val
241.14997254713978,172.98067143342655,Val
127.30722490850425,177.49578521762803,Val
142.7405577785526,166.43127577294212,Val
113.54582934977222,197.1516417148614,Val
126.42120223267762,179.52253084462293,Val
204.24940569931152,229.53199679142998,Val
258.6769302313942,186.78044604718428,Val
199.8712279470009,203.18287820929524,Val
222.93243996663617,161.3603641348616,Val
161.9053260849649,172.27675398622452,Val
137.15089372835135,275.97613967665586,Val
186.385749820334,179.72200675958246,Val
46.834710778931964,147.98951696671722,Val
104.94019431320794,182.33569840318737,Val
163.23442478098573,199.42543732269658,Val
160.50215914007015,167.35158054770466,Val
158.3552356702348,234.49858756980584,Val
122.41671860963189,184.28140551922363,Val
303.891439143803,277.89997403841556,Val
311.6907998848764,275.6316065847454,Val
268.3235534460568,289.1388904170619,Val
280.84522475143325,293.3047672225809,Val
351.9726795628386,288.4031415105443,Val
425.3827330947523,287.0882784278143,Val
406.02148751079085,311.38015614294125,Val
269.0281572611075,258.0922615501159,Val
287.34208573673965,322.99037244850416,Val
331.13138201462334,285.3499753611565,Val
265.2381384560779,270.3079907899911,Val
302.1525146047552,249.0475501376992,Val
427.39366050988446,289.51920697258356,Val
248.7709890763406,259.5881248376441,Val
337.72108310148894,296.1838453234397,Val
250.99977769241255,283.9401291402797,Val
204.10990065204462,161.95864208383819,Val
230.8223244100746,183.64148892045628,Val
130.9147874075628,177.64926079362047,Val
268.4974654389797,171.45977407474402,Val
269.9140782749094,216.94818718176228,Val
351.39844424450916,208.89896635037,Val
308.5687809616255,177.5929847573431,Val
237.2052824541797,189.83394419976142,Val
228.85037319319088,205.61315994027586,Val
196.1778928222123,230.96155460025264,Val
216.28093409533906,195.50417266918237,Val
140.33291247868453,156.61896615423214,Val
187.50590828432559,166.9977304958797,Val
183.98406651148494,168.2445934360595,Val
231.0713700840169,251.79151280315295,Val
154.5698629831707,204.5309631884744,Val
259.30469420626895,252.57012391512237,Val
279.3802875889487,264.4703258294535,Val
202.67357181545154,262.39891388604326,Val
235.59850348915984,242.28872323574245,Val
291.6935317256599,319.2333643661386,Val
328.0979884353975,302.5717151478771,Val
324.79048001156207,318.2639535371472,Val
295.4462751342911,290.42412470422386,Val
264.7982488307755,214.7868906389926,Val
269.1173474485148,281.50479077528695,Val
246.67680591184947,305.03204162680765,Val
233.78029618954758,240.827608784508,Val
255.57463766784747,253.17338751003163,Val
339.5585549677807,276.00177098051614,Val
246.0876987212452,207.27800179536445,Val
331.17746192738457,287.40557635699497,Val
225.28763862815867,269.1869695952191,Val
139.4679866537075,202.6465792318566,Val
158.4682942947439,191.66562139455837,Val
166.30257921389216,207.45183549218103,Val
174.5514495479885,170.7126675416858,Val
136.9350105341682,215.38597453773275,Val
244.27805079085337,234.85173688138337,Val
184.8501007796867,185.89801772917943,Val
261.22992941964594,204.38632144486306,Val
145.8105966953606,189.0854886537052,Val
124.79774129955237,222.6056960666455,Val
68.99643942908023,172.1551739931328,Val
89.06840743403502,192.78299529345273,Val
203.8966791915589,173.91373964845195,Val
104.97374749115694,182.23340141237014,Val
153.04453382255872,258.0139808789724,Val
123.91837815283048,200.25912235183543,Val
247.64894810418443,257.1964358321873,Val
268.32246576542946,260.4842035783453,Val
183.73258360845458,261.1634029033389,Val
241.51962014763288,266.6742147832158,Val
312.5975320288856,265.1720309883344,Val
369.36960751264775,244.1678420960459,Val
385.9393340106945,308.40870566859894,Val
292.4085824057518,270.00941324638285,Val
313.1394800318311,161.7107269192374,Val
285.07281891459957,260.05244938993656,Val
191.06540385143145,252.93080575100046,Val
216.6827188608344,219.2152786766539,Val
282.35396597812155,234.07641013125595,Val
297.37203660454827,284.2656446468315,Val
327.3292657817749,198.66131657590202,Val
372.1130716367588,306.91018478456516,Val
259.31286927519636,265.8939646239008,Val
270.8994799661634,257.9719296179604,Val
293.21070189200896,261.0357993302843,Val
175.81129289669508,279.8171866707926,Val
237.74975218322422,251.02453748877787,Val
386.2106229747002,279.53139962139727,Val
375.9352277053566,267.9417090678606,Val
309.18658269974344,271.49689170185457,Val
278.6393541657849,212.65650793610013,Val
260.72050866106815,312.6174065942936,Val
254.96476482921935,245.19098988640192,Val
300.3395404989403,262.51441170688634,Val
326.42392997932683,189.54171351974603,Val
346.7968766621546,294.9080291397025,Val
225.2651918119725,276.44529820424987,Val
244.68885441806447,272.9166641144814,Val
265.4428263459311,264.26541789101736,Val
167.32540466179321,293.4362495663583,Val
215.285793716321,246.84997487780413,Val
244.06481814756572,282.12213814466617,Val
335.84592626466554,268.5207750954094,Val
301.32902972804635,300.2176155475165,Val
252.52023965777107,285.2255687883679,Val
285.6956622690983,265.9260299422862,Val
254.47242937435107,302.1851867898594,Val
227.02038519210046,272.9964720094421,Val
196.32276204412761,256.47166596370255,Val
255.28822471453117,256.6221899439506,Val
281.34161158855477,257.406791773339,Val
237.30374548910663,175.69417708656852,Val
313.16824661395987,307.85537737861796,Val
203.84796036844864,283.20881449188477,Val
199.33403829644803,181.76009194935526,Val
200.83279658276112,199.2351599850519,Val
205.89167798483382,124.16717699112233,Val
249.1472066396528,179.7074247190386,Val
209.931121971525,186.82756238783875,Val
272.03714639152054,200.4524825459343,Val
252.04886347686266,168.41243084442866,Val
237.694194429655,170.25422331761388,Val
216.9834046298558,222.23104466313572,Val
202.76745300327258,199.72242996030303,Val
195.69525663101365,196.03810938582922,Val
163.77821949789262,188.21508837630196,Val
198.82693478863627,183.84111167030673,Val
215.61511215551798,218.86780704200208,Val
224.45453813694843,201.90289443957005,Val
206.9804637967645,205.82314422828912,Val
204.09683330871025,220.4554347758974,Val
254.8669029972956,184.37599713911857,Val
254.027001733492,166.94909788855725,Val
207.4286465835841,189.84160932346913,Val
241.32782211488643,168.95271462283483,Val
292.5816838793163,211.80845184945915,Val
372.1540544565611,195.9262962451933,Val
249.86454545301513,188.17144887005347,Val
256.316636826264,180.9464079926489,Val
239.88354525960995,187.5639013837754,Val
212.89964569141125,191.78232346830706,Val
247.9339032766585,187.55185038325217,Val
189.79594942962368,199.13042972022114,Val
233.71791567552748,187.22090012394963,Val
253.87620009805767,181.97344703533537,Val
255.814179247989,214.57085042889392,Val
244.77177346565392,201.40642969087813,Val
293.30954953895554,274.6150928034728,Val
322.5270871827146,240.21695708043706,Val
237.932514036319,288.7840036278682,Val
305.79013452849216,269.444612506491,Val
264.3941243729742,291.28352290295106,Val
440.46989543373195,256.02029948355954,Val
365.2600471056161,315.88796515884223,Val
357.2272489981133,279.5703182004806,Val
304.01973116531883,249.15951768990496,Val
289.36392051264033,285.57455969744973,Val
250.39968736040123,204.77448465144784,Val
312.11718171776886,264.1625881444281,Val
373.1128173800872,255.69043165899177,Val
266.53075599391127,179.3193019542245,Val
338.630975018499,320.7522608714135,Val
269.25114759819576,295.0457824896675,Val
230.7875633975762,177.6943997782948,Val
234.12882109839344,205.62313635892076,Val
269.88567183243237,155.60223746855178,Val
296.85126323332804,166.21986848654927,Val
213.16046287508743,164.538243615617,Val
297.8008656298376,211.12365971082463,Val
262.55750196869616,223.15812549024366,Val
219.181061855953,207.26703689857322,Val
224.8905419817575,294.13018305598314,Val
235.31165342261303,209.95389397221973,Val
220.40650560093184,167.73711774169925,Val
202.9588913182783,260.3297938697773,Val
241.38477663443,203.23587733358485,Val
218.99894451014939,237.06588197206784,Val
240.38535490984694,211.2575153997698,Val
231.043608227243,197.50388769824494,Val
239.892587928313,186.81739307127012,Val
147.7868370524151,184.57069509447325,Val
147.6832630902363,182.3320116824863,Val
148.41721687520155,165.02453469650482,Val
152.53403966689186,182.1296715868323,Val
139.82669437213534,211.15644743096738,Val
236.39531903790618,183.69193033344152,Val
152.16343417072187,197.87009273471202,Val
195.24972733400648,173.53006737855392,Val
120.38147911922331,166.96031968975362,Val
131.52898926688155,217.25498733955627,Val
132.52188323791313,187.86746748597088,Val
59.97874206115969,179.98964734902142,Val
110.15184226839895,174.12824952202408,Val
240.35344714083288,189.95950385660885,Val
192.36434277419886,186.92554040501898,Val
147.87802806451637,243.75310030489018,Val
120.10673200190075,216.56911283952107,Val
215.58030708654343,265.2079210804343,Test
243.98450345571976,181.57106641631665,Test
228.97485612701757,225.67140296257807,Test
208.25894267327274,243.8372440312184,Test
370.8620341771149,165.9203148538738,Test
205.7376692509711,203.38397786089917,Test
180.52019419573628,196.19074020164777,Test
251.59960774095663,198.50240370381533,Test
230.00643690592625,185.00196776476864,Test
183.62074462915936,157.83565114816784,Test
74.78922034049211,169.7665137647616,Test
219.2664538556615,233.31021277421493,Test
557.9969503446417,192.54151815435907,Test
142.73205866622416,180.8312431769486,Test
255.62301002037324,184.3197576708086,Test
220.70214264584615,266.6743863771347,Test
271.7695441707264,324.54093004962135,Test
206.39514747640055,296.6095656241261,Test
223.53793853615204,240.2163129695998,Test
307.9823977812477,250.8088268355108,Test
279.68609439377127,296.09817404571845,Test
206.74559119670297,330.67431657278024,Test
268.10169093140803,278.03254490755444,Test
253.4163292354733,264.78841874413564,Test
186.65041553571675,231.5473686350106,Test
144.41819290654456,242.94052545707012,Test
248.41307605507117,263.49351090799394,Test
155.4675585350816,322.042215562161,Test
345.6208581451932,278.3198921643796,Test
269.4756198514012,301.4407301111706,Test
305.4587374181915,279.5983869947095,Test
327.24406551925955,239.27031753965554,Test
263.9469255432125,312.26601564385385,Test
437.2470401372175,225.31831460753736,Test
248.00122652937154,220.5290734061508,Test
220.54772925933761,319.8063572208437,Test
290.80769810242964,289.12114587132044,Test
302.2799098873306,209.0024924447756,Test
201.0590821234415,144.17680274383702,Test
160.49898570458004,203.06208711723173,Test
223.1631113874828,293.5227755471809,Test
704.0847441343078,252.50226921240852,Test
212.78085080953664,221.53534980153486,Test
318.6438547217448,270.43760960573957,Test
220.55396572762362,231.31026027086764,Test
219.43060152923,189.5813230533929,Test
261.3954311705886,187.15633051835388,Test
198.5244535581503,214.98420439159239,Test
445.28583747993775,177.5128787107562,Test
241.82166690263438,223.55130583826445,Test
179.28746576814984,154.56699467789585,Test
185.7563640842144,198.65215056163086,Test
194.49749930896616,223.65307380645964,Test
201.48542027280052,198.1351633323122,Test
170.85447278562245,209.24560735722199,Test
217.2452156955635,196.28093517827574,Test
185.6123693521514,238.32826379181716,Test
405.245415799599,183.52119380250164,Test
214.57020184991697,282.7759943111136,Test
264.2678824508043,204.40941725568823,Test
241.3926298973386,212.32714328938,Test
215.08619874297824,242.3890953186321,Test
361.3042839065897,187.1231899592013,Test
223.17427102471243,191.89403936302074,Test
163.84523170122355,194.1196089789193,Test
210.7002381469799,233.37716145109647,Test
218.86055511837645,182.15328886145014,Test
128.74660271404647,170.6361729451309,Test
107.7224386783576,152.831978162523,Test
213.74270764570625,221.27114730079572,Test
518.1507720385283,200.23361823982012,Test
175.45491869233777,207.6469604013487,Test
267.06080780651905,180.90997149867044,Test
173.40842985151147,266.29032674106264,Test
190.70908864237782,185.45156101569165,Test
187.9908829718803,188.2989469746307,Test
140.27097148137213,242.4247811025936,Test
398.02853562992766,204.17140424897576,Test
166.94575096288108,223.35107272012965,Test
141.63123610721527,187.25291782563636,Test
144.3075106590268,214.60024263307128,Test
152.57856261574926,213.54389651557946,Test
107.47803870123315,139.936727340661,Test
104.91522691010661,179.49567870591716,Test
109.82377474681127,230.60569603893842,Test
313.53923501743634,187.64909333660157,Test
125.51492311362406,162.4851545029863,Test
206.469030681303,182.44436784491117,Test
217.21155461553835,296.26474464233615,Test
256.9417863290597,250.0027672449452,Test
242.99419395786686,230.24334929981111,Test
212.8661215854663,305.9119023315031,Test
284.5379728684537,218.58092612040258,Test
228.62624729125534,212.0189464975671,Test
187.30845874352374,241.50147864786805,Test
252.88206601894586,293.6528629402558,Test
229.7694460569375,213.48403134268634,Test
161.01864592230848,188.41383981081987,Test
132.7781662191834,187.36693810376235,Test
250.30527311315487,229.2914883318885,Test
492.37755151443275,248.6457728124378,Test
214.9567179600955,212.13343207339645,Test
239.19034112080143,189.63746981181444,Test
153.84744900013476,208.4948126709686,Test
143.7830042006413,170.3384007395616,Test
156.71804280872084,192.98601434474753,Test
111.92314083771936,196.6481845924864,Test
409.1998220603605,194.95225603416503,Test
134.04218899594355,247.6119509256751,Test
112.16930125116937,159.91408271853584,Test
129.69931372177217,188.12442923133187,Test
123.40509604363265,219.6956084881604,Test
108.79397805442096,156.57912412248442,Test
77.16627607220457,154.22484682000672,Test
126.94540934554672,226.72468713705663,Test
260.48403778529735,211.31119240528878,Test
105.18884953866412,216.05460266729634,Test
184.15370482518716,204.82708485666294,Test
146.51207826899605,284.2527094528212,Test
180.7542691205462,212.75773224142932,Test
193.699338101087,208.02272248589458,Test
136.2369312319993,270.51791476443265,Test
322.78168562095664,201.64706249971877,Test
150.09975871122657,198.31668292699956,Test
107.82343105425234,216.8100898206935,Test
198.11843027027572,235.73384178537177,Test
156.56846796536445,193.18036336320665,Test
96.35018814772425,169.4758701510426,Test
72.8667416229254,156.8718253568136,Test
71.99738741386676,197.6941972980617,Test
425.20179875002617,228.53107253818177,Test
117.17039918951689,188.46296194946876,Test
156.68196364258336,209.1242607191531,Test
161.70938246198,371.54746019733454,Test
198.78494259195236,198.4233836064596,Test
231.17302793704255,202.91266436126756,Test
139.55781963738963,259.78132474756046,Test
351.63837504255974,195.02701103956676,Test
190.12974156364183,180.5912747123724,Test
125.7365719168506,217.79295897749356,Test
232.2923018693502,215.49384611942597,Test
167.78657001250053,209.77480626783253,Test
134.7068133414504,144.3421615246449,Test
134.5209097255409,180.49513501977214,Test
80.25742929559424,185.62942858123594,Test
449.98468058726405,184.56020387173683,Test
86.0706643461554,185.27760422929313,Test
362.68287301807146,184.95772604359675,Test
146.91939324619602,290.01160265613134,Test
141.17859509831948,221.77454272447687,Test
179.51324790901435,193.84722348904208,Test
83.88544478782384,257.885143048876,Test
308.4992479280968,212.70270665182747,Test
130.5654974890807,207.82257934898092,Test
50.03589619426293,214.70183006507912,Test
186.29438921211704,213.20584152585778,Test
141.72768856441024,224.77845252999185,Test
68.66910664274282,151.6150164806307,Test
96.56760785557272,151.7827132845271,Test
55.05977288428737,236.13903965312707,Test
371.49405556539796,201.1182607950516,Test
74.48298423383739,180.40008341970474,Test
160.84488602857454,215.1412883279267,Test
149.0436979760127,311.31335406922045,Test
218.75458398030628,221.5814591063858,Test
184.81981186897562,282.3175740657387,Test
187.06274612815943,289.9767508673736,Test
274.55832748529247,198.79514498660166,Test
244.78339945537851,183.9513850709375,Test
155.2984435095236,183.69855120805502,Test
245.17569693192578,276.9536603931318,Test
206.65809936478854,205.79309737992136,Test
202.10090592005616,120.1617336475583,Test
92.81229302470466,185.1413176319706,Test
157.06706129857412,276.45405816339394,Test
639.6716246440085,203.04540437272883,Test
152.9924431774956,198.67232365870535,Test
262.6009376638578,233.1789682147076,Test
248.39866055228777,292.44072672896465,Test
327.01766635111716,287.2980670114624,Test
297.9368558825,270.7612975777207,Test
286.2723962416269,298.4965605065034,Test
399.3053472758636,200.028196195267,Test
288.4875768956248,228.62602264772278,Test
259.4937299846183,332.6394853967254,Test
335.6583992606678,311.61019091106147,Test
323.6519710909781,257.32871857173336,Test
218.3363149559396,160.36482666377466,Test
203.88954129748427,174.43505638967758,Test
208.81069160118307,292.66666445307885,Test
191.45949793385955,236.7880562851028,Test
417.7445386237568,267.43482779989097,Test
216.86754110582817,289.3066482120051,Test
306.521619736816,280.2169782864006,Test
314.37552585092016,236.76615761558486,Test
267.6226915921936,300.79519288759786,Test
352.27930503391656,196.17923894196602,Test
247.54131095970715,220.97713762940276,Test
227.8727229270948,317.00735349456613,Test
267.101436863178,314.3057998002706,Test
269.2382897177381,217.24934911595852,Test
187.52396256027973,143.33842027819932,Test
141.25298807382083,183.8666429970969,Test
215.91494367475912,275.86823001080484,Test
703.1563738199447,233.1539033099592,Test
163.8994335890157,205.39176177087123,Test
255.96944755795738,252.59678614593565,Test
184.2121180792134,309.344942369035,Test
272.36806164034044,258.4250503057175,Test
246.13454673254319,309.7787595634104,Test
223.94847168697999,289.31970597919826,Test
335.43132744166735,210.48856772387364,Test
259.025429652347,189.21380875894155,Test
175.31935832389485,269.43146588928676,Test
269.18767841036333,285.8873128014624,Test
255.93300551086864,231.17170338323194,Test
198.4991446459928,137.05082056977005,Test
140.79054140092248,161.45152587076566,Test
194.17480733229044,289.04127027228026,Test
696.0182531992327,217.1973257607793,Test
167.57861117398022,201.08804869316802,Test
322.78812751773273,231.97940639911752,Test
181.54564406530807,301.42025895811037,Test
239.95665066228514,218.09453304652268,Test
239.86361593284994,275.0647091754934,Test
205.50197088963245,293.3059932190612,Test
324.25003692197186,195.11935335922243,Test
253.08658369543662,166.30268866436506,Test
175.71160895465127,184.74877777553255,Test
241.803525430558,284.62908977113625,Test
233.25317650048174,191.97498764199347,Test
211.48896535230134,114.25124609466096,Test
156.07537951964753,171.02331685613643,Test
202.15642409203306,249.19917725639272,Test
707.1675727863608,215.79129569391566,Test
145.19147151688367,189.21196934584597,Test
297.2761357593114,238.8721355414765,Test
192.74535034942878,236.05514977527736,Test
188.2925025072068,189.43442593819026,Test
208.77432507989985,197.70202942059285,Test
152.03394461547754,180.20958376366897,Test
321.9844317169601,161.5804693095854,Test
213.0054018888256,224.33156192041216,Test
142.14465852623152,169.10368068627685,Test
126.19604472813792,224.2337123777814,Test
158.38477965279532,226.55113511764193,Test
131.78133702200438,141.924467264995,Test
142.29547727127647,215.43802667274133,Test
163.3527405961074,165.42438225694556,Test
275.84592952129856,211.08902921395585,Test
129.30743281866933,224.07269485665407,Test
262.11643895921895,175.49151449095754,Test
138.40566106303532,281.0272877176824,Test
168.53670907158357,200.81548321449026,Test
218.28617582515244,201.22394680328753,Test
102.20971192980367,276.1471130307682,Test
330.01446392252416,202.9774847141557,Test
161.8363230131566,178.39063797558475,Test
102.90500301039322,202.28096567988098,Test
184.41456283989214,199.5140574180713,Test
144.54096522001205,224.6398189763768,Test
144.9628418014379,153.96180426596084,Test
121.73639465773188,144.3506779222627,Test
56.701105827427526,198.4696015994246,Test
353.26090496017343,198.3537876650332,Test
92.01878210448294,192.5612600881368,Test
199.0353558704866,169.99193710401087,Test
176.83782258258717,294.66636586188037,Test
189.6765916614637,213.35479863968914,Test
242.29140723645122,249.33466183713662,Test
141.85405000680294,281.1620719471336,Test
332.77665428768057,196.49982356689225,Test
179.21253171668275,165.0863618448551,Test
149.52605111393225,197.2700725516154,Test
287.70621591915744,265.53630488888854,Test
162.68178673811474,204.2788725467539,Test
136.62656357605394,126.54586245909707,Test
127.66191788391822,153.14596218915108,Test
82.20251094568263,220.1291222150132,Test
481.150479653786,203.56002525605655,Test
112.47704895044066,174.8173780201158,Test
305.49659293646357,235.6464741396777,Test
276.46103408734666,251.15920100212668,Test
272.75074382669317,185.9637536300161,Test
336.5108829448275,177.27450109289785,Test
228.43385619040112,207.6824350349545,Test
324.67443217635173,170.37862198330552,Test
287.9266814828883,236.6909041261292,Test
233.84563420429458,134.79534699605904,Test
196.2082381524252,207.56253521310902,Test
261.34549395570724,195.7094139474652,Test
201.91458999388036,171.73686747661426,Test
219.19681511684976,176.4836571513644,Test
251.37235649344984,180.94664853019967,Test
193.72815437883855,176.1632493848723,Test
388.93213479256553,251.42141537738829,Test
154.21336563506532,319.7333452606643,Test
188.65495132665347,223.66430097292624,Test
211.50179539750363,266.37126245777466,Test
141.94352972211698,291.01312451870086,Test
280.59521244812936,194.20663171737706,Test
208.41229630961314,184.58005094308734,Test
137.72088551266626,180.8189200333675,Test
265.92959420193415,238.41330039144998,Test
161.87596712198518,167.25408561961572,Test
136.06456794182012,120.3531135207264,Test
97.47584158404884,165.96294979937892,Test
116.411973257972,198.05203659666952,Test
484.9573928116722,209.86718642615764,Test
108.28490151971809,188.20583968770856,Test
215.39492296462,213.9911367689392,Test
282.80023861027485,299.2924820701292,Test
349.9598275160513,281.20152321843926,Test
278.16502559902983,316.6567589951802,Test
300.5770375581594,300.6757446415948,Test
364.0682759508238,160.86831749038402,Test
305.6709029931397,239.74586615697143,Test
270.17759604647506,316.5540713410899,Test
315.29838695726454,318.72517201766175,Test
342.66825654896905,266.9360036522156,Test
261.5058334524277,152.11393131121883,Test
190.27989036606004,265.63611497676607,Test
265.486710857809,292.14351648869973,Test
692.0225711835402,246.88519488802234,Test
232.25417285381053,238.8691429179819,Test
404.4434324516774,288.904617304111,Test
172.32240171065828,306.217987189289,Test
232.34985236048206,240.84016056295457,Test
227.52453252303044,285.5479179127675,Test
220.76015059944623,291.8937283160557,Test
339.8824083934752,193.77716707274016,Test
239.4672802798807,167.5192701245637,Test
187.27226616969824,210.8048850779966,Test
209.656258565976,268.82004171488035,Test
235.67582882528197,220.1611233218603,Test
164.18851682777867,121.70216715447293,Test
134.23308246178928,201.05827891836412,Test
128.93517008486452,268.6054794096729,Test
659.4834470805718,275.6462360698159,Test
97.2613584307812,207.49044171796393,Test
272.96495105315717,215.993544769598,Test
203.9970785396611,281.61619367943086,Test
242.15395570609292,198.96867536895414,Test
264.34582918277954,213.81610411633355,Test
171.90756476834719,214.15182214638486,Test
495.0953218191511,206.9935906115753,Test
230.23702201973933,190.4896495443507,Test
181.75086641816202,199.82816120347985,Test
262.881753484424,232.1354799618063,Test
208.8396819180125,221.444522093768,Test
164.21783501043691,164.4887171724496,Test
140.8536920993003,171.95717345741565,Test
125.72112529073422,189.7675166465605,Test
604.5330364708001,208.31675739007224,Test
140.66892513589332,195.66728256832383,Test
428.71248390279567,178.87633526713574,Test
308.00158245731296,291.0830988158054,Test
372.5939042858529,321.77520988050037,Test
326.05621465079764,297.312601891397,Test
366.4650880989309,306.28178207145976,Test
328.08023189162503,228.54385663474443,Test
361.6576502578727,277.93774559519517,Test
311.7518926813756,294.1224365624387,Test
407.50614914051533,291.11413816355025,Test
344.11489262951284,292.56642671804065,Test
298.5777275202664,238.45085830344422,Test
277.69011309888276,199.42207856988873,Test
257.40045268787003,291.5456957370187,Test
720.0518809205787,257.801503939245,Test
262.36626810871485,219.35084775447365,Test
417.9205415893161,236.00051553763808,Test
194.38946147280143,289.2407771382469,Test
254.43033201952926,211.9737649641123,Test
221.52222082690508,206.93880471126272,Test
192.91326421077326,230.2837698253146,Test
414.7495869143558,221.6636189243943,Test
185.81301310359248,198.20639581011312,Test
167.2071869909632,197.92718937709637,Test
223.0284746885469,231.60807756639383,Test
203.97602654860373,207.18817309431097,Test
171.00862434900992,142.32280988690786,Test
103.02781451400628,158.2163795904654,Test
143.3763051112668,181.01294464138223,Test
421.2809426357211,205.84335691081864,Test
147.51185067301688,181.32813565151642,Test
226.28250168015649,189.53405330376367,Test
234.79701594788912,267.8372384894222,Test
284.444140786982,324.95862072344653,Test
233.73035433274032,312.45794240061355,Test
218.49821537930399,299.2178431254735,Test
256.8119228529441,232.92533221280712,Test
267.0007412350345,297.1983140558893,Test
215.31770529763114,326.4205067415189,Test
308.25485426137624,262.1453725196398,Test
257.44880751773474,287.40842608743793,Test
208.16570078394085,206.37208693299633,Test
175.46202211502646,267.58017995469396,Test
190.4275838299896,267.3444941460815,Test
550.8698897632494,246.0897650092102,Test
159.94954438190788,228.63191085141156,Test
317.29824405484453,302.3122604329775,Test
193.43090542151145,287.73751989676407,Test
228.76141032936533,234.94110481465654,Test
220.98892205640655,212.78170848100763,Test
155.6413412706917,285.18822289347423,Test
284.7756999560052,192.8882972291022,Test
180.60460568541504,185.89611171245465,Test
144.0090671216487,227.00228899273282,Test
246.6011614197244,273.1084967868848,Test
198.6595342429391,197.19338719640635,Test
147.49190153502474,208.60378127211004,Test
121.50086150760131,143.5677465766267,Test
153.16741817487838,258.22921183433914,Test
456.72228870269004,193.20140409935328,Test
105.92503848083881,212.47907017025327,Test
167.2067458180111,189.24904104078684,Test
195.6717249261706,312.31575166519883,Test
223.37417523160005,194.5050513848572,Test
255.93826802225078,180.06206303522,Test
170.29035649909477,190.24859454092373,Test
457.59754004020874,208.62432611430125,Test
228.80747375391766,219.4485164894706,Test
170.24364529344393,173.39952414526482,Test
198.7904759315884,209.57714837538614,Test
210.6998576414365,222.9507945878972,Test
139.91278510387122,169.98490414638522,Test
154.74933677744394,179.32498288090812,Test
142.84033477722065,197.51147549970372,Test
472.2114337681173,179.9094361477685,Test
123.16004338573538,173.14981821154294,Test
426.60536783333527,206.3962997486747,Test
276.84635114485053,307.4263036557609,Test
306.4627481378395,274.4507096410917,Test
277.3867647375384,301.42306057190297,Test
300.69118682383464,314.2201304178846,Test
317.7490983893741,185.58570588207022,Test
313.12778724604726,254.9752459875708,Test
270.41077099611414,304.7370882384821,Test
330.5033740148749,298.91982814112566,Test
303.052984274295,287.04491722825827,Test
256.1397224283968,162.8205441523473,Test
177.32726064882945,187.5323639020676,Test
218.88338441307275,279.17158552583993,Test
705.6089842958651,269.36058759642583,Test
229.356666318401,247.83578121528774,Test
385.0191545516939,278.6710946295275,Test
180.06540452582183,293.7242759436571,Test
201.5115403432138,206.1482989682699,Test
193.4067708421162,217.1244445595374,Test
158.8874087883401,230.64064520675754,Test
384.87017397871216,198.77337154815444,Test
158.9581192921241,197.51320782604222,Test
134.91040918556627,176.24103833792444,Test
226.08338894613937,275.48893593914073,Test
170.2863614451577,198.97308586387967,Test
131.05474286456942,148.89079352374625,Test
67.34952514385103,177.23614105662764,Test
146.5359524164672,215.8090323578765,Test
345.5156151609316,224.23636561417467,Test
71.7369621137641,207.4699870123375,Test
211.8164056401657,187.51201311335132,Test
141.3024908298222,268.30002378026376,Test
172.50886710729918,202.57264144656517,Test
163.08786126815687,215.55581927556133,Test
144.3709829320086,219.69936725833935,Test
340.70481231559825,175.43387111388816,Test
146.19382849229532,188.56968801332218,Test
112.53136346112626,150.9405043299486,Test
188.91667314259894,237.37523573135076,Test
139.47717332559986,189.9096048424383,Test
121.18594910358625,122.90907530245964,Test
99.61375753141516,186.97393206977705,Test
111.10252240604069,205.16214310667704,Test
249.3081659245557,180.3966823301764,Test
86.06064288001971,181.77019368960794,Test
185.27494008718864,190.15975306770827,Test
193.54223485890893,242.2390385247067,Test
179.78182447821678,204.33033111744803,Test
186.27607302596422,194.95679608734548,Test
153.0516577697968,213.04228780685662,Test
402.2582170830073,195.21504691340036,Test
175.41350825212666,224.52744932998542,Test
126.04485960310998,161.18858378540273,Test
153.74094707135788,192.21395235197969,Test
154.20561197465787,202.92304329285454,Test
104.09515130363386,118.70055368911318,Test
98.338863555102,157.7356317811204,Test
120.29603548074908,181.3650173190395,Test
329.4457437726168,197.52334399115307,Test
108.04475615511107,212.739018494086,Test
235.60747515966443,190.67797524640085,Test
209.40509121646582,324.90773069866157,Test
243.43325793885114,189.1309497089993,Test
274.4714008295563,194.1014316670485,Test
196.8718800533965,259.91545063380664,Test
444.37591292185715,237.67401987627596,Test
237.09761500253651,197.38696370596125,Test
176.1873068400817,166.7464722371471,Test
248.64488275235664,263.59190038132914,Test
213.7558100522262,194.41828101260927,Test
187.62005468808178,164.6991839808171,Test
128.26855357643046,169.2552793060486,Test
163.13796452560882,179.7560249383027,Test
463.4394517552656,191.05275642347624,Test
160.62916722344292,209.63744048026703,Test
440.52735316849385,194.96021134370238,Test
298.92527825539213,303.59983932374234,Test
342.9222100697866,327.2748795504559,Test
284.7035828418941,290.71946952402885,Test
308.4457107251129,316.8565918792416,Test
345.5648514601561,216.56330913230056,Test
321.30131439338675,284.1281924547416,Test
256.267710218213,297.5587316528146,Test
368.2972448351346,306.13377522020204,Test
275.03847008022046,286.5260625714873,Test
276.25017903427266,184.46805742381642,Test
251.1913723047751,285.3208587526905,Test
272.8757894680105,290.5036221723355,Test
688.014015616391,252.38726513545328,Test
208.26249155846412,196.77374430350073,Test
397.6319807191318,292.4525063297913,Test
216.39586209476843,302.06947612158643,Test
268.5903967409279,243.50190736025445,Test
255.68042633583718,279.1707444860299,Test
240.1337970786155,287.3309723737789,Test
360.9794641603303,191.55510411360507,Test
295.52125185531895,229.29042744018258,Test
218.93123763866427,247.56784716826033,Test
284.707770487851,293.9786098386548,Test
277.07591820893595,229.5189119457346,Test
207.4633814765895,126.83106892427978,Test
143.0228908185677,170.70155624572197,Test
217.1354036817097,246.46172486727264,Test
724.2008772160947,272.4791128295878,Test
162.62254416711258,216.83612529387068,Test
421.14023869172934,213.3446678365001,Test
294.09706431173,288.0638362694148,Test
365.5515308262562,283.47732903285856,Test
336.92336486226986,267.85394273715815,Test
364.36501479233016,318.33941764811823,Test
382.8061753392233,210.28592776925854,Test
333.4658994481802,232.16331414405016,Test
311.0000312968506,300.0921725124694,Test
354.2685059424075,303.80724240946614,Test
359.7595392068203,270.6047689081675,Test
300.34800991224654,151.70383247858777,Test
245.70964157779872,133.34351666585218,Test
300.7276189381124,304.7935285670512,Test
235.99423481474506,238.90209948690662,Test
455.32155699160467,279.6435376702152,Test
204.0848053248888,286.2382817609594,Test
221.9724471216203,251.47987280113867,Test
217.53718092712015,260.1022001119044,Test
148.38213927863842,318.3939553950812,Test
289.92943973883126,211.78959015622087,Test
187.30353547063777,252.7657348552578,Test
123.54895208375018,310.1997388135202,Test
210.9820208745255,292.44099185804555,Test
191.35224285216606,218.35192624473567,Test
123.95787365845187,192.52893156365474,Test
104.25611668705315,190.52213167491897,Test
167.65610084786874,234.85125543019598,Test
531.1045494233863,222.37396018065186,Test
106.72040379399829,206.96345013056842,Test
200.69840689460895,216.57972041632556,Test
202.40907591237067,215.20624431158691,Test
192.50833109703473,186.79183007370602,Test
201.43065131378313,196.77808113955206,Test
186.4514298626409,239.3897909637719,Test
447.0187900645812,171.2702470966764,Test
196.45999303975486,212.43432083765416,Test
147.60503587405788,145.07517324540143,Test
150.87744045556224,182.50427139304819,Test
162.4402437356572,238.6977604454102,Test
164.48276924391612,167.49734697534214,Test
132.81400302200018,199.90084048956152,Test
171.67015213154497,205.24191452217372,Test
480.1043541644084,224.31468216679568,Test
144.41844917880502,233.6393214904786,Test
255.2060849842836,188.26920254143485,Test
302.9888173293017,303.056141732586,Test
333.4324350015247,310.8085159708295,Test
305.4100030959817,310.66723623781024,Test
301.7070276443799,306.385886354856,Test
393.14264224294527,251.86931613283718,Test
342.37220018114124,291.4040794384088,Test
284.1926289182686,324.3830208845029,Test
355.96086367193743,280.70938285679404,Test
320.18435415189896,272.640428962433,Test
252.38690594664692,228.35218113120217,Test
199.28653430734653,239.2558185685761,Test
272.7486064230276,289.5577558462344,Test
215.59624462393933,255.37278615928014,Test
456.5086347827023,285.86169217232407,Test
217.35785552357052,182.83870184159827,Test
216.40773657135918,192.60590575368082,Test
247.37143637068758,207.16708158654015,Test
158.93699899508402,211.3316481628976,Test
298.966597224328,189.17340942100526,Test
222.29227801279256,227.35813668870824,Test
163.22385652377562,144.88883293392448,Test
139.58089980781182,192.6331133749708,Test
189.7061994601651,228.5365759912127,Test
145.03455377933184,205.91149679439786,Test
168.26296844101546,193.09069312913826,Test
191.5662605100789,227.31751314452063,Test
343.83812821558575,220.30847622863286,Test
149.89399876598807,252.43488715747344,Test
329.5041876999421,215.4103898482872,Test
249.40517328708202,299.5977753095922,Test
258.9103892947612,183.16135571016198,Test
296.9947455834482,190.06699968855904,Test
229.6864255919075,204.49253306135054,Test
511.71023660961066,230.9558609249683,Test
264.3648843570409,193.9324564950847,Test
205.43649089177995,170.15725605975922,Test
248.49230814210568,232.22247627734487,Test
246.44269329977095,204.08573286636414,Test
201.64620538606823,155.14855845848518,Test
156.56162004919585,175.53455616940366,Test
200.1770918183085,173.13457852038616,Test
422.4874497441749,228.38083993779506,Test
175.3564951145156,218.0354160428047,Test
475.0948429783231,188.2344263177349,Test
215.70095820175356,290.88501867301153,Test
232.73552150630923,205.49608505606938,Test
279.78298842641726,196.86813459311114,Test
181.12653377540613,177.10648856645238,Test
350.0182652521313,174.5970605160975,Test
226.31351003440662,227.99512717144594,Test
189.16412219796274,184.5580848158306,Test
165.66363924304267,220.4769368588434,Test
193.71627622523687,219.78089173303442,Test
166.71444732836517,171.51032807377814,Test
130.2693729779902,194.8802047557841,Test
181.06192794706976,180.39967465903723,Test
471.8319455217211,173.94662648203058,Test
150.29539842289998,238.17145131897513,Test
440.83282853119204,196.11897069592723,Test
140.6547985220767,278.06120673522133,Test
172.273597543977,203.3396718253326,Test
175.65020987532722,196.4344910045881,Test
119.23864724901244,213.53970013021754,Test
381.27143204898766,204.74797601704284,Test
131.8064089592228,213.64889137799292,Test
93.53263963873502,167.56730433835736,Test
145.12706621565826,210.9028865444061,Test
131.28745458260462,214.3425638330525,Test
76.24384117383431,150.44329680427737,Test
58.26859706848039,165.68650158351278,Test
61.82074258536895,185.3948164013933,Test
249.6734802838664,178.2792634446514,Test
82.79212911494415,179.23221595508585,Test
174.16258940930953,197.43479403920068,Test
352.14840073032013,228.5510415069104,Test
363.3357772784152,214.81399744211444,Test
378.90219951995954,192.8722120686918,Test
340.6314198229126,208.29086499428126,Test
534.3000265810359,204.5909591958644,Test
339.2867715462882,277.2984486060779,Test
325.4154194480389,145.64872948651018,Test
344.20790398126184,223.68711582160753,Test
319.24223118474976,209.77862748836412,Test
281.4141248031659,226.78058510879154,Test
330.2094605946717,251.07604491947703,Test
336.32595493791985,251.27317443971188,Test
313.5466656669777,312.74183343275337,Test
494.3224582006999,210.95540689155405,Test
177.45594150234598,302.737071348265,Test
212.26774652641672,205.45048944366278,Test
209.5139283356444,211.1920169143929,Test
151.167167421373,214.70940796957893,Test
365.2429368037979,186.65324533067013,Test
187.91841291388548,218.8301801201099,Test
149.23475605397113,179.02040078533452,Test
187.95757019644094,201.67767151925563,Test
180.93580013093873,225.0569589050264,Test
131.0443649108427,169.25618226424507,Test
130.69190033506823,156.6203940297961,Test
123.16349131845934,178.72785343940106,Test
352.42748230678615,176.06707081197672,Test
107.17527787146153,164.47266942819766,Test
334.52173773655045,176.06739177744967,Test
233.5277422189813,306.0966928495819,Test
311.71277890290145,285.205891316558,Test
255.906197610505,252.35007724478282,Test
254.23373596811783,290.8062027956201,Test
351.91999764502674,207.37279971613373,Test
295.8463754329859,228.35704907259222,Test
231.3806061193213,347.06814088725827,Test
300.84645567329835,293.90787906128764,Test
306.2690497554006,238.79804794180026,Test
230.90063075262003,113.86372404064801,Test
146.77879064008306,195.57486912703956,Test
256.40061871657315,303.5510498216658,Test
176.0692550614526,221.22585379654527,Test
391.0280843957347,272.22840992393407,Test
186.8637114023879,231.5957323878963,Test
210.6844244136586,192.27316921474218,Test
212.8651122113119,192.13936141933877,Test
178.77507319987816,194.36200810598453,Test
416.28065389732626,167.89778613514522,Test
209.20064086270483,243.0706386334717,Test
138.00212362733816,168.76952019760859,Test
134.32911367321822,211.69875430933064,Test
170.72865288523718,218.6610140856062,Test
127.52946421159646,140.3030241181909,Test
120.04341884219778,182.58487373090827,Test
176.3851932900194,179.1808443935674,Test
332.44525992152217,207.972617485242,Test
149.4576047957837,222.87446339102286,Test
255.24529791996537,192.9167998344562,Test
183.24909321634524,288.5280162541472,Test
214.56357239208913,192.53823740642227,Test
246.80277106504238,189.77173645601133,Test
163.95263179562568,229.2248270580516,Test
486.9563265006885,197.8053773734533,Test
214.7703166945278,200.30965604057764,Test
165.54914927173147,207.18783685669592,Test
246.86074311505183,240.51925179995172,Test
200.72388431222032,200.44465502114141,Test
144.14551950762956,168.35137067097244,Test
123.22557228662421,180.2504011613794,Test
111.68195554455104,179.05693572223515,Test
532.4045535855009,240.92467906371212,Test
109.74748325302392,195.9152911551896,Test
414.28842478435126,185.06826512369904,Test
135.5344725911512,281.59578103894717,Test
179.51242138681,204.01149428982237,Test
226.20824203329897,192.94916378069595,Test
111.13221358142556,254.45941042851513,Test
384.73792667792327,207.25869289627946,Test
147.4679013249792,184.49333691639492,Test
85.05050053242964,211.23981836363097,Test
188.97240402658414,246.0830751838946,Test
160.67042991334128,232.75802658066954,Test
112.74552203092037,136.38732268605463,Test
100.8877629712237,158.5804150656706,Test
63.294846625679696,189.79033536475205,Test
488.11202618875996,206.96424839535575,Test
105.42240751788657,176.49294317814153,Test
144.9544352653934,187.65527470270624,Test
167.87452667834074,282.5012768618676,Test
202.54183162746418,179.77673071743973,Test
182.7239732229321,186.87635431562217,Test
150.07584530580291,192.2482525377153,Test
330.25324458200805,179.65346134562856,Test
158.04840484958976,181.89400180711377,Test
124.79863858727029,165.10770707306108,Test
179.4252873486758,206.0364395505959,Test
162.65233480264706,191.6067654408349,Test
133.23326742829278,142.18195074376138,Test
60.373416094083254,154.81477972120575,Test
75.25173505342991,189.78735011312634,Test
335.5733080209344,188.61050606359944,Test
77.49401471288792,183.56086337435113,Test
156.61065986207564,190.5948363994907,Test
136.4271791181393,278.47032386712885,Test
170.5956888405063,206.01619116075858,Test
204.7617151477236,202.7871309313159,Test
112.88726559030232,250.6944238909356,Test
404.3491912925102,186.0907290690061,Test
148.9934063783158,200.260838199001,Test
107.79601482393149,227.28829936924492,Test
178.90481788511647,230.03165716725331,Test
140.36550478200746,206.65807400261048,Test
117.91276958499529,171.8754738106408,Test
103.0830814297702,179.2716135852616,Test
54.626057858975145,190.23280764489374,Test
437.43980167658015,184.91877406743774,Test
58.088458377231035,196.3873790031198,Test
238.46543511017865,198.30141194331767,Test
105.7210147371294,301.33320819268687,Test
118.1995503993885,229.4594393435417,Test
189.42003199126117,200.31527632855236,Test
85.29728205645652,290.13483555227384,Test
323.94928882455724,204.37943060154456,Test
113.96771276604423,198.34578803739734,Test
55.37267160393432,226.69033495745865,Test
168.6823860874006,219.84451112869525,Test
128.0368898349223,231.23145967131103,Test
52.13187755046022,139.99372001563552,Test
77.31966170350793,151.93658321754856,Test
31.67467655225684,206.6109457724021,Test
458.4496826597858,209.59663904473675,Test
29.93802577952566,175.16680282086247,Test
148.72290797813488,197.2515857014454,Test
173.34161268976266,293.3539573234014,Test
210.73124287711158,229.42937070499323,Test
238.70682288403776,216.9964823417735,Test
169.5939379141111,286.0599744729276,Test
319.7359755149832,191.0103895203576,Test
197.0248893219363,210.7559761598045,Test
121.90174665872114,301.8161234616824,Test
231.43770884419737,263.359148901292,Test
211.42228523487282,199.23203579552865,Test
129.26009513583074,215.40434297613655,Test
97.47027794529343,197.22729715993492,Test
157.87317220749162,281.1665510196129,Test
525.7604873675837,216.94390858859376,Test
97.7718267344204,192.381888627252,Test
177.59084852234201,205.75821264559633,Test
216.1054317585302,295.73722713054525,Test
241.67883198005785,261.38110689503986,Test
277.2198906474971,272.98324421161965,Test
210.16118396366238,239.7772579845887,Test
358.3755110757432,228.0115086827835,Test
202.54230161209347,213.04023000601728,Test
171.35212974780774,287.48518690533666,Test
244.57053636511358,270.2006484539039,Test
245.01737173277803,196.65344244535189,Test
136.97063679162633,200.5583161354421,Test
169.9677008510927,247.1948052268092,Test
199.09140157867336,270.51750820492856,Test
622.0740943634812,271.97210474510473,Test
140.99587927794573,232.27274642897257,Test
237.56961100047621,224.71868118439306,Test
226.08040596689398,305.35548132605,Test
301.2571251273939,261.8545690556041,Test
303.52042505429336,279.06597798648323,Test
291.6932668492158,310.67063826101196,Test
351.7024458464425,209.43365734856226,Test
280.7846220917139,217.50780602813472,Test
227.1080079718906,330.14574515750644,Test
298.0722143246427,249.44351289367964,Test
301.08966865927766,269.0653253371465,Test
186.46384651162305,129.3557332167085,Test
182.38939394595255,161.3869086494409,Test
207.1457076766837,325.3871044713034,Test
744.1235050644872,240.62457664136883,Test
173.13319035544413,240.77219160298776,Test
353.4862754605049,275.1513572179117,Test
162.92348443874397,278.63193525752706,Test
197.89137247481298,222.3539761557689,Test
198.19742470181237,189.9480295588775,Test
132.08940355683998,218.8340587057785,Test
395.8075670816055,179.93070133960225,Test
165.71476570090243,198.32072983768228,Test
132.27939433119076,218.2270421597371,Test
152.81958988894166,211.45931113208377,Test
158.2614527212853,212.71824856067857,Test
113.6585250980663,173.852350138986,Test
105.58226493664785,150.45260861951743,Test
93.54280146986036,182.59624232327536,Test
384.0305365907778,210.4193278911108,Test
124.173662108389,162.39565505337362,Test
271.7771667505835,186.4282418329267,Test
168.07026622480237,289.0803073251566,Test
213.44123851512506,205.71779316746083,Test
231.53555390293081,184.81810092089125,Test
201.15980139909698,276.632807873177,Test
370.109820260834,216.94954431241274,Test
162.66527899160218,194.29992251001266,Test
136.83226126060825,228.71022698925506,Test
204.5734846021722,211.05290523940457,Test
196.00663746905153,213.98212688194764,Test
136.59536168757995,159.102830676015,Test
119.06739934735772,152.9695114087911,Test
116.13413084599443,209.49426373820464,Test
431.7276211713849,194.38984100993488,Test
150.49864172868615,186.7117666355762,Test
218.2236066575267,209.47646586488437,Test
262.7928588662035,280.777931804291,Test
338.0443601627409,309.49813504637524,Test
270.0518464489528,305.96583675529064,Test
299.08099912427247,250.1764780314543,Test
352.81387184269295,247.90598741310018,Test
332.51308601353946,321.71867827224105,Test
285.11181752454894,286.90398740121907,Test
344.3801455073561,260.28202361923854,Test
294.086587879183,266.4030658105772,Test
276.06361876460835,260.57548247327725,Test
286.81175251934087,236.9906830524644,Test
233.68355984053585,263.1336494670938,Test
221.92094555548522,279.3006279259061,Test
366.5167883267072,248.31125045102482,Test
126.2473826018838,290.2482528543669,Test
156.32592769308502,202.4136190836406,Test
174.74320934751185,193.04105273605035,Test
115.265408703766,282.9355390299304,Test
382.527539748287,212.6618076805638,Test
148.89419807130872,178.8640665996031,Test
76.48323778924446,218.5430897706818,Test
190.59978217598814,239.11959047180912,Test
147.28068163626497,218.1872456649702,Test
83.80982245483695,148.50157068392292,Test
80.68979848109886,156.29674931241448,Test
50.25398483913506,196.3864993945058,Test
479.2642695444847,210.61223933359943,Test
100.42065401222877,194.04480037914837,Test
98.31400322849012,217.78430084782332,Test
158.00406517503995,262.84095886105376,Test
154.76421506522757,215.0900193298714,Test
161.21857626975785,212.46191761841345,Test
131.70743231653825,229.09479809287734,Test
377.5563136106816,198.1363523398506,Test
166.5661884017131,198.7935913379879,Test
87.23901889163164,183.88047154599326,Test
189.37374701988256,201.06420923180036,Test
129.48734924521062,212.7212158448724,Test
83.79119258025547,137.16595016049513,Test
98.42118106689378,174.36471281441982,Test
70.04505878753008,174.28291062257037,Test
183.0175627979815,160.37401529178314,Test
73.06273348255617,173.9896398211997,Test
208.62970557061573,191.45919825352456,Test
284.89266336937635,274.8594218944308,Test
349.05403478657104,290.1270313496924,Test
303.77507724913653,278.2833760483053,Test
294.54015562350435,305.65368347966216,Test
401.7358420856703,226.51620016170054,Test
300.3853810879609,242.2504556724229,Test
261.38667544329195,288.79078913454214,Test
327.86311002820855,300.58854340650703,Test
311.29028093092813,221.03073952823794,Test
226.51569602319248,179.4286342061786,Test
136.32197822012392,238.98318269315595,Test
266.4940366821553,283.30131775687,Test
587.3300611401356,273.1856529761484,Test
208.06826729064733,268.4072897111875,Test
315.85597396890836,224.33102333266882,Test
190.59440588129905,309.42118092278486,Test
210.4485732164382,234.58180631437529,Test
242.0384395969483,233.47793382432954,Test
166.34615293858033,280.1841225834069,Test
346.86184842448324,224.8684896125148,Test
181.2303044594211,187.48499351066215,Test
114.48125182177212,286.0808709533561,Test
201.06358880801173,282.9689888408329,Test
222.30597589374696,222.69352495032857,Test
106.14260314357767,161.80624953088835,Test
120.92252721297068,180.64874602254775,Test
172.2926104912891,245.0684424549551,Test
566.8786549568982,230.44410458073392,Test
105.82278107824469,218.50280146170917,Test
205.28908118879517,213.20928525513656,Test
112.63328964767524,265.19207767617814,Test
153.57294683587912,227.96592114949593,Test
160.42514969603593,202.51686376907202,Test
108.87491555305752,279.5050861143118,Test
288.38993796744586,208.8557038244636,Test
141.83052308699024,185.78683470440018,Test
68.62710490074029,194.7754130675177,Test
187.6547045788245,220.36683901545092,Test
129.80793843320762,184.43493947761053,Test
59.89956076405403,173.63264545712576,Test
46.65235534194619,153.73232881312958,Test
79.27593354027894,211.24701561927273,Test
425.1111456217852,202.25337019164346,Test
55.630119123104464,187.48462005888607,Test
109.1702574641701,180.6198097888469,Test
133.197405988509,290.489321361863,Test
152.03027433771976,207.14898317197557,Test
214.630974220812,199.08713222502828,Test
114.68931289301784,274.93844897217525,Test
332.44092691271635,199.21549437482287,Test
158.7223818311102,175.10690942186625,Test
99.69114073739624,198.4234393206781,Test
192.80077065488757,228.52025509365833,Test
168.78491399681772,220.9822686179221,Test
59.75858408589971,128.2964618671231,Test
135.80555579178292,146.13318540216437,Test
58.321825762333134,239.23657192447283,Test
425.3156280145016,187.5382418338481,Test
62.647258070411425,182.9799017929221,Test
232.80131277783178,186.49299142394597,Test
184.39256770121335,205.64552706825353,Test
194.24466877669164,238.05320831538688,Test
199.84253551899678,199.87281819770635,Test
162.198006373331,196.27951310501444,Test
411.27045917471645,179.95057472529493,Test
196.81125472454494,227.90252592332254,Test
111.27602399778354,148.23421384847845,Test
159.3681919074437,198.85571973190204,Test
150.67577398271476,222.9807287064463,Test
142.30975064181843,141.1790483727061,Test
118.49355104692086,189.56736968157023,Test
169.27621006438358,202.99028288915713,Test
327.38853598270475,212.15154886221686,Test
146.42634382435347,289.8124891395129,Test
264.8101841039445,196.96726278557588,Test
142.52294714279788,282.9683957278676,Test
192.04303020250597,199.72403042921184,Test
194.24313062503393,208.28967092980605,Test
114.09519257600644,236.6323435668201,Test
375.33084324976215,212.94305922293734,Test
126.28475433884883,202.7694342456669,Test
122.44519350930688,189.65725663527158,Test
154.86951299687522,203.952039486259,Test
146.55104006925663,207.10008587867313,Test
97.6673748595503,155.89428293752957,Test
58.95830847157707,158.91795094298487,Test
79.55466106084631,203.90078294382667,Test
241.9532283353527,205.39875183002326,Test
104.11600412444615,187.70316596916945,Test
182.63122056811358,194.767823958898,Test
356.285807130917,289.95182048951403,Test
409.97482949942537,309.55697814149903,Test
368.09616547174414,295.3024367768619,Test
400.34963987296914,307.33388835799974,Test
413.32162801784784,241.65575673111425,Test
386.42099098950456,266.4161528542087,Test
329.3619567311857,316.59092937602185,Test
433.68204555021197,300.12747121777613,Test
392.41601873275454,285.7334928558201,Test
341.9059967890938,220.6994505873645,Test
309.61274531513055,233.59225621384832,Test
331.1418386049877,286.8411691538097,Test
754.4872024547719,234.31865244822222,Test
285.5667399572667,263.2863379539306,Test
452.37034250510396,224.4862881708139,Test
140.29073369059716,315.00699718465535,Test
169.7077205524171,212.12046134792448,Test
221.54643383481397,198.37260836459535,Test
106.76488598310652,276.97593134519246,Test
315.4327837560073,200.41388506833866,Test
165.8309957714256,180.98381559131582,Test
107.24102420080183,213.09099844372375,Test
221.94497094132794,229.75939634644723,Test
150.11841191303608,204.89372817641808,Test
121.55278443877809,142.82349059986177,Test
100.08706513823077,144.94055637863403,Test
44.53568816329272,196.1120499627033,Test
373.98376960076337,185.5585497024903,Test
82.92752052314034,197.6637508035735,Test
218.47258137410435,167.14530987006958,Test
221.25493362895884,267.55318114484743,Test
275.93730335792964,276.32992858476047,Test
217.21757872280085,285.15709392443705,Test
240.4332864552833,234.3809375455686,Test
277.2487471103756,238.1248734162084,Test
270.08140447147866,290.66033596265794,Test
225.48607476170133,326.32807470014495,Test
292.1301647755797,282.30400776493366,Test
252.5784952276826,254.22787654512774,Test
219.77488168844036,231.7515984494086,Test
157.19716820323944,250.42274506749047,Test
254.26756764282516,221.37430676370403,Test
580.4976844067459,271.6971021316401,Test
195.83593093752384,281.0063090210772,Test
325.0173264786943,290.3100459819436,Test
152.43562669635065,292.8336795014102,Test
191.63492600519533,226.5549562306498,Test
168.791928085797,192.49406418309533,Test
118.61580040538948,228.36533760945977,Test
354.52547002389815,198.63726330280096,Test
144.67194625662546,215.9853455859429,Test
101.90592258509636,181.2821087178403,Test
131.1366450886929,200.72713543979955,Test
140.17143517573948,215.4185063731155,Test
113.80316428673041,165.68205133281012,Test
75.38175024173867,169.18131447978223,Test
83.28345946192033,184.74700091032847,Test
103.29006266894629,153.5556845315967,Test
265.96667251836215,187.20247669228186,Test
354.718974829958,290.41599722255813,Test
405.31201580031563,295.4539199514737,Test
369.2462595540925,320.5668425887748,Test
356.70028731529595,325.11618931821573,Test
412.98067185186494,220.7156277722763,Test
363.0910684013878,261.1142292202346,Test
295.3440539763536,288.07460025400087,Test
361.00165065868384,250.49529762276086,Test
323.65001647176314,261.51787548368435,Test
281.7477588732812,170.99745433283297,Test
255.52810458037376,250.50233884934053,Test
299.0361715346869,301.54670452181256,Test
673.629554219825,256.0229368269082,Test
277.89274087394995,296.54973248427876,Test
368.2901821669359,291.7918064790821,Test
174.877760162933,247.8275296643933,Test
168.6616420672362,215.14266679380995,Test
170.07439579962755,186.11283931422008,Test
140.386264283752,223.65598064612453,Test
356.3805859784877,207.21154118014536,Test
162.5272788546692,253.17427812076454,Test
121.40304881525725,143.17855757748134,Test
155.12498470649217,235.4567765813772,Test
123.34556288911975,188.38286479319356,Test
76.55342920068708,107.84864214389272,Test
96.70201506811058,163.8529016037127,Test
112.13877332291369,180.583269739191,Test
97.39601131436135,143.58521643508135,Test
257.62850753833567,192.7754820233491,Test
255.32763887386164,293.1132787134686,Test
294.55923964604676,278.4055711896172,Test
285.5778041935211,283.5110405209279,Test
255.42335699255705,279.0737050426184,Test
313.69153693974454,233.68519370537393,Test
262.4586428926212,208.1547828052046,Test
218.78407782712165,302.8047623771894,Test
259.82695922410767,293.8699260327607,Test
252.09596807241542,257.8504485298876,Test
200.9285174772819,173.26196153681104,Test
173.52208241920283,254.80939376606082,Test
223.54827002755897,299.5132012921018,Test
619.1650948078866,281.0604121069656,Test
163.8506125086679,247.98231240703316,Test
233.08537960094898,225.2244619737519,Test
271.963714201342,269.64913830720684,Test
333.1007028349454,313.40318331108364,Test
268.9527365406839,294.3107205767079,Test
274.41548731870324,297.35048685583087,Test
281.5681452943788,227.1689718690983,Test
281.9029715192071,282.0601518039315,Test
269.1006440357073,288.64159733802967,Test
382.9898436560284,256.35600922593994,Test
290.657840368371,272.93355648421317,Test
298.38911530444375,222.2188778958057,Test
200.25085637780035,257.5177127296093,Test
279.72608448392043,291.70022084417485,Test
644.0081993290755,249.25235919734837,Test
212.48410555553738,284.46077301954864,Test
428.67415617995255,314.64376841217614,Test
90.36669868738274,261.69696875551375,Test
130.91590479783065,254.86717991294563,Test
152.93998803617953,204.0217764740466,Test
76.52249969393773,281.4646951808306,Test
295.6695152925806,205.65147337078204,Test
116.17253148658025,191.104550089833,Test
51.02044319853451,258.00334455268614,Test
156.94861454076732,234.06401786284377,Test
119.24046617401984,214.12298503869093,Test
29.379560284423718,160.64516334720753,Test
67.36329920476423,160.00673534641746,Test
56.86314782629569,229.1589999852147,Test
354.9046413910254,214.62988726382352,Test
34.81182070545735,174.80531190321423,Test
103.65228957311191,220.24896907880515,Test
203.03639068579156,284.6019502572986,Test
252.2956016390183,211.03780036238896,Test
244.7129198105895,195.50537933243567,Test
211.01838339312974,242.54700313984216,Test
362.1793845712682,192.5773323684814,Test
199.6015248863194,196.24239508600235,Test
156.56641156140756,196.07316667168467,Test
207.70207321632944,239.57337183771062,Test
222.49458605960203,195.15921490465965,Test
160.93003130620696,175.91770387020836,Test
90.13490290338495,145.1496829057619,Test
178.96494905670548,242.53646709368525,Test
559.2010950694807,176.0158690258195,Test
197.01506918137153,196.866708940303,Test
211.9038625554074,192.9527187693994,Test
148.95470265491156,278.89200238194707,Test
187.504442720413,234.07856480607126,Test
194.57276302284816,221.73035212883815,Test
141.94554448045562,291.66824707795917,Test
314.984333837035,199.31667084723193,Test
154.02182375275837,196.3931318735942,Test
101.34084554261837,206.3015256162963,Test
205.80787046109924,260.19300245875377,Test
161.01387484132277,188.35189562989714,Test
105.92241142915846,198.49257152294086,Test
61.182640418571054,148.61927999492275,Test
96.0545044229073,250.25351247750055,Test
405.6930896754056,219.24918848687085,Test
112.84305509515531,201.80706578137207,Test
138.6700030779658,217.5440805165124,Test
186.6029547175866,295.6466167573637,Test
234.50531317573706,217.654270887799,Test
265.9340344074889,232.34060869463897,Test
186.06897458313966,267.3177597555034,Test
358.992452620926,187.84961135304866,Test
198.34964872911743,187.99168760146307,Test
156.19608849750463,187.58996048560866,Test
223.25982766506945,234.05857026349156,Test
220.80536498106264,222.29859954546208,Test
117.19858944638733,121.09006411536697,Test
150.99299839080513,176.54306890136974,Test
101.21206260599456,283.18770116923747,Test
574.9387626742441,251.28628764943562,Test
131.52201835798556,183.99683311123053,Test
261.7973770124581,201.40723982133426,Test
142.39653808964593,245.19295850100838,Test
159.97847002416185,211.35927338402374,Test
180.96955606545367,211.66285425923928,Test
96.92005256654309,227.39107363710576,Test
334.74831432876005,196.03380643408642,Test
131.53148830748364,216.02933156831944,Test
105.5725389209385,172.00686755347354,Test
124.27937932514683,204.9441512077899,Test
119.57228284128016,213.66595731240938,Test
67.47472542060443,151.0730908952407,Test
73.1881278404096,146.38537030507882,Test
83.962541767955,184.82191455204924,Test
291.5882536310957,194.02781957068288,Test
73.82148840993547,174.18569358482105,Test
152.47854737073808,182.22179273505503,Test
215.70241259448122,250.56209378751882,Test
201.61342639534752,181.82511925769379,Test
233.54856681991006,185.4153184349004,Test
167.175608083775,181.98038975219865,Test
411.44281271094843,197.95624339060618,Test
200.7959501934089,235.58250924925375,Test
156.50940453548492,138.8984064820297,Test
167.3705553608776,176.4529241909208,Test
172.14297449027862,227.9446838988674,Test
162.128999094696,146.3860908401454,Test
121.6181101854149,206.54315489305046,Test
173.61780831957563,204.15428131095567,Test
469.2875773918079,210.48004283070773,Test
159.90102640010753,259.4401037484323,Test
285.13249911086297,189.71358611962987,Test
140.69435206713774,279.28491064149995,Test
171.98977073359097,210.16028142207625,Test
190.32042248348694,196.55758768687036,Test
104.7168074722926,264.350095472859,Test
366.37165791917664,208.40165685821785,Test
135.0484244791146,197.6636501670339,Test
88.0514028121355,219.32562070214604,Test
189.60658568290853,250.7882336452852,Test
141.78892955034635,214.7602932096639,Test
89.10921217813504,159.98499887306497,Test
84.9180663292384,135.8781083840648,Test
56.77548799756599,188.96049902364095,Test
346.9823185104506,189.63796009325628,Test
92.04209378560451,191.79602628249577,Test
152.2829591259014,194.6757892445692,Test
256.1898160798557,283.495019107873,Test
331.05848770354027,285.1901295784117,Test
274.6917197277732,305.83145078384166,Test
288.88929292326645,255.41378088885193,Test
327.50057283282,219.60106320234382,Test
336.8807910464992,305.2890367673974,Test
265.5980802983968,340.3718946799571,Test
293.6569597807087,287.3421392850469,Test
315.9861758730955,246.7382991931402,Test
243.93616539248467,242.2406965506576,Test
235.17874227402942,253.22497995863395,Test
295.9197400823533,289.84674234392037,Test
636.6237276438093,299.2418625489364,Test
214.27836109539197,258.0838224974446,Test
418.01012478368307,261.26269326912256,Test
192.19073795235772,344.09748768994183,Test
218.75766571292183,196.3642641836815,Test
261.65927341627986,206.74180540029536,Test
176.8986284059733,244.9733215601036,Test
372.29328836295565,189.51457015115426,Test
215.784952533473,173.43756092281865,Test
145.6042594409943,193.54775398552613,Test
274.95546597614106,233.08002292056685,Test
201.54977043689794,202.01147314065597,Test
170.86051857055816,142.10355058196137,Test
189.4910283048582,168.44555934310645,Test
138.534941554158,194.618939494933,Test
484.26640979742126,185.36471780126635,Test
115.61547158502432,166.52655007684572,Test
400.133573199235,238.76769636323203,Test
242.34346661437348,280.8254707100458,Test
327.30911937721606,293.6070080911418,Test
251.1300307501925,299.1179952536513,Test
250.68121611352518,284.4452887606542,Test
373.8474426211897,186.27243817554398,Test
292.72241936715886,231.78831947837318,Test
228.22673149895058,335.8083323285793,Test
294.0804278061507,318.4692644263632,Test
295.9202446593726,260.8915910831347,Test
258.65543461155164,119.31773885764726,Test
189.50613350119536,228.59685781536942,Test
261.2517333457029,283.41721459678666,Test
642.9573081093343,246.66424608280923,Test
204.39704130759634,216.25552162783248,Test
366.3047943614131,267.6108097369617,Test
128.1712753009992,238.46690282780497,Test
162.93489845550462,208.7449267391197,Test
167.35529628628382,179.93711653091322,Test
109.90827748469543,216.8162921200032,Test
373.553034651001,216.46910621195136,Test
133.17312921058343,201.32957563782065,Test
75.30935069950922,201.34045003256944,Test
164.430822750839,203.74338960319537,Test
126.00074709861656,212.1364356622825,Test
79.27871765130804,155.39454746911932,Test
66.13777231946959,175.3371885116389,Test
43.790063620269734,185.22375503332236,Test
238.04069457115926,195.3455833535262,Test
43.834143248567926,184.5172249761749,Test
138.22693555091814,168.52055905688468,Test
250.39975071593452,282.5563062143804,Test
314.80053189835024,290.9540112570259,Test
321.3637458306289,271.75369573282546,Test
311.2604926830858,308.54367623487025,Test
355.3773945370318,192.88843971048146,Test
256.5389012109779,245.3527797431023,Test
235.63222520805883,273.6873143341434,Test
270.6940576141129,253.05434412499733,Test
306.9948709946199,245.1476867888316,Test
226.722620393673,198.31032237064474,Test
201.73297513277674,192.4450729793082,Test
241.39934693320274,281.0550920295945,Test
742.0586047754794,271.1934905224734,Test
175.26078593414832,221.86623108600676,Test
321.34294228181534,281.0904709511814,Test
256.5581317140253,286.1006291813191,Test
328.34529694784817,294.5648505001888,Test
291.7701441303585,279.54974787595955,Test
292.9360989154094,310.83235707981163,Test
361.4646424584704,194.35894751104837,Test
289.8838737821442,233.29340762306515,Test
254.71283753685645,314.84032191202556,Test
322.7477576158358,318.63328695357615,Test
309.05706389160156,268.1098810600947,Test
229.3955957138951,135.81059201272114,Test
166.89911285391653,249.75204024729575,Test
244.41601313884146,284.45092493080887,Test
674.8293203389628,246.28350069402862,Test
171.02061101023875,214.19862438080375,Test
411.49737691175403,289.99149642013936,Test
248.07431584629143,288.8030176148322,Test
291.5205508833646,298.69550691228227,Test
238.4520342136706,290.6120618323649,Test
256.0654202368614,291.4389888306219,Test
269.0127500137056,213.30949841333327,Test
246.56971347753637,258.03020498192694,Test
251.10266827635843,322.25409030053265,Test
310.83965829413324,307.5318875817862,Test
286.7443948810778,281.5079079172189,Test
234.5926516409968,152.21399570060817,Test
179.2588183267988,230.35997272276938,Test
231.60215991850734,297.26555569337705,Test
572.8278826121634,256.64875001503816,Test
200.56890314479958,227.90903457758043,Test
315.6151629524944,287.21494764138464,Test
232.3673483430651,250.6143667655675,Test
221.82133774251088,175.8566699445339,Test
215.1284442359228,197.27441377970723,Test
176.4271570306805,210.4561332073663,Test
461.1501077286285,202.94059575890788,Test
216.41304571846428,201.26391830580016,Test
152.43665819848795,172.5231623597507,Test
188.83410784865043,197.92880401011666,Test
177.81541753520168,206.12566131233856,Test
138.52462236431163,139.17946416418766,Test
125.44970298865567,186.81902452966094,Test
157.18646304478386,195.734533198652,Test
339.95989075465343,190.98544822889016,Test
157.35313633546974,217.47128024198577,Test
310.2635463435118,165.92617215327428,Test
240.94109381074853,276.0484929258176,Test
269.19721653837246,184.0726068314025,Test
296.6164995312894,180.9104762427347,Test
213.8201380906406,199.47034852216558,Test
466.2378961959523,190.91737446453163,Test
243.66982831432097,217.12592129203966,Test
211.91608605543826,151.72663981166022,Test
215.77066387576727,214.33520559863598,Test
225.24655164977526,204.1460545959769,Test
192.38670713989825,177.28913777110256,Test
188.19274329628124,162.8298231871574,Test
253.09658180568135,180.35465152067843,Test
385.9250044716958,172.65728161539403,Test
176.20646379410732,226.81205252726,Test
476.5409473846351,213.97248131855258,Test
265.3478071069685,302.94386183939747,Test
348.3380876982399,332.3712406582701,Test
292.1831113756299,294.08227815800154,Test
319.7358677996625,309.714084167357,Test
318.4436770179243,219.0964678351464,Test
318.40927799435076,289.53877791206446,Test
288.8688179106167,308.11872298510343,Test
383.8461734393842,291.2353124682566,Test
313.67694174301744,256.72125184826353,Test
261.0765943051157,180.22385439855685,Test
276.9415185115246,246.62884604830506,Test
263.5110599883606,270.83852033133024,Test
694.3481336968536,266.02886298066653,Test
203.1335955979252,244.2979503138916,Test
424.1088968651481,279.7919828933278,Test
247.15763686171184,192.72836416922127,Test
236.0088003923222,190.00670267177475,Test
259.0744699371169,195.7531786611516,Test
206.8306040604138,183.97294622218178,Test
486.29855089771127,182.34297638570033,Test
241.19039875007718,216.48388019951872,Test
173.86041872850265,149.16744377423376,Test
216.61194405530614,189.03677353268594,Test
202.04183804665723,236.95490694951775,Test
200.7425183971389,169.23515848630356,Test
177.80654213587508,188.32086169349682,Test
220.5292866013546,198.3677520975881,Test
489.02366212698104,217.37294579480093,Test
181.51256094970984,277.6271762428749,Test
355.2755083667996,208.04271596670614,Test
147.9816692720632,269.1874620303074,Test
183.13542527176733,220.29884055447047,Test
189.9016871290208,186.83112713808126,Test
105.11548997506087,265.93112287953403,Test
422.0865281464463,195.23360464366047,Test
133.9990191821348,208.8015961258822,Test
108.04185455211629,235.50171640660758,Test
142.45102155893193,195.27889029920053,Test
134.5523735411233,207.4732575137401,Test
89.99405824229339,165.39777999515928,Test
103.61019530827477,148.69206151450163,Test
48.30125788577381,181.97597227070463,Test
455.65298429289226,183.64806140767433,Test
86.29308498163249,180.25509105235867,Test
253.0495216729119,173.90316262745597,Test
