Loss,PredLoss,Set
195.9958379728995,196.095984376513,Train
323.0740341347961,243.62292828391486,Train
232.1450557713598,232.1195899477512,Train
214.7820374790552,204.24430701523428,Train
226.87245383450207,204.3710922593446,Train
227.75355539789606,192.34303743489568,Train
237.96075723004853,200.27054172659487,Train
230.05120771902017,193.89668649546962,Train
171.1810649321222,186.8998009200289,Train
167.91033674858,198.45442004862196,Train
150.845296487344,193.20855536185715,Train
291.91803944590987,229.4359161457418,Train
123.55888956903252,193.6207160727353,Train
201.39000137248405,209.4751076637422,Train
380.2641342859506,233.1964248103838,Train
340.1217186854916,231.63656609946486,Train
296.08982926340076,207.62652074671382,Train
296.77852887974586,217.90618457744478,Train
195.18781753452677,205.62402749928873,Train
184.56893275133072,195.4706803883047,Train
258.73215510080206,251.31892597497085,Train
268.00417442301983,262.2077782130402,Train
226.78987218795766,255.6139458821378,Train
239.59662501058418,255.4291828478073,Train
258.1739643759573,259.08364927027526,Train
275.68267942640546,257.14284903291116,Train
257.0296248912998,258.0092295857123,Train
266.182744141191,253.1829024681453,Train
221.02459951242932,257.75937216309455,Train
195.32144958014257,249.18466080332487,Train
143.71888352005175,230.8430690793855,Train
235.16857540525734,259.39916358376337,Train
201.93678108270018,254.15184812163915,Train
158.51823009850375,245.9593674951638,Train
284.3683894454615,261.31234101907285,Train
412.1425313956486,265.77567622580654,Train
299.7820382589756,260.384644378056,Train
209.22106526323105,244.1225431021568,Train
255.15965335321098,207.57673355479264,Train
346.2334360246446,259.2533642169496,Train
271.78415103063276,252.94905427734804,Train
250.42684893434642,239.8677528165183,Train
275.65630933119644,230.31907615082127,Train
262.15950350685284,222.76622199698733,Train
249.32143417086394,226.52200792194526,Train
308.8494733159213,219.24680564448707,Train
256.59380435068846,211.57176365222276,Train
220.27122247666767,221.3553777551025,Train
164.9325801175465,192.8778589828795,Train
362.2681179078296,249.6752994615217,Train
222.55855290122778,214.73590884241176,Train
293.5513207013464,219.78811466356598,Train
268.906442923998,253.3853080179821,Train
377.0814800622463,264.2888337231688,Train
288.0138979533699,237.113924383167,Train
268.6244685018097,232.16277336846326,Train
180.38433280444488,224.34120231218668,Train
213.77861017862023,190.61110374476965,Train
282.6444719504802,223.51261109499086,Train
236.3017275473706,188.48199248165236,Train
202.67772386890465,175.24319220460575,Train
225.1745329308347,190.16546075446146,Train
261.8978984216867,219.04431536890618,Train
213.4012506900421,190.21636258907637,Train
230.76649236870475,204.8772672780818,Train
189.81848888914777,192.8617870835142,Train
253.3624694041692,192.15840549131855,Train
247.2950999369379,207.91607742311967,Train
365.1336264413097,233.778759026619,Train
265.82941758978023,215.26034857742732,Train
251.6633128656519,206.02172096282808,Train
186.83942604116203,200.92853922086596,Train
202.3891114709592,201.99676176196294,Train
217.4832193767312,213.91812925271876,Train
157.80364334407346,207.85489042223782,Train
211.65038337298574,196.64116761810646,Train
204.32112191053076,209.08605290874218,Train
205.97281161552098,197.33485198190814,Train
199.3810329017755,188.4387121006615,Train
334.6707450914623,243.28229544465555,Train
257.21913730287224,235.53017594108644,Train
215.10222803317544,202.63509473276844,Train
235.4259382381426,210.9325368660642,Train
236.10758954883283,191.70036722971105,Train
245.2220221573496,203.44661778565944,Train
235.88712315011662,197.7632319337801,Train
197.7913003454559,183.62025503367377,Train
221.36396877274416,197.07329527071153,Train
179.79150860595985,174.24671009662364,Train
331.4191895026753,238.98787198753732,Train
173.7505859918439,195.40430320621346,Train
213.13465453887403,210.34155079683293,Train
387.10811020009277,237.87472263272429,Train
369.4681429111113,232.65256404192306,Train
214.7059975823445,201.7189345389587,Train
298.93423791917326,214.05981424970537,Train
206.70286392159704,200.84275312781426,Train
218.6210715474072,184.81431485211982,Train
277.5612729232307,215.32429855396808,Train
144.99417692621157,173.45262221729155,Train
210.32398940768653,223.86321319472438,Train
176.51901153505952,197.55133210492912,Train
138.70840794979657,176.09798314145345,Train
180.47150163569063,186.50086023994555,Train
199.33472395813237,203.77220202730248,Train
163.30045280749144,182.2887047950249,Train
145.4772196124566,189.09220146739332,Train
167.8476557818547,184.54204883110026,Train
163.33755108087,188.3812585619508,Train
154.4050428331623,183.96253979368217,Train
243.5806206929427,228.27293128140207,Train
195.09838847325182,191.34527920240825,Train
140.08571273141484,190.5913978268198,Train
222.77819158640136,221.00535927716587,Train
194.27808485156845,205.5929312423791,Train
181.56164208400423,194.76246643111455,Train
161.04022691924166,203.91018061296288,Train
113.81383935728077,181.1323270214931,Train
127.39253092735107,185.6462517752817,Train
191.94614704176414,206.26529629501678,Train
193.14535252547392,214.6079394883576,Train
320.77590989478824,252.43196977592095,Train
217.86889180168805,252.4458187702804,Train
203.2869341398237,227.5337730503018,Train
261.42424162632204,227.98467856389254,Train
244.23366078548622,208.22067794839433,Train
244.29189512607024,218.12510401531853,Train
218.20502621028078,211.16319478308156,Train
179.6600635046084,200.73722952265172,Train
204.14925196391877,208.32580229835924,Train
155.40319905116507,185.6434123292538,Train
286.0279783809984,242.54813411377606,Train
261.5232957265299,211.7583529745677,Train
220.4654619650076,220.43253598872832,Train
254.99149965187758,245.33843191675476,Train
306.7940084549266,247.0617233450022,Train
305.5143862316939,232.68960862127759,Train
320.06078065882025,227.33585610501567,Train
269.2759805905587,236.15667685844235,Train
127.39581881125345,188.72376225699196,Train
163.37819404559752,222.4655211952417,Train
149.55446855284714,187.8162039576544,Train
114.76345791127153,173.65773158249655,Train
128.28459533816522,187.41321353542997,Train
153.8798334651195,213.1190061747129,Train
120.14319169403937,185.99492002732114,Train
122.86090099821477,203.85469247292522,Train
117.37125969744619,189.92893720208613,Train
118.0429972784843,213.61393484588987,Train
153.63280188652885,206.74968518670536,Train
234.05350148975182,233.9537199562565,Train
178.36602889245083,208.34597654737652,Train
134.57023858258964,201.1027171502281,Train
129.73368893782595,208.63885584189558,Train
161.9935793266284,202.19379567973508,Train
124.20506431383266,211.62022728807545,Train
127.68882158050215,214.83657886223273,Train
29.29485112663724,193.0458023553117,Train
112.51871800450435,210.7861359680571,Train
185.5737270573037,198.75592764438926,Train
126.9102923588375,186.19633976075903,Train
249.1593316872013,242.38176766260906,Train
174.4187299699294,235.3226419828485,Train
133.63424987888897,202.61741990419142,Train
169.93621044698915,210.21729679995076,Train
178.78108265164957,188.75187203732065,Train
177.05180662595006,201.32576458683255,Train
177.5801208548813,197.91059359580717,Train
137.77234984143206,183.26918155266048,Train
129.76268730387517,190.68554115063924,Train
111.92981733991978,172.1464309414783,Train
265.0166615023111,236.57775568402852,Train
144.4723453409041,196.5413316649987,Train
163.23512364381392,206.75017929613998,Train
283.5747513978686,236.67855704309562,Train
237.4596681514155,231.3393161092,Train
186.00114319370047,201.49757065653563,Train
210.72147361624016,217.40779401890342,Train
185.2706594190348,203.25874710411549,Train
93.7060730880276,185.19965277478826,Train
165.50559716538845,213.29035381780673,Train
150.55082858690434,180.4597500240428,Train
232.40541048715454,224.60895019137416,Train
172.7516084122413,206.42173030927276,Train
149.98209024228834,189.79933851845567,Train
190.3909470178916,202.95122373216498,Train
224.04223654296533,203.62173870300194,Train
167.75333383845822,182.95758342105356,Train
197.16558226447344,196.4148343235169,Train
171.30709488970544,188.16908394921379,Train
103.033386207394,194.5629009516541,Train
86.44088283324693,183.49598209461288,Train
342.9444437487877,236.3132285562151,Train
229.88215017473743,196.66111480986785,Train
209.4844571949346,195.2163480359115,Train
221.8767064018187,226.03074086183705,Train
248.7615658720402,223.87383637737727,Train
250.84605054749034,185.4149934616545,Train
192.53355620295008,210.73981811803907,Train
148.0240828384197,194.55818075349822,Train
105.5267290236581,194.72854957379016,Train
126.66419904938788,204.28962245099788,Train
84.30925716963162,190.88496833765086,Train
218.18467582090483,245.83379020209213,Train
128.65272504060715,233.71336476308167,Train
103.19287883399105,212.2841823253844,Train
141.1524868306914,216.0311385370296,Train
140.60425463664765,202.31608247643027,Train
131.1006700418419,202.46261463329637,Train
147.42158550557173,207.81085757839236,Train
130.13480206657852,191.36521435095932,Train
83.62554080598092,193.52021350260384,Train
42.86827097344391,176.04412676089103,Train
235.16294254218263,238.65887702041755,Train
101.40245093718198,195.7083242578882,Train
148.26261098324707,207.78008217699352,Train
256.6879269038112,250.50494359560378,Train
273.12228150676026,248.97704017037566,Train
133.2032490797239,203.69789455083188,Train
186.2838944754411,216.31881691272167,Train
98.11421769391198,203.01272206716894,Train
61.9605084866799,193.91311466622432,Train
139.22389759911454,220.60473847086743,Train
197.37424189044327,205.18007731964659,Train
221.47869746229472,249.09677446148757,Train
191.41443102709067,236.88907196962825,Train
185.2312407602637,223.6499225275542,Train
214.52724628707523,231.824343991989,Train
247.56963765926446,228.03759555972943,Train
195.2091872032502,217.21450776327188,Train
207.71872715122436,215.1948257585593,Train
195.61217874701896,210.05666376303145,Train
95.50938136013747,199.47197043754784,Train
63.91373165774614,180.8794413182376,Train
213.74788544251103,235.96324010880474,Train
181.29071442745217,206.08626315898562,Train
172.1971661259903,210.80010697025682,Train
278.47351993608265,248.9992885537485,Train
325.33959130645377,253.37924591530333,Train
269.86349645977197,221.26391571712531,Train
214.52122083953083,221.99398228763732,Train
162.4490259801853,207.4793924553049,Train
185.4782132052484,222.40592236159603,Train
281.5318848766467,221.95605404370107,Train
336.1846661974954,261.4845612046081,Train
260.6435512872771,254.1321206320639,Train
287.7610972961034,245.8127890849212,Train
298.000351061999,251.13524772785894,Train
273.6306558063518,244.2136562783433,Train
258.8459327675648,236.1574631813944,Train
302.23691244614304,226.940791970762,Train
239.21993609334214,227.93930369611255,Train
175.1764214451464,220.05226335136442,Train
267.7417403583018,206.60360566231614,Train
346.78575941767855,252.67138278593455,Train
222.53383736911212,223.90649277217253,Train
216.85965988726971,219.89154073306347,Train
285.7851664687511,253.82152593962755,Train
380.4316787464782,264.1946732644968,Train
287.2009102298034,213.41571172487338,Train
384.3884176169564,238.11647589996778,Train
444.4942009079373,238.83868538187866,Train
210.43519601736307,221.26259979261837,Train
168.21059520138238,231.5498988060303,Train
230.6459190058596,218.65375039342015,Train
323.177857986228,260.56230870576206,Train
246.73964942154632,256.38607093707884,Train
231.4286161427394,240.9859075964285,Train
245.11422015091483,242.03137612254633,Train
258.9623742313568,233.43695776198612,Train
242.76429276348372,236.23881433341677,Train
295.3646105055053,222.82473403824883,Train
253.24924208218107,221.45732360568917,Train
173.42668553061486,223.09635396231346,Train
158.74358973734962,197.84795797561551,Train
291.19830028966203,251.66247930938863,Train
203.73043125730177,224.22703951851946,Train
226.45299945789753,222.29844774577472,Train
219.74824336927816,251.96312148454174,Train
365.6746182601002,263.6133519199134,Train
251.14351004881223,214.72327684623053,Train
271.43392451361467,241.48503628887778,Train
308.59586165450764,240.3537781805399,Train
223.55990122848812,223.660338058991,Train
173.13430396456522,232.41227541976107,Train
235.41426453817837,213.367323889691,Train
255.60397915149736,253.42426750407526,Train
237.80746039010654,242.49010010306318,Train
227.27635889720307,230.01619430887376,Train
248.76113318720542,241.32261803049298,Train
246.08918953810942,235.9264389502902,Train
224.69773807261993,220.34674137345812,Train
241.960406312373,219.98169385685003,Train
204.35020306265906,218.6697857035579,Train
121.63527126670137,210.80079854006408,Train
106.39660472681034,183.73952309241966,Train
287.19066790521106,239.25128429280582,Train
229.5762117064379,216.4185137020332,Train
216.8876362422671,214.196517112509,Train
298.0051936984876,245.71298121169588,Train
302.8976708195962,252.61789025399798,Train
287.36694083739735,208.08737475989824,Train
341.09863188931035,225.2101212635222,Train
260.74274397533503,221.26492779667876,Train
194.08195790613945,215.3353880186113,Train
193.01823124971992,225.0565318789715,Train
202.9186489177355,207.8155269945463,Train
261.1905363879031,251.7170822432391,Train
218.47512512709875,235.96054783296256,Train
198.93741202744457,224.4088621986863,Train
244.12667382499865,231.39809193768968,Train
267.1022392841636,224.7097087073005,Train
192.43552746962607,216.27212672703362,Train
238.55727608529327,216.68636039658242,Train
198.64156605441124,209.66730928043492,Train
138.5013273505228,200.7942479301651,Train
112.21149207942187,180.62934142687928,Train
257.29753116274577,240.58434731820995,Train
225.8741633782597,206.31790903827815,Train
205.7294748828586,211.95000481034728,Train
297.0770543466903,246.88549986405144,Train
304.6989827229429,256.0639749821614,Train
235.0328245369442,205.8064946800136,Train
279.6533130996071,225.66414066277645,Train
235.56044841093134,226.21223050836008,Train
176.01008586878973,189.3430128136539,Train
222.62598479067404,222.49015366512634,Train
190.0658896745684,191.10523353068854,Train
152.84748163952915,173.5287354847486,Train
199.42351713296446,196.08660596022915,Train
225.65713226669087,221.10351792924172,Train
184.42177639123784,188.8899656873226,Train
188.98362449286955,201.6464167388002,Train
151.8891102973039,187.03355988914774,Train
154.18928200022506,205.48043622431877,Train
206.07596073732316,205.97624128182562,Train
262.2010841636901,235.77278423547975,Train
193.2314835144815,213.4231919554698,Train
246.06084243066675,209.18600163799653,Train
186.47425836673912,211.8638611693649,Train
182.31454743634765,213.41933351720488,Train
162.91840462159183,211.92426446533466,Train
216.8366338682053,209.97981488481966,Train
158.56923517618816,194.2218028926589,Train
214.89717535319303,206.00103955122876,Train
195.8275539762618,196.56561884729746,Train
120.44141586789372,182.74428174167747,Train
205.46347491636254,229.21432322489514,Train
145.8193589425253,213.67801529620692,Train
119.56860634521352,189.71122751661233,Train
160.6756113243468,202.82828604810905,Train
204.94776491748516,200.5060665976873,Train
139.07896193081135,186.61266087468522,Train
153.26724439871992,196.868397220669,Train
169.97534400915643,184.80850947425452,Train
87.93590712601242,179.97858094177462,Train
119.30406037261655,174.9251471317118,Train
272.3953954374339,238.11763960100842,Train
162.16502574022041,189.62162514310543,Train
177.36156257999156,195.787884974333,Train
242.4195558261357,227.5012722873009,Train
193.3414619299524,220.80503735627602,Train
122.80445560926432,209.34497840981842,Train
164.12117400734786,187.61068706781128,Train
89.47583859599635,187.38872229886528,Train
172.07505392036927,204.8400373764855,Train
162.9852526308339,189.85089760483555,Train
232.29959124629013,235.5163345161275,Train
189.69025193887808,221.42440826167856,Train
156.20114369098064,202.27356633796117,Train
184.21397942498749,218.03133855199317,Train
224.70565481968623,212.05601540673322,Train
160.57356686919934,197.2932171520881,Train
206.51669526151204,208.544863378169,Train
173.5298121864433,195.9681330603595,Train
66.62408994583103,190.5679655113019,Train
102.82398769380265,180.28928466973244,Train
286.0684175890543,228.54020570516545,Train
229.51661949192146,192.09240901453774,Train
146.23738268411194,194.50981038122967,Train
207.89109358808474,232.10734558874503,Train
283.24893281899926,233.05773598821537,Train
182.4457340924455,197.05743755980453,Train
122.06736578138101,210.4028969508276,Train
129.06382788580623,199.25571991302024,Train
18.177620343827527,193.63038172926463,Train
244.45943164155997,186.9797263614202,Train
323.6588270714831,220.3216479363654,Train
258.1395703828766,190.4596913187637,Train
248.19457620666014,177.6391543341792,Train
287.6145539410155,197.25255769794052,Train
285.14354366410305,217.51747649247028,Train
271.22236035584433,182.71501291267342,Train
293.46754380671416,200.26331528882255,Train
248.03365384158326,189.85623275347672,Train
217.0080435283963,202.11296483088674,Train
290.27088122208596,193.15970801134046,Train
355.0456571829949,225.7155743214295,Train
325.03207269233496,195.98400584946026,Train
307.2586241303768,200.06319183588056,Train
145.70972385544405,194.887789119602,Train
220.86344290519745,235.35624698095538,Train
180.7238764863508,225.5256132577614,Train
153.73989384973473,208.8536739432875,Train
177.54608848650605,222.91842062333933,Train
238.69131005047643,220.5483410604633,Train
169.26384745360002,198.62641769646214,Train
195.7941070085258,205.29909506848375,Train
169.58656350196893,201.25015987101915,Train
94.7763763730422,194.99835352923395,Train
89.94256056719333,183.22325748247692,Train
256.42867566614194,227.56894505959437,Train
215.38287513515303,200.0583851683897,Train
174.4453161745697,201.97222645428442,Train
234.53130271353734,237.18080583337587,Train
273.965747571669,237.89715539026867,Train
179.75623843354688,196.65289008410258,Train
219.47553082291068,218.20462150244384,Train
145.32362473976048,207.97671244230537,Train
130.90847227099255,197.92540766858923,Train
176.55621715591803,223.3033743680283,Train
309.46297012791274,239.44451300244722,Train
374.92211808293297,263.70392534524586,Train
300.90012107271536,256.913991346602,Train
314.7311049677606,251.47974546892306,Train
298.9136319238636,257.7947173396504,Train
313.4191534200389,252.4885719712101,Train
310.7400359992481,247.26117597909692,Train
319.34723497281516,242.1486807591857,Train
249.0045339687614,243.0518080487599,Train
231.73253365074473,230.43051236350172,Train
197.52446115216728,205.45664216425027,Train
371.6354768542537,259.078206301438,Train
280.3802683597854,234.68068783373985,Train
291.0131914612,229.45720269629717,Train
303.71897137855376,254.83124796867097,Train
341.21511048099563,266.69546943862963,Train
300.19135348618755,224.07498010253673,Train
272.0796986978041,241.84761254872018,Train
290.0550890009651,232.80670673897387,Train
251.2491895110643,236.43142662873035,Train
191.66178577214893,211.2629279275881,Train
237.4703090216375,255.3531261279993,Train
199.0292135407414,240.38136401286565,Train
202.68718185630325,232.00709413335028,Train
212.4791203989456,227.9916065941985,Train
210.07953979191234,224.25364651734733,Train
176.48128093384952,223.8689991435311,Train
221.8383724909326,219.48379966643859,Train
157.03791925042748,214.24867380445298,Train
111.5262489149276,204.5601646813885,Train
162.16382001439732,183.90065043076234,Train
250.27449112215749,245.7403682711373,Train
220.33915704855445,213.37446909877926,Train
211.80912234585327,214.36878159451285,Train
237.24429170183691,252.08589514546387,Train
261.7710307058678,255.39971919782695,Train
216.2315408259488,209.6870227391436,Train
323.98476042872255,227.81613646612348,Train
199.680689514189,233.43667955064396,Train
47.707170112932175,210.83549202787208,Train
157.9006761332002,223.26195966595105,Train
196.13021501493844,175.608626763303,Train
262.5252175874123,221.76972898002046,Train
204.4156514838042,201.78492721082424,Train
184.19212091999117,183.56320142073588,Train
229.93607317486484,194.67504756017087,Train
238.3083941896527,208.66936713269635,Train
205.67985511025358,181.08089171608668,Train
211.63242267077595,187.79306108250177,Train
216.2729560868087,182.55091200680053,Train
176.6646044419241,180.595372435723,Train
148.85987458133206,181.45982604956023,Train
342.1270565689049,235.22488372112772,Train
256.98905972140665,195.5551127861048,Train
229.62396532788904,197.1912370195661,Train
308.12569042596107,224.92354416518722,Train
339.4022792857169,218.17773989997826,Train
262.46796198121064,189.38892542806977,Train
290.40031797801373,203.76994419368157,Train
126.74934727612626,188.12025044328152,Train
172.75511441317354,191.18507362248621,Train
208.19742577627932,200.6970909943264,Train
337.51782379349737,240.6681305992032,Train
388.73635256743614,265.3705258760025,Train
334.0885709294695,261.28887184985285,Train
347.1343180357684,254.11069321464586,Train
348.97851302577544,257.67521728047313,Train
338.401604917478,253.80809828362933,Train
325.61508722164484,250.67587921341067,Train
365.5182470769787,244.07967774641153,Train
326.15598245030384,244.3962089216921,Train
279.62631255943785,231.70967633800694,Train
270.69349538892277,217.2195334968754,Train
466.4909084888722,258.6314733839805,Train
299.7484359925516,237.51939608944824,Train
268.73921734385215,238.66493446250564,Train
418.8453872640255,256.7394740675026,Train
409.9837547838747,274.9359103674307,Train
258.7997656741374,219.42258419838282,Train
328.08481103181975,252.15750474683503,Train
318.9388908569215,252.5741133007042,Train
333.0355686947547,232.4359404789555,Train
282.3541539093834,238.56772833960122,Train
189.22657356054373,175.27400309140293,Train
297.75761097695795,234.82312540771716,Train
206.60537182292498,216.07978927318456,Train
185.63650246968808,185.0619628556006,Train
217.8803171425678,196.5596337486627,Train
222.1979494303808,191.64989371185774,Train
200.60524629017152,186.0395884140076,Train
224.00408632473057,190.8509646260054,Train
207.14185612187865,181.28143400351735,Train
232.7149489574616,184.09281779733323,Train
139.103140233796,167.12122147037599,Train
308.4940567898329,236.8978167503753,Train
200.24225403362126,197.7024563358412,Train
190.70639392993806,208.1308809400251,Train
325.80115971017426,232.11757186072396,Train
284.0803010983546,224.17570704212756,Train
230.95308432227395,206.46052990796733,Train
251.96186814293893,213.3305467860594,Train
171.7566525603492,182.22737351901736,Train
113.0362949928338,186.34561880275447,Train
228.15422318540595,206.50133502895915,Train
229.96597852820474,246.77120443943798,Train
302.6993320676093,265.1001360529325,Train
225.39129732925022,257.6121353773207,Train
239.3510739915892,254.8133614758239,Train
264.1212884373223,260.53096972440727,Train
250.91555466412993,256.3325717797943,Train
243.27426846623456,254.12979783923035,Train
263.4411398173938,248.9621791940727,Train
274.6848663397733,248.14478299025933,Train
134.13487449433535,237.93870631239346,Train
93.77874316416924,219.61754811813054,Train
340.6754166182173,262.60289356980786,Train
173.85379279521035,246.03131878920024,Train
189.01705609364592,241.13509444072082,Train
306.1502467251197,259.6060144201465,Train
304.572136900345,265.8200368184424,Train
167.94350531383265,232.9474904925748,Train
260.5183244780361,253.62088722052832,Train
199.3965943929554,252.36411763157008,Train
280.5995233819336,239.7095931640748,Train
232.763486474942,240.32247848982382,Train
166.64144659567577,199.86054425451877,Train
280.3735131352564,251.28399065465408,Train
189.6616179388277,246.19429565584244,Train
158.4151835659148,221.98076595872504,Train
210.46632476450395,224.6273279226091,Train
208.0229873771347,199.31976416800273,Train
184.39614820713933,215.15307659083481,Train
196.3587882732226,208.37137931875787,Train
187.0274220888505,189.9445910853624,Train
133.94470230240518,203.22516561891425,Train
122.32977873908153,177.68686642252965,Train
261.13693040349875,236.63867967294658,Train
140.4423595148795,201.07725012848942,Train
194.2224717877586,209.45875243693987,Train
234.92887900271216,239.81423574416337,Train
254.08907944426727,237.22882059053853,Train
241.87850677798025,207.02125429073612,Train
319.55996937916393,225.8683866677907,Train
163.73346724781783,213.50734665699707,Train
149.45472940744634,195.33210445381462,Train
216.2565687875372,220.08317254831417,Train
184.45051954939836,171.7285944110322,Train
243.51669193371913,216.68033455913238,Train
202.8547140529302,187.6162492956808,Train
179.10944696600524,171.0383208396318,Train
224.7999107239758,185.64462587263887,Train
243.68327056249478,206.96303957197313,Train
218.1835355421835,180.7159752546101,Train
182.5891426933776,191.53624152488993,Train
232.8560389513733,179.93914353026514,Train
212.54255991379273,179.12159893490423,Train
125.88893956900363,187.88617518987542,Train
291.58254218988714,228.90881815804397,Train
200.21483793762124,191.78043356884353,Train
232.51274079410734,190.62185950924248,Train
252.06552210657048,213.1249089107144,Train
273.0349039861873,203.3788299037225,Train
161.84511145236036,192.89589068103916,Train
277.3339105277855,202.68694555327238,Train
138.60130121246323,178.63032632913018,Train
174.32071840827152,182.93216667856993,Train
199.57185740957533,202.53832762610188,Train
278.4687497024835,244.53437211902335,Train
340.1304040732348,264.09945041920827,Train
282.0815095948088,260.2371313066949,Train
291.6936661449288,253.5295378616575,Train
305.32403725500296,259.87706600058505,Train
263.43795492689793,255.97434051931032,Train
273.03391400892815,249.5184057048193,Train
274.1460479100687,241.2319893112199,Train
281.06130500496045,239.71274430486488,Train
205.6745513877116,227.4329269114811,Train
217.45797832491095,210.5708905017483,Train
362.8208648018941,259.16441947183995,Train
248.74705945463865,236.74018524064132,Train
250.0055059638534,236.4803385473013,Train
306.0296382267744,258.23839052370215,Train
376.7987766648755,270.3094195093677,Train
212.36026111974348,222.87082570008837,Train
253.82606034414283,245.5292376878885,Train
300.7326831324642,233.6011222607626,Train
153.6374499290764,182.1270242848089,Train
277.0029151942541,241.23763850508604,Train
179.12307468081008,228.8917156046958,Train
165.29997339962725,202.1065150227496,Train
192.3523230242381,198.07148958315264,Train
182.885894230343,192.45691713564216,Train
197.722787124522,197.29848289256577,Train
175.01462064357918,189.72246190467243,Train
113.3075391517045,183.2520701243791,Train
205.87718872561334,198.78876294486503,Train
139.12090816136921,175.7372648745564,Train
271.50169162713655,240.4331816267431,Train
155.36058374393866,196.90762013589605,Train
174.36600011837746,217.55469429297722,Train
387.76931675450436,241.43853400709398,Train
334.05352629920486,232.92558931033435,Train
200.2555833396842,202.07383223351917,Train
213.06915764826817,213.16915375131407,Train
83.39424922495694,188.25107648100283,Train
55.073613988840236,187.046633681332,Train
200.17898418264798,212.49651270597468,Train
109.11974265554153,174.0689176943826,Train
220.76122440887997,231.96476896796958,Train
159.20700482484298,211.9961234368811,Train
128.52895652946864,186.83345366064663,Train
185.8807284526816,192.95605539649742,Train
176.92913113269844,199.89403980156592,Train
163.1064081658192,185.50918917703495,Train
154.6851497087136,188.92193323322815,Train
174.0933899904464,183.690462663144,Train
112.64685172059369,193.99709175903473,Train
133.5970646732445,173.1609512588803,Train
262.45968441798885,232.69780457149696,Train
202.05153728115295,195.45668169074972,Train
154.4680308470744,208.88327774062378,Train
296.8883178396935,232.70175973414425,Train
251.01522138324324,217.26843551345002,Train
211.617151463631,205.53738378838204,Train
174.58324553506992,207.03257722048411,Train
81.46350359756042,178.5577411916436,Train
128.1026941254499,185.491962163592,Train
152.4740211225032,172.19202154681489,Train
235.4093737907243,225.21973754695136,Train
165.8532699766824,197.06617221214344,Train
138.18172677249697,175.66614513705528,Train
173.37161383460767,183.69905544282693,Train
188.48113445121527,201.07586954868242,Train
165.12937999055714,181.14375206621932,Train
152.8902533740163,191.01061863970511,Train
157.5944976733916,185.04536061545974,Train
177.95047599456876,193.45832394426128,Train
148.6992394556641,183.84216886943778,Train
241.9005671550047,226.83171704911155,Train
201.48956269171143,191.7947544798879,Train
174.72037920472368,197.11362550239613,Train
245.6929889068963,221.42943526113248,Train
200.0338634388115,208.09940167884278,Train
182.77862990831244,201.9573043958688,Train
170.70741958537462,198.35716145105062,Train
103.97023246999782,177.2453497916289,Train
106.75814761514495,187.92884060150942,Train
194.99792786192782,202.1605277490193,Train
192.61223444148249,180.69287405479082,Train
260.3774728938441,219.40741575487496,Train
217.35259269980415,199.52142385542135,Train
194.1514741317146,183.5947471693899,Train
247.88874451160234,193.72943738521354,Train
256.6373171556694,206.4833196578736,Train
201.4872544250979,177.4880110689918,Train
199.1742980837692,192.8058574206005,Train
218.10227904694713,183.36461113254768,Train
171.57386154488552,180.3073531207745,Train
160.4929286226133,187.41370472506352,Train
356.63494110069354,230.70312618095198,Train
235.1892489499,194.99130838007522,Train
197.02275357760215,197.1229688746109,Train
311.413941094835,219.75159876643073,Train
282.7562559154069,217.64593561838717,Train
230.8135286144112,191.2493851985446,Train
425.4343253905636,205.04152131116703,Train
176.4186462438638,186.48681235058075,Train
194.94712819944436,187.76193974176638,Train
225.57786018190785,198.287764125744,Train
298.18824191386636,244.8179693898774,Train
349.8014602598741,264.7196660233307,Train
297.98699223067877,261.93107323411266,Train
293.21584232372663,255.38253514548387,Train
302.9940938678694,257.3043787347837,Train
327.22089408365025,255.28915924622717,Train
299.48687288537093,255.2931499793042,Train
296.68798996266094,246.33875753312353,Train
271.3168862392822,248.44497416140615,Train
216.39058718402492,235.53973798301013,Train
282.16913594898426,218.75437831534163,Train
394.82493806912316,258.94889316302186,Train
226.2323963712937,238.55195418807216,Train
220.0860562470186,235.99412613151216,Train
400.2015183579054,263.30285899876907,Train
396.7124056179331,275.4728787672901,Train
224.4563483532794,229.1126248002019,Train
282.1329066851351,251.46157024594382,Train
307.27885311417475,237.37993927383974,Train
269.51102883187525,242.330678198653,Train
243.65309956663472,215.20550183351156,Train
292.29135653090975,255.44587833403682,Train
241.15469921660423,243.40646378976308,Train
234.9231873261454,233.8393729831501,Train
263.29134986699944,245.8605453225634,Train
261.196494265629,232.68914189824918,Train
249.84279539112094,233.00268250149733,Train
274.05019149061445,222.23301143810863,Train
215.8862048440642,220.95354227416783,Train
133.37496167212242,207.34120088102674,Train
144.97625255778752,185.49653035627918,Train
307.3315612227377,243.6514121828535,Train
244.2479658869063,214.15704137393453,Train
220.60488035312767,211.05091153189932,Train
308.6216135499374,249.9322968483712,Train
305.85730646078474,260.77566152382917,Train
305.40232581586713,212.32626572407645,Train
308.3288565488,231.09552842780232,Train
240.78689865958302,228.70192812408507,Train
157.57773648166852,210.04182173879326,Train
316.1956974349015,223.10806286810129,Train
379.0008996370611,262.46845678359585,Train
335.11131211957616,257.2844325590277,Train
334.28413515062994,247.7436723661418,Train
337.32498108703135,246.4394047325686,Train
330.36032724325787,243.73034650650905,Train
325.21903923776455,233.71205027613095,Train
338.0897880177437,236.07098750168092,Train
281.40487209210966,237.44083855757785,Train
260.79120384149127,219.73565910188074,Train
315.15017326212677,208.79477326801185,Train
455.1064892328783,245.05749851031985,Train
267.6019063814145,232.03881757337783,Train
268.1362233907143,219.23791053901638,Train
372.7235801683006,249.66645369073706,Train
425.4920091095757,265.32047186806915,Train
298.164100571718,215.63964593395553,Train
411.9498368066505,238.38822955454518,Train
420.699217814373,239.07603056438037,Train
313.0165251080307,227.40130585182098,Train
295.28891414818844,232.84754701697955,Train
163.47538991077775,213.04688116472002,Train
283.7848923197034,254.56619795647492,Train
182.49613190758302,252.71704992536127,Train
168.71558129936997,230.32055855586427,Train
213.58382713830474,230.92724958721482,Train
214.6380269143047,213.31950643702544,Train
194.55683994016567,223.42719852386776,Train
210.32577353511897,215.53118137591576,Train
159.09019703688747,202.5983765377284,Train
131.9915568173684,208.92686254988945,Train
96.43983541033121,183.86521212215135,Train
249.61943934888671,242.80885394122902,Train
143.6031738844421,212.39804417390883,Train
201.02757998724763,215.15122224477733,Train
203.61212284791407,242.8974070302292,Train
285.59539293636783,250.92232726367988,Train
185.8895923089695,209.52792838026107,Train
288.4373372758307,227.33784120283838,Train
262.13862783695095,223.775762602462,Train
165.9269272371033,198.85716615855702,Train
221.5132288427533,225.47806031507272,Train
203.76842347996768,192.3152272273347,Train
168.7560636839452,179.85866221725414,Train
172.66737152063104,196.12710768725964,Train
225.9619928839906,222.3610624604584,Train
179.77032145933268,197.6118371579114,Train
164.65315630465142,208.3046954380381,Train
137.31006635667757,196.21632733687812,Train
208.93641560517418,208.83648458774718,Train
224.0819071380113,220.20494051933244,Train
264.14954514067597,236.09591133064518,Train
240.2295136167208,223.76662021104812,Train
209.7655930826703,212.01952889978187,Train
184.2415948373252,210.83875014934145,Train
210.51129353907663,212.07507878338154,Train
215.67077671332032,220.10567452851242,Train
206.77370758188468,211.90167360063026,Train
196.77008614476972,200.0466841246656,Train
143.7533183115827,215.72631604702994,Train
204.24318635350244,201.92881163111917,Train
317.6280914570964,245.7334765220024,Train
358.81283452381643,265.13224400207224,Train
295.7620906609159,259.0862303893863,Train
304.6409292850286,255.22374930436658,Train
325.58370256346313,259.0227367905858,Train
325.0934185950374,254.7296625190183,Train
317.31066256236363,257.09942778329406,Train
282.2306321379303,251.80797243425215,Train
277.8483104975472,252.78764846188602,Train
274.2262588037767,242.85475458812766,Train
225.8362463700386,224.1496874921519,Train
426.9359233542993,262.99766838465615,Train
281.15819240223937,252.95285022792598,Train
240.41106732295316,245.49619462168198,Train
422.9132582762661,267.43776753992574,Train
359.04420356739934,270.1851702351927,Train
283.0645152607922,232.89709902918747,Train
330.78882309208115,257.10944395551616,Train
193.62084160963116,193.52083765544847,Train
247.1751649980999,222.37124606225095,Train
204.06655565419896,189.58987132511643,Train
180.8189224535958,174.3691269091845,Train
216.42054439696489,198.62997256697332,Train
246.08850198624185,223.26858789006312,Train
204.38964812076574,190.57191055922084,Train
207.91403681682766,206.6751643008472,Train
177.57228632681836,191.57435046989332,Train
162.86296236091974,204.8938227249371,Train
238.25894648694322,210.39099639346972,Train
272.7499087333356,231.56263460241618,Train
223.65713209528695,212.67797202636794,Train
290.25191971037174,210.4517055226214,Train
197.60515238655404,204.6966583416371,Train
215.57774981062073,205.9472580474761,Train
172.88628760144894,208.78468868818194,Train
215.04594931586973,209.15719661139943,Train
257.0067349538833,191.79090918655064,Train
219.24379924423755,202.71263873563765,Train
182.83167800068907,193.903999878869,Train
229.02082562184407,179.99616380166492,Train
307.379114807309,214.7387887950424,Train
239.80203480942384,193.3899735213139,Train
234.06349696634356,175.6619506730273,Train
269.51153091715776,188.07243152896655,Train
292.13967555040085,209.54301605222534,Train
253.60857353193177,185.9905139460417,Train
235.2235184804719,192.4384698789971,Train
239.64652471707825,181.430804939351,Train
218.31537069452293,190.65223519402986,Train
219.12304797571034,191.126448875875,Train
340.4076715913212,231.58955783949824,Train
248.048739695503,191.90000492242643,Train
275.8769576280639,195.60529330644562,Train
301.730983696981,220.7737832161506,Train
295.94254933529044,214.2564414492455,Train
244.5656849236342,195.49561929193953,Train
537.7221595942773,208.437824918593,Train
190.51197334721968,175.68879120811465,Train
247.60688237955333,182.16928627050706,Train
237.44161810000293,207.78017641352923,Train
200.45580494919557,180.86535064668757,Train
267.78392584785047,217.99348128088005,Train
209.86981218509771,186.90093761875661,Train
175.7383337706089,169.68824934596097,Train
222.19475824492935,194.26518685366187,Train
255.11752155428235,217.19118799078595,Train
219.2121992468255,180.91554037243677,Train
183.2341776350652,198.86891837148278,Train
177.34320064781326,182.29299053036596,Train
157.68084871496114,186.01589201051263,Train
167.87178751339573,196.56857244257066,Train
336.2909781275566,227.17509502075848,Train
211.9973413763252,202.24746879683514,Train
278.9897708598538,199.47085379689685,Train
224.08898871823834,208.11255655031687,Train
243.63527431435045,203.18657169375072,Train
200.62900234035004,206.36203221750057,Train
137.97108572744918,187.95967639449765,Train
151.57007060236987,190.80371508282713,Train
164.31933889468198,197.1052273782318,Train
120.24420498482897,172.60074143527117,Train
207.72585039783112,227.39146310419352,Train
127.99795974125246,200.52595317979987,Train
107.50051911148864,177.00825639447237,Train
162.29795175979083,188.28107424769684,Train
163.65487891921492,198.24522127633912,Train
134.9275076551184,179.0144324449479,Train
125.92880613632386,188.69267487773308,Train
138.36110342076987,181.8187865571645,Train
163.46305252691448,183.48825741154948,Train
115.78164812745096,176.9616066484844,Train
252.60484307597778,230.60418788709225,Train
169.53023063719743,194.344470211957,Train
129.34831754649258,201.41174555986993,Train
233.5562406859175,229.74296752985268,Train
209.5510255853834,217.9232360151477,Train
153.72360478136653,204.69940385270453,Train
121.306863173418,200.04873830425717,Train
58.75080076153769,177.32872688390358,Train
79.3892742541233,186.38650778623432,Train
209.6707135259822,201.44467582135883,Train
347.339082260435,199.63320309281076,Train
405.35427741899287,220.5107202293462,Train
355.5365824947312,191.55248445465196,Train
348.19201097551513,180.80697386731356,Train
350.6030803568983,192.5194956509706,Train
354.229865752391,222.5490683314929,Train
331.39044132615464,197.00355605308093,Train
400.5861175712179,205.53211488029086,Train
314.8394603635491,192.11379458324842,Train
347.0449172983677,196.3203872219235,Train
440.2489699978077,213.7165767307501,Train
432.28560916079033,226.44068030465155,Train
422.2036870046255,206.10159139834025,Train
354.5158544592222,204.02373617076947,Train
316.65421294595376,215.61776119052132,Train
322.7855148276139,212.89023047621032,Train
374.2382192237137,200.38235794559841,Train
332.0578355592319,194.94355384393617,Train
170.07295345599834,174.33118304255936,Train
217.80490078919237,222.3671212972285,Train
183.96821056062458,189.91527544928223,Train
149.64066388706073,172.9108685904495,Train
201.69447331115663,184.64412003866903,Train
217.03278186953966,201.1781194937787,Train
184.33381138991876,184.527656882945,Train
183.6781107622863,191.0614438462701,Train
205.97335816252013,182.60799465157783,Train
162.104401080507,192.35104727297488,Train
142.4024026350948,182.12493435918938,Train
283.90759109360783,226.61069337124587,Train
193.12688440072995,189.6074288845942,Train
176.55233994359446,189.88606416009614,Train
236.9553930509765,216.68005859414222,Train
195.08617153197451,203.81226351610874,Train
179.079325375411,192.71461840833234,Train
225.96460839410082,205.34579210765943,Train
132.7420205880441,184.08940212876027,Train
124.5465251257358,182.73723800599222,Train
247.8313810301055,225.31597068695098,Train
298.8452025962001,258.5317610131355,Train
259.0520871856033,248.24969775688444,Train
265.5297938599869,242.2570626988318,Train
282.3632211921599,249.63125622922146,Train
279.252199984211,245.9600400170866,Train
262.32577405206445,228.32837940063058,Train
282.74249774819,223.98940840757342,Train
230.41995752487054,225.0242007206997,Train
166.38298790103335,213.6509902361723,Train
146.39646581887988,192.7809752265985,Train
357.99866760704333,250.95745932074658,Train
232.82586231640806,217.94072938547484,Train
216.43983001764485,216.33967141143856,Train
251.54347071923434,253.15501660785046,Train
312.63586761835074,265.80701140085523,Train
285.88388441269586,235.2718407594361,Train
287.17995032859614,228.51701761258022,Train
293.55224766622814,224.4526175493989,Train
234.76619719785208,229.80435177027056,Train
170.96867726766507,177.61750088665366,Train
222.47428050336106,220.4471997623512,Train
199.95177075050262,186.5694351378158,Train
166.01192928980598,171.13522525795602,Train
196.7320065930368,187.3406179109703,Train
219.3158635143796,211.02980077574736,Train
173.8187928626929,180.9956385034273,Train
198.6323906156225,198.57313456387112,Train
175.4664174920695,184.33963251319642,Train
213.3876571107567,194.31032719566835,Train
171.32873048182194,200.4602433205579,Train
266.3646818303221,233.327871571136,Train
205.21011295425774,202.51947322772747,Train
184.72202601051015,195.44797422380475,Train
206.8716459887606,207.64777435842572,Train
224.30964848323055,196.78509999613996,Train
239.02848030363572,205.0454057796917,Train
195.48774789932799,206.0153554666058,Train
139.88745127030725,190.1396593426868,Train
159.05871637152939,198.21620138871435,Train
210.55816533812686,198.65955727255187,Train
179.3751669437614,177.89826765683685,Train
241.08987833854945,225.1999799355676,Train
189.7523435211953,204.7763616482385,Train
162.42489421261052,187.78747272404408,Train
210.99873146348142,189.9553915678968,Train
229.84094822224046,205.7165963494336,Train
179.6727021760866,179.2734905071928,Train
186.0959241040876,194.9676860483323,Train
243.4111132904264,182.74712735820282,Train
220.800717872924,180.07447731979414,Train
117.18754834569522,185.37161289258393,Train
297.2501914300966,237.29956564578637,Train
210.07217123866315,193.33644532438126,Train
225.01920340056114,194.5282070681423,Train
223.68203586041255,223.58150514594618,Train
270.0378553562592,217.43450135096438,Train
205.78213054813745,194.92867215297488,Train
199.51992067359515,205.69643573337888,Train
133.30122573263247,190.5235203323479,Train
150.6831963622434,196.24936120025185,Train
174.49438065144554,203.8838921042001,Train
113.5979860115927,183.6425974782761,Train
231.2930637801834,235.1636624346755,Train
150.89905666721504,220.57499553015433,Train
110.76688662746355,191.59527539867074,Train
142.3224151768097,203.2882652188539,Train
162.1656909264305,194.08201125886183,Train
138.6330146584117,193.69248147748496,Train
146.03634177078538,191.90644625142897,Train
152.23567532712087,181.33793699794418,Train
114.75220183774343,185.51659006955816,Train
89.61304948352688,184.36792187113318,Train
273.8482262048577,240.20460595752368,Train
155.93796763017707,193.9172923404618,Train
205.9855829487061,201.73903942220397,Train
263.90912631744567,228.53320613383815,Train
210.4389650808585,211.26176488377382,Train
141.07830964114987,189.61288946889607,Train
246.8905435793946,212.849655399221,Train
123.6256668955931,195.8312720804637,Train
51.208062070424916,192.20476339486777,Train
171.26458166185077,209.4252619838394,Train
153.06049796854867,173.9492942186964,Train
271.9582841469138,232.19184593573854,Train
178.92125216763156,216.9416669078187,Train
134.2447643994094,186.3896566940656,Train
187.85425483588273,196.87121138160165,Train
185.85264069139967,193.48851137015663,Train
175.13135092436633,185.3564023169142,Train
183.17070645498885,187.69620503404357,Train
156.81480333246506,178.2824589936947,Train
179.42347711721078,188.74303039967086,Train
94.18583591732347,169.75473448617169,Train
271.27947696874276,237.4043920487189,Train
160.49592167336112,200.73260581799704,Train
137.12326705712263,209.87156928250943,Train
308.2302221535457,229.18116034346895,Train
229.12108901343373,222.8063543028328,Train
173.63687917604767,205.3697780053087,Train
233.5480779291122,214.20455433249668,Train
90.70468527262722,182.91206694603554,Train
75.02501716580372,193.98182842930908,Train
123.60426375955821,174.71539867505936,Train
186.94240787789536,227.10041568157166,Train
140.34879548854,211.3702594317738,Train
110.13776703102138,185.43218492288145,Train
161.17266615166773,196.58518844934426,Train
194.5906744333156,200.33208852027164,Train
137.2996124434295,187.88194635892646,Train
177.0559884421028,191.1278738187593,Train
158.39348553910992,185.75597054428948,Train
127.25814700283279,177.3085777486252,Train
81.78522003228026,184.86253775211787,Train
259.58768574722126,234.88875622699788,Train
174.40216510091017,192.04249079598839,Train
172.23661644596615,195.30110514875784,Train
209.5700106662413,224.13114357055255,Train
253.12631359235772,223.89195971880932,Train
169.61047491890855,191.54259164169048,Train
150.72337687788354,212.69850909104127,Train
82.71501946928264,184.02012594880094,Train
73.12161850214127,184.44333411447244,Train
183.98452654935343,206.51342106284446,Train
76.81271030255671,188.5105898507883,Train
201.60877931908425,237.58949946328522,Train
107.32809183538305,229.38251030246164,Train
88.26579238285754,207.839143683611,Train
128.00442179952034,214.94927200585698,Train
158.51444713537842,199.6260744787318,Train
115.16721920107756,199.23398648345463,Train
132.2508680745785,207.48847876489384,Train
121.59195216387907,197.8187846935953,Train
35.96214149246468,192.43516065137467,Train
23.91817341509426,175.2253339994178,Train
202.81614688327218,242.80710324187416,Train
108.85335985456955,188.14089288892575,Train
128.01689102747912,205.14192169361323,Train
210.08000026341614,236.11523642152773,Train
272.8138266984928,237.53846544105954,Train
153.08756814729588,192.62055140502179,Train
120.0194277009657,214.59750929200078,Train
107.45940535950223,202.00788353660138,Train
35.107438478095574,185.29036821399328,Train
129.86371499117593,215.39911329460463,Train
152.6549738207824,202.39994763756522,Train
270.6158145978828,254.0457753167547,Train
189.46259335540117,246.4885991804402,Train
169.9582180186468,226.84882717451865,Train
215.56309174894136,222.74643052139254,Train
210.5884418317546,206.95576024796205,Train
192.25183631144503,216.26988090737422,Train
225.0433756168748,214.10433926543882,Train
195.7795657538528,202.13686604274145,Train
168.8806648918456,211.5292744861353,Train
83.63878657077696,182.56354692000684,Train
264.0715418540277,232.58122209763366,Train
131.75593778593202,201.42656903083204,Train
223.73728754128592,213.1791115195312,Train
294.58649387406524,245.27404862417237,Train
358.3494121926623,245.09666850116864,Train
237.51971939882952,206.44736004822656,Train
317.782654030294,222.16311956922544,Train
201.8882160870558,215.4726259320238,Train
124.23823239992313,197.02856642164627,Train
214.27722247647137,218.51211129248557,Train
188.08689175513553,224.36596155298588,Train
292.5447273110033,255.88473750292215,Train
214.53005064004466,251.39558492318773,Train
200.1533419705765,237.9274633504342,Train
236.1760096963034,235.29221555726363,Train
222.75725191091703,226.3772266867372,Train
200.0735205227547,234.39220034079628,Train
243.90088372974574,229.31181630215966,Train
216.61139369923325,220.7823470348053,Train
175.9849839888471,231.14357198068072,Train
126.30848386340215,201.43372312164098,Train
297.0476211162244,247.60756317492786,Train
163.3545787510769,224.65365498916586,Train
206.87722961006972,226.4231476500952,Train
212.94997732133942,258.1700573708171,Train
389.2934926204066,263.9293652633919,Train
248.0417825505632,217.53101105746916,Train
248.53841825674954,245.1399820131246,Train
239.9333997389656,240.03329241861212,Train
180.2865201460848,217.5779006822212,Train
175.81840003148704,237.39747954686047,Train
259.4040208567932,215.94847416694535,Train
327.6640972063909,260.88215241778437,Train
241.5823076551215,252.76704567259603,Train
265.18814158368644,241.16337149397447,Train
265.1265333566579,244.6368693784004,Train
279.3083777826872,235.45604479730824,Train
240.45364619765854,231.3565342670715,Train
278.0212911132603,224.88633838216845,Train
232.80864972997807,223.09291451727142,Train
179.8034742473547,219.23319558539572,Train
224.77652360412512,201.0733512943121,Train
336.2341828517849,248.68085276600826,Train
241.61999765388023,222.16290362033877,Train
208.29061802269854,217.49770318578408,Train
267.2780624680548,247.95134412237752,Train
314.02687419820444,257.71717705317116,Train
261.517955066903,219.8389614875313,Train
324.20031248013413,240.61632049743662,Train
356.4739464378976,234.6701472192332,Train
173.9574921209791,219.72975174903962,Train
197.14504398702223,229.05797895871112,Train
142.03686488215763,173.46034245807652,Train
223.63262593443142,225.5512960911891,Train
158.10562064818834,201.549139641943,Train
134.19697617267002,177.0446537943857,Train
178.9553308962734,191.16652773126788,Train
187.31564631651236,202.91687278159986,Train
161.94555318439188,179.97567146006267,Train
124.0878335696985,188.76238605709156,Train
181.75515498758585,184.84271201560722,Train
178.29084474875052,183.70913465910803,Train
136.07351086371386,181.46062074522558,Train
268.38197587351794,233.20279306750018,Train
169.46085979123504,187.7000191104228,Train
167.38635290998488,196.26257695890013,Train
227.81153600683214,226.86482833892816,Train
184.0860835762706,212.28479580409453,Train
157.7448950503538,198.0080298910464,Train
151.28332830471243,205.86681127158846,Train
57.25138333934642,183.2390262427358,Train
125.66526902426659,187.55786901471257,Train
152.82635874944046,199.29737641079578,Train
153.89041535454436,180.038156875179,Train
267.7515660670583,238.7320588035921,Train
209.40762794109983,226.042781754646,Train
171.58927500750758,193.67563609254853,Train
199.7050037491066,204.05357662985406,Train
218.64650243101858,190.45311360875496,Train
165.74612033390844,196.7675978912504,Train
216.10501040602912,195.98293349709311,Train
172.40571745554894,187.23943252361545,Train
184.0433796344523,191.60385795103596,Train
121.06635696227357,168.95636649882562,Train
278.009072394062,237.5639607861667,Train
189.7951465055354,199.66228070151408,Train
250.75959358660413,209.81805550652496,Train
305.5481011978303,232.98662787338225,Train
308.7533224748119,228.25076013130203,Train
255.170997287549,219.4136252409071,Train
280.2649817786515,221.2203882957824,Train
158.28527594811908,194.29345710206968,Train
212.6547933221501,210.02297324987728,Train
313.80935293164,250.28662014197926,Train
332.34530326263723,263.6553090170251,Train
280.9775914314671,254.7941140804292,Train
290.4247306037942,255.42372210813002,Train
298.69927555050793,260.87530485947684,Train
309.1070453675237,255.7411808510593,Train
299.8875955003872,259.69604661538193,Train
312.5082504104712,254.2679590912199,Train
280.3803420957846,255.14896416095257,Train
248.08755979857096,244.7764166636684,Train
233.59242060526145,233.5297563138696,Train
367.3432977925725,261.6014027165545,Train
296.84136094358547,254.04531788303868,Train
245.20296374961222,246.39897312618825,Train
361.8872416412158,265.2803471057875,Train
359.0721450333232,267.60122255208137,Train
231.90394199336214,241.59564723003982,Train
247.53505918783316,250.3378254613068,Train
240.0654966167366,260.61326275646286,Train
104.63593480351818,181.78962657137674,Train
218.11924178603059,238.23183287638682,Train
144.62479162509413,226.76653800662694,Train
107.95402500864121,196.1791420273769,Train
139.5498358580069,202.1018738609131,Train
155.9397646443329,189.88539389193505,Train
143.3497558585035,194.8375036799459,Train
134.6108592962712,197.8660645989023,Train
120.17474769594733,183.2907738665141,Train
143.7006632069064,187.2995566406112,Train
78.344769007245,171.5995812914774,Train
270.74290019957067,235.45227478803616,Train
133.92589837365094,191.30201914017044,Train
201.9154149364976,201.7381683516908,Train
292.51481792257704,232.11100419903428,Train
218.2140575788591,226.47167136308713,Train
188.9207392974231,217.46978046477463,Train
93.72991401276622,196.6420932612947,Train
200.40993115557495,210.15420133495385,Train
113.51932572069609,170.02167023604295,Train
213.87737009956751,231.1735080778909,Train
147.87458411126266,203.29211563379565,Train
109.74059655465689,180.21251007844236,Train
163.20558703197304,186.9657549138009,Train
164.43257268404216,198.56356814867084,Train
155.93816272210898,180.86958701996116,Train
128.20910278803825,189.62039937216733,Train
126.40253430159677,185.54583757108998,Train
173.85505687409898,191.3852350995319,Train
139.64404347398926,180.75899827639753,Train
234.1566789342961,227.5229636837087,Train
185.57647720209536,204.70470374840414,Train
159.29524773074843,218.5747557018789,Train
295.88634561502323,225.81318586021547,Train
237.1378190606535,213.41374325735683,Train
203.17557682700726,205.67672422467942,Train
122.6264157601518,202.87037962161267,Train
26.99033586008727,176.5885059067917,Train
62.93970134760153,195.52110769086835,Train
274.5819343351098,230.21457852058455,Train
381.6115898541507,261.34319747532913,Train
306.6778594477426,259.6534251612446,Train
267.5635726016134,243.7721745076185,Train
303.6819105663955,240.37426764498625,Train
314.3198650054811,236.29012874987848,Train
288.5836886390419,239.85176458656855,Train
336.3275737389639,238.66149242704589,Train
275.9969776155465,238.26701319632127,Train
223.99923593402386,232.07334393656953,Train
231.3661224060874,200.57101501226245,Train
387.8068811459237,253.39664488458286,Train
187.90919047331423,228.16146604744495,Train
230.03480905294194,232.10359135144884,Train
312.6427269818336,259.7024228518202,Train
412.15220127529295,273.337200273236,Train
324.3763065763614,231.96560791967727,Train
261.0239541629624,252.81330372196092,Train
403.3951440350962,248.59920571205416,Train
272.0333173282378,230.97537214084497,Train
257.40815063596176,241.17298653828198,Train
159.30927627264413,202.97917086411607,Train
253.0854111352413,252.23444097649795,Train
175.53733947064927,241.1681073789363,Train
163.08948783131711,221.56452278417714,Train
195.40439184666815,222.28229216933642,Train
190.51522428907055,210.50260883101328,Train
179.74679764497833,216.69250917971934,Train
206.6959101962276,213.852754953633,Train
184.69520625018797,200.843777493212,Train
171.32101642699772,213.45687300341103,Train
87.03307103418409,190.30806476077996,Train
282.0697773422065,239.3545235640165,Train
115.81341042842786,203.80019245613508,Train
197.5145054315998,216.42634556750062,Train
258.55988624906104,249.13681875415284,Train
329.2188758719917,255.4708766629981,Train
191.73922350378052,202.29174258928737,Train
255.36272898347283,232.71142639717604,Train
178.13939231106872,226.95919590533353,Train
96.90390816783034,200.84099240294907,Train
161.50219250997094,221.59759237993651,Train
95.62343563705514,192.66471780355505,Train
223.7908758304981,243.93040686421605,Train
139.1533172947535,242.8195442865492,Train
109.17012523926532,209.6097772198094,Train
148.47640247180505,217.1477028975338,Train
154.12084997380106,188.88831330817715,Train
157.6857559591561,209.14182966312,Train
192.6919172619053,200.3884654772824,Train
125.47784722152863,185.28951391110888,Train
84.57728108505015,196.43875082170442,Train
75.21114691292382,197.2035922139097,Train
222.17616410872148,236.6107036504587,Train
124.09235560017379,202.98133853477177,Train
160.64676832323286,210.73172871106433,Train
287.4540992022887,242.83811091983785,Train
259.12909334124214,238.67414302244495,Train
158.55025604391776,200.99825718349751,Train
216.39965131295114,221.40577709813806,Train
176.12727914834232,209.76599719015854,Train
75.0516802784222,187.98977271903456,Train
105.7953159668658,191.16259390911668,Train
225.02958889607783,239.7702272996257,Train
142.29417356412927,224.57138492965439,Train
106.22611836351726,207.0020429059864,Train
163.86615675401393,217.04187224905698,Train
194.6622196327252,207.63050883194987,Train
156.1337314200648,196.7866580553373,Train
180.90104921828532,206.99369366983228,Train
135.1517325008276,193.90884359797724,Train
58.88700157816075,187.12558530505498,Train
37.48764468668665,170.52862805253358,Train
239.2452502747003,235.5312760037955,Train
124.66995912622005,193.9692195797136,Train
125.65420582724843,199.7084221608621,Train
198.65200009737288,234.1534675263265,Train
272.7672632341498,237.2126230917095,Train
202.69709443842828,192.52537144117605,Train
131.70933221700614,213.35523324125205,Train
115.8039765698833,204.64384963101836,Train
60.30095121168415,190.94423014725277,Train
128.49048499853583,214.63581311544155,Train
151.1030408963884,185.67022733838346,Train
212.90291216752192,222.09691939518467,Train
176.36677988110551,187.8914147133756,Train
163.42579872226736,173.50369554296114,Train
183.84243656078633,190.33399426307938,Train
202.96674528732828,216.36113696677882,Train
164.79178742776065,185.81616865080582,Train
186.94472349488248,203.81849354958936,Train
149.99199058326707,190.13481731430568,Train
169.69333084413387,193.19022412097328,Train
195.09287239284717,206.92833128600174,Train
273.2492771970354,237.04249254878522,Train
192.20441832894937,213.01293760575456,Train
213.9496165240722,202.38463457464303,Train
169.0689498112787,205.57056179510704,Train
190.97804790220164,198.34112084987834,Train
172.3004140527878,209.83207851985253,Train
199.67834016169394,207.08537780155405,Train
145.3618262289201,194.37729301638254,Train
184.78065424690337,205.85642507904757,Train
217.94547823833278,196.74996392222636,Train
126.84354592357414,174.2424230783596,Train
207.72427985251835,230.1687122016068,Train
127.31229534026144,205.0462890759204,Train
120.48647788495904,181.10110319205705,Train
162.00137936222436,187.45264255357756,Train
163.13017711297982,198.5919465462472,Train
129.7254108290773,179.46174280285004,Train
126.4934563999633,192.0637544190975,Train
170.2884639207489,182.0440429282395,Train
164.40428387807975,183.51069151328528,Train
134.90491274199888,179.75080551747544,Train
251.2466884669588,237.9819863266045,Train
165.71864535290632,192.27873067254913,Train
136.273386331748,202.57587996613495,Train
237.07129916610458,223.67404362567953,Train
207.44387215045322,214.28033521655263,Train
186.9493677208028,199.15622540563518,Train
188.50199609335522,206.35376746201328,Train
63.001757268110495,181.56384233451274,Train
69.3318126563141,183.74692815221516,Train
150.09267802422949,201.57396473685165,Train
356.5412773142857,239.47318804265026,Train
417.78271067759414,264.7820134032215,Train
384.72107927790046,262.0499624726634,Train
373.53446511697535,252.79592402846694,Train
373.6223799348608,256.34563386380796,Train
380.62657705936294,252.6859591668968,Train
343.4705813512816,252.279198576404,Train
343.7346705803128,242.60902081835562,Train
314.441100737494,241.93240716440246,Train
274.43099190732494,233.4940713201625,Train
371.01218271941843,219.3976362578932,Train
452.8145095180497,259.1040411852166,Train
352.40774136806,235.2024722942507,Train
296.11479081590574,234.5142255106745,Train
409.70428201417405,258.00785872802606,Train
424.03934172149906,273.9016112901206,Train
367.14786421399276,224.95858086402154,Train
352.15759081027807,253.71297278538944,Train
443.81852151035497,252.2629805802024,Train
364.79318839931534,232.69293333531752,Train
123.63136814391412,183.48269029501057,Train
221.1541687207814,228.00049778109957,Train
138.20878175785452,213.03376389510396,Train
116.03092521031965,193.14441715889268,Train
161.8963806456797,206.91828511595278,Train
168.04732828028682,201.15986412678984,Train
132.08073116292707,187.53503302201736,Train
183.02770577684487,197.7692882746844,Train
175.37579617105615,188.6761185396132,Train
73.64596712854626,184.18806456948693,Train
57.878963158708004,173.32723461416649,Train
300.7774562482326,240.61591134114448,Train
156.7061038498196,191.57407218059643,Train
150.38150723799393,192.89001707855465,Train
240.0552457494164,226.56676461941476,Train
273.9295620304471,223.83455422320594,Train
183.91786846036518,189.6693619136371,Train
84.22574004742604,206.98506292191973,Train
113.80317679162933,192.58807160440125,Train
34.13673209765928,187.3332746239886,Train
160.36674575146338,205.45327615628196,Train
242.12942736765478,248.22288881800253,Train
278.4800077430229,261.8158838168611,Train
237.03393467614347,253.5757561029473,Train
256.72459041859554,254.02430893364414,Train
267.13319795914884,259.7942458821,Train
274.0242637248074,256.40697168297703,Train
254.6623501812437,257.4573714983381,Train
252.1227489895329,252.5871683905916,Train
206.72436695832516,254.82151853403712,Train
178.71081035545842,247.43176860126192,Train
133.491775969323,232.83801274695708,Train
305.069893544776,262.53309429688863,Train
271.2159865157548,248.53332984863326,Train
203.17258966173432,242.62779137718752,Train
307.94278625230214,262.182968406926,Train
313.0906712375601,268.3062191469233,Train
221.51382575985951,244.1580995236531,Train
304.3234930178705,254.1023911812921,Train
183.16967301159275,260.3477404086504,Train
242.82157120617168,247.78235396655026,Train
137.28842463002013,172.05006906382164,Train
188.71363018780522,224.3785374737863,Train
139.41959826770338,197.86452578446435,Train
121.90003231122017,175.13442355458295,Train
164.8775395438738,186.96982108332543,Train
179.7926069468877,201.80335129012136,Train
148.56731141491997,181.3983802919233,Train
167.48915238525527,188.24683342449467,Train
161.7931206078645,183.51254474770354,Train
140.38166919716718,186.12313405392342,Train
109.45034002127379,188.32303338960298,Train
228.41114254427995,231.436602221885,Train
148.37848013019405,189.0275007545157,Train
132.62684765451235,192.4421863753874,Train
219.38565548041106,222.26237571569936,Train
187.68368969518133,210.55915001891782,Train
166.53465813185733,189.45588013744197,Train
189.475493244714,201.71231387747352,Train
125.60619503375153,184.22184397225607,Train
150.14899593183804,181.59495397065461,Train
201.8871986403687,199.05523701609388,Train
324.711464405881,239.28755147949116,Train
410.82060330241904,263.5416632020902,Train
349.05911024271984,263.1642236639973,Train
327.03504704529524,251.27047592517576,Train
334.70613725996395,253.5641527719584,Train
362.46441850032227,250.6238041385192,Train
348.5076725964217,252.3631231797458,Train
357.769540485918,238.73025156175999,Train
324.77538072321687,240.8520255810235,Train
281.01974619007456,235.93420926588612,Train
280.0355967151929,217.77017754799468,Train
453.1985736896636,260.1729416741863,Train
280.0593130794474,234.1957884310903,Train
269.44482762225397,236.04841560701507,Train
361.56495848026236,261.01566664101745,Train
436.01169523923534,270.7154024970323,Train
362.8098644912935,255.12993383398265,Train
414.8356824470226,252.1735710684032,Train
301.4802747573119,230.65298885294334,Train
255.14078501788003,235.92885219859033,Train
135.49380532114364,175.6330180113743,Train
203.78034786792185,228.43592908462242,Train
147.35831498895294,206.27522675969553,Train
119.27949827211901,185.52493577910582,Train
154.83865426763077,191.1976684910236,Train
173.22930218356697,204.3841607744123,Train
152.42398579629173,189.0646575219299,Train
118.9657770255254,193.81446607180268,Train
144.83173305257614,191.43722079408573,Train
159.6408784220723,195.29367403860547,Train
132.72074768848563,178.02061987311296,Train
227.52626702953742,224.2657262247652,Train
193.6314622332971,198.83014228389285,Train
174.51690071935002,208.16704015508577,Train
216.8018387733408,223.87512537946932,Train
182.81860874373012,206.10200181008327,Train
181.96654812981012,202.5082227025203,Train
162.21702010962474,208.4963028613282,Train
72.47002468317395,188.9512507245156,Train
89.15372669259901,189.2940404229302,Train
180.68363161147624,209.6991717835723,Train
222.73580805444692,231.51402304492618,Train
322.736469333085,260.91574310338234,Train
252.19785753284398,260.00538649861426,Train
224.03523506473834,244.83008978292887,Train
257.8207362242292,239.68932085146636,Train
265.440458924233,234.99386333875444,Train
260.1523631724645,240.98993754061576,Train
281.52865329364573,232.98905784455255,Train
246.7573787740012,230.4967180537459,Train
205.3691672953629,233.86526558440463,Train
135.1922383973705,210.7542108358218,Train
370.43954851469425,256.63827575782227,Train
222.6075111370996,230.957523595788,Train
223.35447052561048,232.75974736330713,Train
264.777607982656,260.74912922232727,Train
364.93579025126627,275.92153368972333,Train
278.11552165251675,235.1397617267081,Train
296.22974220580693,253.27218640963952,Train
289.078451911137,249.70705279207803,Train
224.53449019581694,230.18673571619016,Train
207.72933877791633,240.48382728938483,Train
298.1376797087013,248.58007541331054,Train
342.09376906606894,264.2998610526961,Train
273.45945676057363,257.9531890262494,Train
290.02380041110064,253.8557540147075,Train
299.4888963697654,260.2821948423994,Train
271.5175719109716,256.02382798872486,Train
266.5306224040504,254.40838891784725,Train
262.8990294004856,253.00056542155582,Train
248.5247092259681,254.97595943976242,Train
208.20814140355344,235.40402208069568,Train
152.38482621284317,216.23141615785858,Train
412.54283552461254,259.30940254426093,Train
279.726181754554,246.48364333431465,Train
238.7258506070911,238.66398793604642,Train
334.61786437815886,260.2570635578105,Train
346.99419858585907,265.4649567394787,Train
228.50986660780822,229.889210814941,Train
244.07620077182258,252.3002800848614,Train
266.29320107790215,251.2999162118201,Train
312.8832010342163,239.2138006812482,Train
232.32920011625663,244.480535378041,Train
79.18601858841936,192.9966486094605,Train
185.97917598360692,242.39541727125476,Train
105.62480389804642,234.28673064009578,Train
83.03346864011255,214.78398797448142,Train
122.76797817180892,208.05409027278176,Train
125.30621533608193,192.8282261141103,Train
120.73754930957011,195.12384228305876,Train
135.20181445719166,206.24794682753435,Train
114.28147376548702,185.64682531872444,Train
63.456391578865464,190.68948560311554,Train
31.59434871308413,174.00376981491743,Train
207.76392927238658,231.34924380706852,Train
94.19124066917587,187.80339593113587,Train
148.64840451822653,203.98979267697908,Train
254.58840270507454,240.22913584437302,Train
224.91790511976785,236.96232975524785,Train
130.39861151884742,199.14819111020236,Train
201.30825334418392,217.32676097001942,Train
77.84683059577742,213.1507825896066,Train
45.77697000642064,191.490697998781,Train
148.71079137773583,214.9838260279615,Train
183.00897457672284,182.7935595904894,Train
304.2150910759142,240.4646943213485,Train
227.54145697154914,231.359402900736,Train
199.80211543499234,194.36899581339728,Train
230.4828023090284,206.74482214668316,Train
234.9582812203925,190.52414597382767,Train
221.1758119073353,201.33046337540475,Train
203.40372388560462,200.68917434557665,Train
176.12911040626312,184.54788341613164,Train
243.2345259307225,201.58405346335527,Train
166.608655904288,173.01216794336213,Train
307.6129380134319,238.7767098648961,Train
170.58641507034633,200.3041483026539,Train
192.37606151298039,211.99634052208972,Train
353.95714496545463,231.2597207132541,Train
310.24662817892585,228.47639617655025,Train
241.9205456371197,204.50152349938745,Train
292.50439780364826,215.4267143406248,Train
188.2981846785118,192.71085082978817,Train
168.49255363156925,193.71035560451918,Train
267.6655625532437,209.3004002371131,Train
131.82146335035551,196.32286841644847,Train
251.29370482210197,248.70678508458275,Train
164.6369001865039,245.6604943060863,Train
130.1672681181746,216.86368348747928,Train
177.95918991544085,218.26491094776324,Train
193.28720634322332,193.38714386660865,Train
185.27808840249543,212.07513741722596,Train
241.89730513967112,203.70406048765082,Train
131.59131048286463,187.69721695380667,Train
142.9008044226845,197.20973756187078,Train
118.54358649090244,179.5649682246997,Train
247.59941772759151,236.20319822692633,Train
142.14273978167034,196.00171173465893,Train
196.1689446914257,213.23597689701148,Train
309.4178963633177,241.40174996177493,Train
298.0192362695383,241.85859937987124,Train
236.9394565809193,206.2831749795845,Train
322.4497308908862,221.24700675316726,Train
147.50005919943922,210.67301827160844,Train
239.47087781230366,218.86603453921708,Train
179.94582669824095,197.0575702437857,Train
269.7701454578502,247.5763564905833,Train
195.55388050176282,232.51824990417745,Train
186.5136463268208,217.6065273866182,Train
224.60090902445654,222.97535676927322,Train
237.05859573892587,211.40403817310911,Train
211.2552922691634,205.69479359108806,Train
236.03769598497516,211.53075319685564,Train
182.03736315294998,199.23679326604275,Train
127.81467556121734,195.55517150849937,Train
83.65621621377095,174.93116542313732,Train
288.0043270301156,240.49175520034683,Train
161.65648909871055,200.09608006421237,Train
235.92271811863262,209.98527938652623,Train
241.7057283909782,246.55206488280757,Train
308.02461276491056,245.00157519169446,Train
212.94817811897877,203.08724716247127,Train
238.80280561465088,225.9459070207986,Train
175.23849525192725,220.02686331040633,Train
89.97423837366686,195.74986865268102,Train
176.75306095129227,219.85998542410755,Train
100.87921573803308,171.77015255511438,Train
220.17128764126366,226.40352770978762,Train
112.53391176653597,197.51459237207058,Train
95.58366475159181,176.0039605017262,Train
143.92402842420677,185.85999370811516,Train
148.84234817367386,203.56989190463685,Train
117.01043958435238,177.2669367343717,Train
108.77410779786774,188.1959453560643,Train
138.8743688199284,182.63234812965837,Train
176.3294912113269,189.99595243918702,Train
104.71321294795702,185.49782283501605,Train
220.8909733692928,234.42443042713666,Train
159.43311970378184,190.32031403398804,Train
133.37843081551904,197.7312220205036,Train
210.78945849374531,223.99544076560406,Train
166.97437575494743,210.2398702966735,Train
147.48109212219066,204.2519325181406,Train
102.75365094921986,198.9082429654818,Train
54.84205223603503,178.81011108613976,Train
52.52969380186228,186.47175880209818,Train
142.66638218902298,196.94126357557576,Train
184.1036358242412,195.0756684003565,Train
227.48825272595627,225.98475850446826,Train
200.39501304192257,200.29543330426438,Train
186.93248411348628,186.83248406470645,Train
188.3905283270796,203.73239135038904,Train
242.04466609823453,223.2866296492266,Train
180.14676551529288,195.00030445555433,Train
180.6351132680231,204.3959120760274,Train
163.9055101272142,194.03269687319482,Train
226.15837179575112,197.0262229332029,Train
243.14118246227514,214.9371353982407,Train
299.50359617083456,236.62306394959683,Train
227.72883119950836,220.04929635068876,Train
249.24206003240442,215.04508041802137,Train
180.083846935887,206.53025945179124,Train
185.35768185932056,205.8804395971412,Train
200.2735335333487,213.21338095900694,Train
180.06362764359199,213.4860343330888,Train
149.57796419005007,199.33531809829663,Train
147.19422337685978,213.96355543136207,Train
194.62936459161136,200.37592029904476,Train
115.79751581575312,174.03649382796056,Train
191.80179748114995,232.96467348916144,Train
137.15089372835135,215.31954255034657,Train
106.43389572657986,186.049214211023,Train
142.7405577785526,195.31038762548962,Train
172.31888819071855,197.95906035567714,Train
127.30722490850425,184.54313343273196,Train
161.9053260849649,191.88639865278725,Train
139.59257731727965,181.5401537881541,Train
113.54582934977222,180.93571556611542,Train
76.39799802764672,176.58141579343956,Train
258.6769302313942,237.77343573263252,Train
126.42120223267762,195.7578270249754,Train
173.68696438218996,203.78411154519887,Train
222.93243996663617,228.64984146554696,Train
199.8712279470009,217.25131425174015,Train
203.66571165698576,196.77788588189745,Train
204.24940569931152,214.50586706878838,Train
65.12231007397808,183.30329217818664,Train
48.86721613593929,182.70037625633216,Train
186.385749820334,208.4260082309252,Train
299.03507784619615,244.18044720985006,Train
334.5426924378664,261.2981209344055,Train
287.34208573673965,258.63197551830484,Train
293.6114058338197,255.36594505871162,Train
311.6907998848764,257.6178005039057,Train
318.83735859800777,255.26259370447607,Train
303.891439143803,257.08950449291456,Train
269.0281572611075,248.17340558976602,Train
275.6124884657154,251.82580820418906,Train
268.3235534460568,245.9357082448077,Train
246.5061400308286,230.2508763728204,Train
351.9726795628386,258.640377224078,Train
280.84522475143325,251.8932557071674,Train
239.55898068443895,239.65864277466156,Train
406.02148751079085,267.8712066543024,Train
425.3827330947523,264.63672725167663,Train
263.79447115796194,236.5570489820527,Train
321.32493486552795,257.611554371381,Train
331.13138201462334,248.24011948797295,Train
177.49391221910048,184.07109294593448,Train
255.86805407478903,225.62085256015553,Train
196.1778928222123,213.61592377645286,Train
187.38400768844926,195.93973203845985,Train
230.8223244100746,209.74305770778506,Train
246.90387288816277,210.4379183715462,Train
204.10990065204462,184.61853590872488,Train
228.85037319319088,199.02487425241245,Train
188.70803164162155,190.08925300868978,Train
130.9147874075628,182.89400273521542,Train
116.64859546802833,174.38540371575039,Train
351.39844424450916,227.5407393021833,Train
268.4974654389797,196.58742443089704,Train
205.81966066292412,195.68205162234653,Train
237.2052824541797,225.70014417275996,Train
308.5687809616255,223.6405580792736,Train
223.1981689615672,183.32462982850893,Train
269.9140782749094,210.46613759579387,Train
193.91650890165226,197.0778001835773,Train
115.7189197075487,193.67361120662218,Train
216.28093409533906,207.86418558442546,Train
273.4582945644056,237.5864455391321,Train
319.1045511076816,262.62813575986775,Train
269.1173474485148,253.16443962396278,Train
272.23268044968347,250.16948389644077,Train
279.3802875889487,258.6675708817926,Train
272.79447601563305,252.83876519510935,Train
259.30469420626895,237.94065913681806,Train
264.7982488307755,235.04437771243798,Train
233.16843840169392,231.1133803733093,Train
202.67357181545154,222.52769113713464,Train
142.26915804915708,197.4168483662198,Train
328.0979884353975,257.0307899128643,Train
235.59850348915984,232.09949982268486,Train
208.21647616141667,227.89633746071257,Train
295.4462751342911,254.6982455494035,Train
324.79048001156207,265.6181927782238,Train
268.5467594276082,222.67672923033382,Train
291.6935317256599,243.04611251553217,Train
252.83079690571742,235.79991446408337,Train
246.67680591184947,236.63490598278398,Train
110.17341205881095,172.48480796241535,Train
207.4094959999495,227.7967838772411,Train
124.79774129955237,205.5480160575558,Train
90.59749759650155,176.9037470935183,Train
158.4682942947439,189.82137121476907,Train
156.54269733744331,201.12896845523056,Train
139.4679866537075,181.54741722596444,Train
145.8105966953606,186.94661071387304,Train
147.92418788087315,182.6972847441093,Train
166.30257921389216,189.09531212978777,Train
104.25908071375426,172.58830045260387,Train
244.27805079085337,225.53482698019945,Train
174.5514495479885,197.25268471229296,Train
123.71739659371109,206.15964862701026,Train
261.22992941964594,232.03654499039843,Train
184.8501007796867,216.94019117133297,Train
170.55171079406387,206.46355572217925,Train
136.9350105341682,203.57645940707653,Train
0.0,179.19234599190747,Train
27.363128380063486,187.6140806701643,Train
237.3676517427078,226.69431043462967,Train
339.2236322014853,262.8119477676331,Train
285.07281891459957,259.6134215076894,Train
256.3801910109196,246.1359615257817,Train
268.32246576542946,247.54149297584877,Train
282.60354862001145,239.53428172115136,Train
247.64894810418443,237.58987632811719,Train
313.1394800318311,229.7607603947691,Train
253.79981633546433,228.98805181097285,Train
183.73258360845458,227.1789085400181,Train
230.84182984976042,210.8356251582671,Train
369.36960751264775,253.92889494213927,Train
241.51962014763288,224.91673439237172,Train
239.3151801541559,223.73365947497095,Train
292.4085824057518,255.28212701413622,Train
385.9393340106945,270.4403510830415,Train
263.1663947001062,215.78871366242174,Train
312.5975320288856,243.71011883871267,Train
390.03274599703286,242.93297727256754,Train
240.9331317208697,228.696130140392,Train
191.06540385143145,230.7869485673455,Train
279.70597029947265,230.89294982850626,Train
340.0540199648055,262.69461350090506,Train
260.72050866106815,257.91776200643056,Train
284.1969244511889,249.8881222332231,Train
293.21070189200896,256.0810905308637,Train
275.7370415900522,248.64821297863594,Train
270.8994799661634,240.36731452171486,Train
278.6393541657849,229.33573222783912,Train
257.5327005416246,235.0286554889914,Train
175.81129289669508,222.1591747199689,Train
219.53251698550113,206.20084897489687,Train
386.2106229747002,255.43526315709192,Train
237.74975218322422,229.44143581275296,Train
249.6439209089079,226.17877185555054,Train
309.18658269974344,253.33868687718686,Train
375.9352277053566,253.44687482941526,Train
284.3188606005618,219.18164901781927,Train
310.83149792688755,238.20598724639189,Train
252.24827632845137,229.8560811284944,Train
238.6832093990366,237.6072668990866,Train
322.69408286855327,263.71272491453476,Train
254.47242937435107,257.04934594943234,Train
246.74669684801265,251.7595264554463,Train
265.4428263459311,258.1184173447328,Train
265.7077847718532,253.27161044715115,Train
244.68885441806447,244.58866471111105,Train
285.6956622690983,238.07068990169316,Train
208.8777776054073,237.25175451143028,Train
167.32540466179321,228.31648580826877,Train
130.66275955977437,207.06445612085182,Train
335.84592626466554,259.65447984710164,Train
215.285793716321,237.95499511959557,Train
185.1439556481777,229.4837292393119,Train
252.52023965777107,252.62010926706122,Train
301.32902972804635,254.27464398806694,Train
169.61679831012236,226.62264484812732,Train
244.06481814756572,239.55094967055905,Train
223.67308924037667,236.8748670199141,Train
269.61231900754467,234.55562697902477,Train
227.02038519210046,235.45981956464442,Train
183.39839123315224,177.4032516062337,Train
247.44277480458317,221.44676300812364,Train
202.76745300327258,190.2786663766067,Train
175.2643294484921,170.70098507714204,Train
200.83279658276112,185.71249556349807,Train
226.44961356439546,204.34617095595476,Train
199.33403829644803,183.17224440439185,Train
216.9834046298558,196.31265389026925,Train
186.18957666353543,184.78041883882506,Train
205.89167798483382,195.84128103778033,Train
184.24740900963926,192.97795500124477,Train
272.03714639152054,225.74207481629222,Train
249.1472066396528,197.5594613410441,Train
235.63829338102883,194.6522241957175,Train
237.694194429655,213.9605319897401,Train
252.04886347686266,200.26513279154997,Train
208.1272762630275,208.02725140740392,Train
209.931121971525,207.57064393301005,Train
137.7604006023552,183.6940273247443,Train
123.459577263645,198.43806047881625,Train
195.69525663101365,200.3646131277417,Train
220.89711316940978,178.91697129312226,Train
293.0987360515734,215.80611160836986,Train
212.89964569141125,190.91576697476907,Train
220.1439260992247,178.1690514300677,Train
254.027001733492,189.730928409144,Train
268.95933645253194,213.5516976073202,Train
254.8669029972956,182.94798545674297,Train
239.88354525960995,193.27546165655423,Train
236.93747841522912,182.65041480825738,Train
207.4286465835841,178.1381078392737,Train
193.10039856472196,188.68869640172875,Train
372.1540544565611,224.72714012528706,Train
241.32782211488643,190.72385056351754,Train
294.4502268223406,193.66774540777686,Train
256.316636826264,212.58344677736346,Train
249.86454545301513,207.97650647212873,Train
313.44801388230627,198.96989568072098,Train
292.5816838793163,206.50348857657232,Train
176.76555544404494,186.2030391164961,Train
226.0513168143037,188.5106494377282,Train
247.9339032766585,204.7931358110821,Train
308.1345143319866,243.96461798220113,Train
352.47573140663206,265.36693093022734,Train
289.36392051264033,259.7799271746011,Train
319.21594779124644,254.24430073673122,Train
322.5270871827146,257.40064830110936,Train
311.5372877824021,254.6286263585676,Train
293.30954953895554,251.91449989497355,Train
304.01973116531883,249.6304886684653,Train
278.7252292954076,247.19019688704034,Train
237.932514036319,228.85134865619995,Train
228.5412137816921,211.8252315875237,Train
440.46989543373195,252.4693612288257,Train
305.79013452849216,238.3043951044273,Train
279.1700477986482,238.64529724319902,Train
357.2272489981133,266.0285042508089,Train
365.2600471056161,275.2105505749315,Train
214.69150877182585,223.73830052504732,Train
264.3941243729742,254.24051970885716,Train
280.56789390906135,253.48189525630625,Train
292.83771140270693,237.1632975730478,Train
217.3302875901686,189.98507392034622,Train
264.9976198917888,222.77966661231093,Train
235.31165342261303,189.39532165518847,Train
222.2782502563381,173.44766908232168,Train
234.12882109839344,192.4576123123276,Train
267.0323384330795,221.20738114112564,Train
230.7875633975762,191.71934222476816,Train
224.8905419817575,204.29993147747513,Train
197.5877782450967,192.20174308257023,Train
269.88567183243237,195.10302511266178,Train
253.3472676142462,211.30419712838798,Train
297.8008656298376,235.9498699506749,Train
296.85126323332804,217.78808190179944,Train
342.280502890652,209.1534401583726,Train
219.181061855953,199.42410288415894,Train
262.55750196869616,200.17852649255357,Train
238.82954233080795,216.1390337915269,Train
213.16046287508743,208.38568050647783,Train
231.05026360153457,197.78374190036607,Train
237.25474403307095,214.95665316015823,Train
220.40650560093184,194.76317373429265,Train
124.17046712754123,172.322788095599,Train
211.3505385553715,229.59548168644235,Train
131.52898926688155,209.25620776898398,Train
107.48197955081939,180.40695169614798,Train
147.6832630902363,191.7730273090202,Train
187.47052951418192,200.2642048633867,Train
147.7868370524151,182.46970941434617,Train
120.38147911922331,189.50613805700382,Train
157.11052695804779,181.964630325186,Train
148.41721687520155,178.60680697315357,Train
110.52220608597763,180.8507332629727,Train
236.39531903790618,236.29508135648953,Train
152.53403966689186,192.92513053287655,Train
126.18931364905478,199.30901530206222,Train
195.24972733400648,227.65901383884056,Train
152.16343417072187,219.46425557242702,Train
150.91837770051808,198.64721762227168,Train
139.82669437213534,205.60072517692834,Train
113.28838418557362,185.76894986609284,Train
89.98299402047564,183.54156018192563,Train
132.52188323791313,202.63985493200727,Train
193.5757213232734,192.46277471204087,Val
277.45443424756184,218.64631202512842,Val
196.36377634643458,223.66262589982844,Val
166.25254647363369,174.49631243425938,Val
248.96112802062936,211.4677218044013,Val
297.5676952277436,214.6593956245996,Val
221.0923886587696,250.66923391100897,Val
269.81023256258163,245.71120281396156,Val
215.7394807851211,242.40284053526622,Val
188.01954177616608,242.70884993278216,Val
246.4942207374571,236.10268639866715,Val
374.9693615609248,250.43052591754355,Val
268.71968006073223,224.86228785508413,Val
401.4545495476083,237.26237883969029,Val
240.8196787673677,223.99055690647307,Val
230.02118962597874,202.48600894707874,Val
346.8131310978962,218.2955018106955,Val
241.4979467855012,229.0898624699979,Val
255.9573102412291,209.01299479852997,Val
213.10715053902015,192.40290645727342,Val
210.17534020348418,214.8445780187971,Val
181.8014301147443,212.2370117820677,Val
248.28183926921835,216.90743924064628,Val
264.5734394634683,223.93928191720357,Val
218.9086429889678,190.6846322987228,Val
281.5601589555821,221.03892072223476,Val
195.57533048009884,220.55096630590157,Val
199.47081173292025,179.76273345162969,Val
225.4786018696005,201.9393334414532,Val
137.39087202102286,193.74646319224047,Val
187.90018225490337,193.98905901499774,Val
156.1309921136127,210.818758917355,Val
139.82361092905592,187.5512076572117,Val
145.63213883789967,205.31968212978026,Val
256.1824793981217,221.5495867490094,Val
243.03188372000955,207.88622707765992,Val
361.78167998671364,236.2247720791797,Val
206.6302271922177,227.59767164969227,Val
215.54254917074937,203.91257772812338,Val
285.46929478905656,216.65602597201266,Val
286.6313121117751,219.48576595815766,Val
156.42604726428917,205.8014350364989,Val
124.06646667160065,191.62180735048173,Val
147.4496234733653,211.24439501964088,Val
135.35879393430542,204.98066096902338,Val
190.05593135205402,226.38386029912712,Val
161.17315295223767,223.06571234883216,Val
134.76042390603345,189.1767627987396,Val
242.73270992092833,223.02195531063,Val
102.97088121303298,219.2154368089185,Val
121.84337395529829,178.52920823536564,Val
160.04897542301308,200.6937016421985,Val
165.6487006020842,209.76226000469316,Val
150.05938182719672,189.77129649118777,Val
212.02994709328416,207.50158522359988,Val
129.49022766414342,208.23214772471107,Val
88.5491830801988,181.216390240075,Val
172.94795117191137,212.0779657543536,Val
255.56763045389891,207.75023823543947,Val
94.64999070291177,197.18984999061684,Val
282.28552041735685,227.9099127270307,Val
52.882406581724524,216.8819304614012,Val
61.01026865685321,186.50714738439075,Val
144.228936173764,211.38452678585432,Val
190.69421873513647,216.22409030226015,Val
194.16358326110105,208.55711427902315,Val
278.898822819855,231.47282188951885,Val
151.12326451140729,216.5178073473669,Val
189.69062554480777,193.79536111759268,Val
202.7583147877719,208.86469249508076,Val
296.6180742544077,230.30378731346698,Val
373.07256454333265,241.85595320954326,Val
231.2028942950215,226.8377382541178,Val
292.79081109922384,214.4191141039052,Val
318.8420578087366,215.69788760487214,Val
391.21826010274594,236.1492679260407,Val
223.6560633693759,226.8205690951373,Val
378.40879724335093,242.81461885729445,Val
231.57801815816129,229.0116509468094,Val
219.28307326380423,207.31449927383915,Val
348.0011110348454,221.07138970875633,Val
244.32932147149126,232.20974251023168,Val
213.41666714153797,219.6151305870372,Val
344.6824675270045,235.7784239366361,Val
190.46150062590365,221.44062095030972,Val
161.5670596655664,195.8637822041161,Val
243.71573429297132,211.0878386150416,Val
371.79927709547167,226.775073324254,Val
213.55949991391824,207.10934864355985,Val
310.47111799247716,232.93658906497149,Val
146.53080378535674,220.03311351353906,Val
168.37008623863142,194.67909787468875,Val
250.03516875916787,212.42500575000813,Val
321.50423047091715,221.25172954887486,Val
174.82539072495004,207.44324725096328,Val
187.50252295501957,197.44907238403727,Val
185.43359340128552,214.00530740070235,Val
158.69319809028048,204.94614266933308,Val
179.55039094207416,208.6873565833244,Val
228.2162085455402,224.74596539355727,Val
112.6176484662416,187.726713031673,Val
179.51174855408442,208.4905492148431,Val
112.81162193109951,213.37407845972186,Val
95.46198634688403,178.68976102651112,Val
149.48545829490456,207.81901524611993,Val
160.22306779064797,192.78344435593525,Val
243.60943243720533,221.03187503467248,Val
93.57482690315817,213.05009725931825,Val
125.58053728277437,186.9031274526796,Val
206.4286425435168,212.40622872265934,Val
210.085120405721,205.52023916165805,Val
278.62765400448416,202.89609816155505,Val
279.1903970103655,195.6294099798368,Val
253.44154959484496,213.48720819080646,Val
252.18294725601658,207.97688373640563,Val
324.7674142568777,212.5341336677369,Val
144.76505950483838,199.1439802286423,Val
224.8442001250728,220.06855897969436,Val
107.78442513239733,209.48789467460435,Val
117.85788107131313,186.33288263592777,Val
153.66307043900937,212.72079708702447,Val
283.63045877777284,242.50418950033466,Val
365.05445540576744,244.36834889329447,Val
238.07119847966635,234.72716505589742,Val
266.5549911618865,222.85460364583463,Val
297.0932363511239,231.1353821778222,Val
198.95692259585292,215.07682318510106,Val
309.83799107051107,236.297156925655,Val
151.68163263173932,224.91565054192793,Val
203.46514121749527,200.01263710091683,Val
326.4718347033238,212.2039624996665,Val
272.76932808234835,226.7471489019094,Val
182.69335037294465,185.85096609441135,Val
237.33936150207722,197.34026520638076,Val
170.0778849866821,208.8144088328507,Val
142.2040428228021,180.96394880730145,Val
236.6974622622075,208.86197085871362,Val
297.2150498755482,210.14813998934738,Val
338.6225824400254,243.64678764266378,Val
398.3915586528364,248.5318508280431,Val
292.1598336434025,238.33728738470685,Val
279.8885565992124,223.01866254742916,Val
362.2431062640052,224.4231801316344,Val
411.61200514944267,240.890786152267,Val
175.14574132534835,187.39152568345483,Val
222.6834800734958,210.16127247502894,Val
190.33368274790624,213.24541512801272,Val
142.77539750641088,175.1904812735268,Val
177.04003598189718,200.2382832402683,Val
269.98743757450484,218.4134444512976,Val
218.50738335459027,246.40797606615325,Val
275.8512464481504,249.1961504163756,Val
184.14452019141675,238.40112500444755,Val
182.5826716366802,230.66816575789957,Val
207.55890554458273,228.7730580237823,Val
302.02831505859075,243.51310738043782,Val
178.98106112860825,203.3234455924539,Val
335.479725996334,234.18493657120027,Val
158.4034036762877,222.50413743148127,Val
169.24079552251789,194.76672476884875,Val
210.38976224281075,207.70220671699755,Val
213.29900038394237,214.67469855592483,Val
184.6571290421681,191.89341576980772,Val
211.28818893970154,189.89486222760505,Val
224.86740757373204,209.68352694837455,Val
180.0756062951219,190.32699626094637,Val
205.72050694842306,206.4027025933874,Val
312.6472835063931,216.13418156357113,Val
286.5604222375775,245.64021970256184,Val
359.3043175433636,247.12358179352478,Val
241.706181214396,237.28486127259654,Val
232.98464950940706,217.98704397245734,Val
296.9973255400554,218.19484948563772,Val
126.52405527901891,192.39625410209706,Val
208.79897222502441,215.8604910472579,Val
143.9093377590874,217.86662754522857,Val
88.82792797226912,174.88328814911063,Val
173.36550886847363,201.1789866021433,Val
116.45109411798009,193.61932221194428,Val
173.2831518303943,203.71269692134948,Val
140.06809676933548,215.114316021567,Val
77.2023625270661,181.9930313685559,Val
118.36921592215722,201.52027104220002,Val
208.05792565110218,223.03440106054742,Val
127.09581898275829,197.04652638754652,Val
193.62927493654868,194.61081035914856,Val
160.3664304391306,212.21455312613148,Val
108.35505589482565,189.70580113170558,Val
191.453287540595,207.1021972370671,Val
230.01706856218232,222.9351179528233,Val
177.59459228718066,184.9598727500775,Val
243.04041792480717,193.72231938950918,Val
171.08893428365474,209.79768394107072,Val
147.94881320474624,185.5648309092138,Val
235.4129935296923,211.1351651697974,Val
354.9164911743118,208.25311047385156,Val
313.34886487606127,246.00368693075757,Val
355.03532233107626,250.6578364631217,Val
230.42506608595593,240.30438239490698,Val
246.16335165368807,227.875791926094,Val
305.4121307862124,225.86287003779796,Val
357.0155222816446,246.6271654053276,Val
243.94408895152563,221.00763393947014,Val
361.8958503047733,240.3197009672803,Val
193.73025529390924,227.29896688650555,Val
219.2527656845146,199.70447460956393,Val
262.9087212742744,212.53940900469718,Val
277.4264521482165,228.0737602846794,Val
332.5169002817198,238.40903450878386,Val
394.2858238001389,244.32710396082,Val
274.9552458551759,234.53621197190924,Val
263.47597455921186,222.45287488776393,Val
385.2167565074801,221.5151661561496,Val
433.61224359488574,236.88768406080925,Val
192.8525689143608,214.87083626905465,Val
356.11369000395274,237.42521817073242,Val
158.24828627170245,230.42517303738148,Val
176.52968082320209,208.68462612569505,Val
243.13322644436846,218.79389774723458,Val
241.39346399233062,223.83978552477777,Val
210.85414519957038,211.7066207919032,Val
187.8740975732312,201.80172790180757,Val
200.9680056534637,213.5783969818666,Val
171.00422954369208,214.60796383990416,Val
188.12946376843425,222.65245290483657,Val
223.80991240197574,228.33562770364264,Val
328.9860590738452,248.1783790158843,Val
352.16035309175373,250.3044202422109,Val
265.0751673763198,240.7255306528503,Val
263.3173516612842,231.4595930269642,Val
243.59395070852304,231.8614761241311,Val
192.35196983570037,209.4087411670251,Val
218.13814215233162,201.91211401172905,Val
201.21001990857798,213.65863741827962,Val
215.3421571175781,213.84387107140435,Val
199.27874365608392,214.41086804275406,Val
274.6186445154898,219.07241517963485,Val
228.07390742307905,188.65704593493274,Val
263.985601789122,190.10861416658585,Val
218.3390199048739,207.9831109922079,Val
192.8925544371893,187.2838291799393,Val
269.33078157270864,216.69066373450175,Val
188.05167621084496,200.51274905693126,Val
219.31243090427762,194.12856285127245,Val
222.19853520038063,210.45665142230158,Val
162.66587400840982,200.27120747425616,Val
294.97091277100066,209.39048972129203,Val
215.26944108854894,221.54902226223865,Val
103.07307017003322,195.4136789291113,Val
159.35928554708227,197.99006310745614,Val
142.86288370228283,213.2365478352854,Val
66.15773557786692,180.60745714465833,Val
140.50393275479755,201.16382988171011,Val
195.65541754572587,223.442039308372,Val
352.42400464255707,212.56301633944682,Val
365.66551362046056,197.10240449827597,Val
335.2774830972951,212.78045703695153,Val
322.3603534915303,222.92968681243767,Val
342.03669322202234,220.6714281495665,Val
441.962326134253,220.90312099107936,Val
162.35628952800178,192.14499456329918,Val
191.4913390412057,193.38700707250405,Val
187.43923186553576,214.04531863778212,Val
142.79024048874814,183.06115380531784,Val
176.05198767351476,205.4212322773713,Val
270.76156195724076,217.97288025472795,Val
242.15722343100776,232.88892414856463,Val
348.1365443502948,237.62425404129078,Val
221.8476299815788,225.36838668223015,Val
210.76899211568724,201.2335718201775,Val
243.76901618778095,216.1471600080278,Val
340.95738792364824,235.30632407691428,Val
188.4392211550209,198.28881555643267,Val
191.1273806379681,189.02761243291914,Val
198.7384173796152,211.5754453387771,Val
164.70577857082463,198.79997247327165,Val
189.49432041397867,214.83538174243193,Val
253.17759041657354,223.82818629019943,Val
168.14067156317486,189.26563709235342,Val
218.31860259122502,194.18350694482643,Val
147.82973082504114,212.1462153385598,Val
103.27203646384265,177.361783908182,Val
259.19916438999985,208.46365568754553,Val
260.1760457252492,223.01074517585735,Val
110.57444905145505,188.73822048278657,Val
199.97101736979775,216.4558722547304,Val
105.5615090199451,216.24013055080255,Val
91.65301057365258,174.19420146119927,Val
124.05436138413413,204.46298618220322,Val
207.03367958974513,216.6184651662813,Val
118.65909208346633,185.42695392893233,Val
185.45970558959354,206.65942143406517,Val
158.4147022458694,213.65107846773546,Val
94.3392228587691,176.50567347621234,Val
182.30228760849494,197.55882675613879,Val
224.6067012065929,222.8578194381783,Val
114.61700910416465,189.59010839922482,Val
171.33455914096743,203.02342320855013,Val
123.22863148238741,217.37831476771635,Val
65.75470163039657,176.61193779049404,Val
195.82812508243686,209.59556941070076,Val
189.23540269310587,212.9583570281745,Val
73.94242081412526,195.33379619755792,Val
214.57484374097777,225.2394620964191,Val
55.879463387252954,219.71628884804122,Val
44.8984746570805,181.6365190785347,Val
120.81287665348735,214.07978091482778,Val
168.95750112290563,208.30957069428243,Val
184.51512554847983,209.79635384666426,Val
352.1714107262509,233.20517358017062,Val
139.80026683384045,223.87174229337845,Val
144.82982830370048,197.55529512908163,Val
217.10367416037874,214.85276124997648,Val
246.13640556911488,219.64998647803412,Val
207.99384575352025,230.4911192705594,Val
372.95308520944576,239.59098151249705,Val
203.23826710557037,231.58497517747685,Val
198.0774509662972,209.22010009168451,Val
255.83592139220332,222.74402099546077,Val
188.62672699721145,230.81146846409632,Val
274.0742928626896,226.44164306569775,Val
365.0139468481357,241.02630767672358,Val
231.07389670918207,230.10827017161543,Val
266.05719659701117,207.14529095251146,Val
354.19347426688984,222.51240267251484,Val
345.7388569401936,233.05416413359356,Val
129.58417056877545,191.10121345383612,Val
182.95596244815673,194.61547362333877,Val
134.36114228088368,210.42984472718246,Val
80.92866316418684,180.62008092417895,Val
212.16011042059853,206.5949418531801,Val
236.84906015425565,218.97870730650092,Val
166.79505829428348,188.68784753844244,Val
211.10327135457993,216.26806949978436,Val
117.67203047868426,216.77980799431188,Val
99.83606058968431,175.49815066514432,Val
158.25852227285526,201.2881276899467,Val
292.431879795952,213.0491612650921,Val
285.61778231774815,249.02008916169916,Val
369.1114252216671,249.58176701457856,Val
273.8550883220613,243.62911410146498,Val
241.6724861697084,238.50220917256908,Val
235.43260401785338,234.9983403597882,Val
340.04525428007224,248.82829209169327,Val
107.8465305508906,188.15829102951392,Val
187.00920288307248,217.375037333014,Val
90.14731901683376,217.4715581962613,Val
70.91419220742185,177.5427800905401,Val
127.52586743882573,203.15597827632635,Val
123.08684195956627,194.14928539781278,Val
156.1232182092958,196.8209931451813,Val
138.5059827054334,214.36442620201979,Val
95.7286408290866,184.07904552051608,Val
161.72090841453746,202.5026680570277,Val
224.26733712681357,224.1365666414652,Val
293.3605318652551,232.4656193682354,Val
448.5555384756557,243.55162171095387,Val
273.3363597094641,235.68850392081555,Val
310.1564122253096,226.4239908790564,Val
258.1997309073838,222.78938933019643,Val
349.6898761927625,241.58419506168278,Val
160.03598057195737,207.68401036283436,Val
342.96644867843884,233.78954311291923,Val
138.5778870801061,220.75413421548527,Val
123.80327190181906,191.41590291178454,Val
205.00325720639628,214.38463485885222,Val
228.8692134865681,221.4700977190674,Val
99.19356749183102,196.85855828222947,Val
271.76922139767987,229.51297915090439,Val
96.19095838439105,222.3659791956964,Val
61.734404839849134,188.88618181311455,Val
117.48165928739951,206.9552314836092,Val
164.08313955009135,215.3682471447912,Val
118.89533040831617,194.16865046156377,Val
262.1774875833189,222.98520874503075,Val
97.52328662128335,211.65156327505983,Val
68.55031878881022,184.3755863434277,Val
183.42383543594337,211.85295282285017,Val
224.63102749705976,213.00116872757718,Val
182.3591510295238,205.2356612097698,Val
171.47788008929643,193.9778212658224,Val
190.2592477841557,214.08318540632635,Val
143.20320463499638,207.61283161316265,Val
190.77028578986605,220.0881762776419,Val
217.95087225446645,225.7488979436331,Val
106.22489599611454,193.40936970892167,Val
161.51320012150865,197.8804053668477,Val
115.70181912291504,211.70356447118039,Val
80.4198773689289,178.8987045073758,Val
134.14530496633677,201.19964605944978,Val
204.19865124506856,220.01469367443727,Val
367.9704944647733,240.41446954306306,Val
447.7713758168504,248.8161108657217,Val
305.8960330391503,237.7502321030951,Val
316.10757336323144,226.29474314834516,Val
411.13588973144374,224.30442134823386,Val
118.41652959467517,187.3931737423844,Val
199.95003171157103,210.2002198110699,Val
89.72975485517037,210.62257185684476,Val
83.43067243090596,182.43736076278483,Val
163.96486498187681,209.4139658559576,Val
189.70017869297504,205.874857859177,Val
248.9524071176193,247.780687098996,Val
292.17980862672016,247.5132808111835,Val
188.0387834158036,241.69557031985394,Val
194.2371411030437,240.44048293172295,Val
198.75176919427403,236.066264672253,Val
249.70236574102645,248.75609528861645,Val
108.02413089323176,190.6622956406974,Val
159.8025432493952,194.45781062667118,Val
139.92045006918022,209.99953184182698,Val
119.92065708162522,186.06889501188624,Val
135.4600667312455,205.36742955818343,Val
332.6542956617611,242.64156067212286,Val
449.708765677922,246.101574512035,Val
320.2941967920944,238.47247471212478,Val
319.1405278572142,227.59810998969675,Val
323.06370253440303,226.04448809161312,Val
383.145989289218,238.45431491358357,Val
123.02526485422055,205.69413197831818,Val
160.1732253316488,199.6588732335613,Val
140.32784159820193,214.38519317579056,Val
110.12124288788134,192.99961112764788,Val
164.9505546434282,209.41592732876458,Val
241.93160228895948,231.84435682085348,Val
415.6305726043476,241.91881089466386,Val
248.46898223318692,231.8802140813398,Val
248.06829719083174,225.0008446336842,Val
244.82879209027772,224.9928052631092,Val
240.56165076850675,241.10125353343935,Val
274.48277964556314,245.61399077399068,Val
307.508939430959,247.8382406097285,Val
230.8680086786339,241.4158220519396,Val
199.82806730312888,238.41484849869028,Val
254.6541289441752,229.975533329819,Val
68.77337301254448,200.74420782799876,Val
230.531502558817,221.81574240936848,Val
62.011579418980375,219.5518061310927,Val
38.127598660849316,181.96707507906575,Val
91.66042357710548,209.513339196231,Val
161.11434327362804,216.32997413369407,Val
164.34578218518985,189.5332417736843,Val
271.0100336366861,218.47499872758715,Val
190.5530216827447,219.45197787337452,Val
157.35968757258493,181.79444180826997,Val
257.789852071588,203.64927632616354,Val
315.3519062617105,217.40520622448133,Val
132.67904575447963,199.03510382800232,Val
293.82440705081865,231.10653194848322,Val
143.65014837222984,225.05058380736637,Val
121.84948316500981,184.49972990719135,Val
166.08529717751213,202.73640608299291,Val
187.13938021210606,201.9939736661359,Val
367.8419979508134,229.40734791162023,Val
147.62768674852074,215.05470461139743,Val
148.07988391371208,188.5278685784782,Val
285.05293759449773,213.24052047968846,Val
275.30524703080755,218.08632990240642,Val
91.06311939642652,193.43886277876453,Val
151.80523332100702,194.1253102247368,Val
121.96592087687512,212.0031379988792,Val
91.52241824340769,183.45241479586417,Val
125.04678554870654,203.35899464164055,Val
171.74629598263598,222.11462447125714,Val
224.41360257941255,213.66714781296608,Val
173.72182327339178,200.32167051239088,Val
241.14997254713978,214.45673551618373,Val
169.61903115424113,211.30399675101128,Val
227.1414127044817,221.82290813687317,Val
202.96654317272322,228.3915324433347,Val
104.94019431320794,190.389784025604,Val
158.3552356702348,204.41706292861215,Val
122.41671860963189,211.3532665361972,Val
46.834710778931964,174.78202277277688,Val
160.50215914007015,203.04354312858547,Val
163.23442478098573,213.2710572257507,Val
302.1525146047552,248.9036912836592,Val
337.72108310148894,251.44492778585942,Val
250.99977769241255,239.81272875141036,Val
265.2381384560779,231.30975267840245,Val
248.7709890763406,234.6329774446764,Val
427.39366050988446,250.31341124550136,Val
187.50590828432559,193.89811014528678,Val
231.0713700840169,206.64605065875475,Val
154.5698629831707,209.1927725550878,Val
140.33291247868453,187.11165495912547,Val
183.98406651148494,205.7043177395657,Val
255.57463766784747,240.55804764140296,Val
331.17746192738457,243.64953474141356,Val
225.28763862815867,228.5299895033432,Val
233.78029618954758,213.86838858829356,Val
246.0876987212452,216.78818796291907,Val
339.5585549677807,241.86301913180512,Val
89.06840743403502,189.99490382487787,Val
153.04453382255872,199.35562268895399,Val
123.91837815283048,210.61261872909273,Val
68.99643942908023,179.33573831749743,Val
104.97374749115694,199.226780807252,Val
203.8966791915589,222.68823451929367,Val
282.35396597812155,231.00409323161625,Val
372.1130716367588,244.5300382544313,Val
259.31286927519636,232.04965135638275,Val
216.6827188608344,216.82744428565323,Val
327.3292657817749,220.69853180812157,Val
297.37203660454827,236.17052372566081,Val
300.3395404989403,240.60889166250183,Val
346.7968766621546,243.61224022860299,Val
225.2651918119725,230.1998066651795,Val
254.96476482921935,215.5985747424041,Val
326.42392997932683,219.01388508444592,Val
255.28822471453117,242.64144850933823,Val
313.16824661395987,245.45527230839437,Val
203.84796036844864,232.95065207240535,Val
196.32276204412761,215.70064596505887,Val
237.30374548910663,220.17930798196576,Val
281.34161158855477,237.39727581475404,Val
198.82693478863627,196.7484467176899,Val
206.9804637967645,192.11804137413725,Val
204.09683330871025,212.04009890625915,Val
163.77821949789262,191.2812892169208,Val
224.45453813694843,210.80145996081043,Val
215.61511215551798,224.1866883660756,Val
233.71791567552748,196.08510874360243,Val
255.814179247989,191.37200759486558,Val
244.77177346565392,209.1874091760591,Val
189.79594942962368,196.23886308865957,Val
253.87620009805767,209.91367751517362,Val
312.11718171776886,245.25247077714036,Val
338.630975018499,249.6493196787329,Val
269.25114759819576,239.11725879611785,Val
250.39968736040123,220.35673280480978,Val
266.53075599391127,226.2993836588127,Val
373.1128173800872,242.32695935362193,Val
241.38477663443,208.61796761557665,Val
231.043608227243,194.71696697098747,Val
239.892587928313,214.97797547143819,Val
202.9588913182783,211.91678372380247,Val
240.38535490984694,220.53653133468836,Val
218.99894451014939,226.42322318258852,Val
110.15184226839895,190.19830811508552,Val
147.87802806451637,197.7474974973945,Val
120.10673200190075,211.4787094481735,Val
59.97874206115969,176.37187083566474,Val
192.36434277419886,204.29880976947152,Val
240.35344714083288,220.0442774301297,Val
180.52019419573628,215.64055821578793,Test
243.98450345571976,222.20878264817102,Test
215.58030708654343,230.9441707879149,Test
228.97485612701757,228.7379972974729,Test
208.25894267327274,217.65243880064642,Test
230.00643690592625,207.1670758260097,Test
205.7376692509711,186.27824178029883,Test
219.2664538556615,219.6987033534054,Test
142.73205866622416,204.46375190240164,Test
183.62074462915936,208.33783883762635,Test
370.8620341771149,217.25540733730975,Test
255.62301002037324,225.32215806992144,Test
251.59960774095663,218.2208156513859,Test
74.78922034049211,202.32339066926215,Test
557.9969503446417,233.21516703752235,Test
206.74559119670297,240.6081380926651,Test
271.7695441707264,251.12849408865227,Test
220.70214264584615,248.71861335402886,Test
206.39514747640055,248.73399289743747,Test
223.53793853615204,246.8538992365275,Test
253.4163292354733,252.74998260843998,Test
279.68609439377127,246.64712134184865,Test
248.41307605507117,246.79991721192133,Test
155.4675585350816,246.6823176736831,Test
186.65041553571675,249.73621716991076,Test
307.9823977812477,240.1462259199383,Test
345.6208581451932,257.535025870298,Test
268.10169093140803,256.16077579123777,Test
144.41819290654456,248.3013261173416,Test
220.54772925933761,223.69846539157106,Test
305.4587374181915,239.15536409599133,Test
269.4756198514012,244.10313397530092,Test
327.24406551925955,245.6253606605367,Test
263.9469255432125,242.95925087541727,Test
302.2799098873306,237.62763778581512,Test
248.00122652937154,199.86454206149844,Test
223.1631113874828,221.33679160435045,Test
212.78085080953664,204.72356415588402,Test
201.0590821234415,215.50608264051718,Test
437.2470401372175,229.29987246507335,Test
318.6438547217448,238.2223097414002,Test
290.80769810242964,239.3246615588005,Test
160.49898570458004,218.24762549892233,Test
704.0847441343078,241.56860351463868,Test
179.28746576814984,209.79355337966194,Test
219.43060152923,192.00847181797198,Test
220.55396572762362,194.84587312154736,Test
261.3954311705886,206.1204594196175,Test
198.5244535581503,193.55981891195876,Test
194.49749930896616,208.82227018964926,Test
241.82166690263438,205.35764840507733,Test
217.2452156955635,200.8148612100007,Test
185.6123693521514,218.20392540065922,Test
201.48542027280052,200.98860124291497,Test
445.28583747993775,215.37508435977114,Test
405.245415799599,206.02186236723935,Test
185.7563640842144,189.27598039711881,Test
170.85447278562245,204.07674334100358,Test
163.84523170122355,207.0767079494197,Test
264.2678824508043,214.8952557665637,Test
214.57020184991697,229.3905284105475,Test
241.3926298973386,228.1287645107213,Test
215.08619874297824,217.2715772291337,Test
218.86055511837645,207.74804541338403,Test
223.17427102471243,188.39165795175361,Test
213.74270764570625,200.8052313061138,Test
175.45491869233777,196.44906005881134,Test
128.74660271404647,209.28903122062428,Test
361.3042839065897,209.1649609444656,Test
267.06080780651905,224.36078684687521,Test
210.7002381469799,224.29287404015145,Test
107.7224386783576,198.66046896651235,Test
518.1507720385283,227.54688113496925,Test
141.63123610721527,202.0699465704569,Test
190.70908864237782,194.09997711057613,Test
173.40842985151147,215.57492670921647,Test
187.9908829718803,211.3985175916648,Test
140.27097148137213,202.06305468406032,Test
152.57856261574926,201.32511269974898,Test
166.94575096288108,190.68476470245145,Test
109.82377474681127,188.10546480318558,Test
125.51492311362406,210.97853361267454,Test
107.47803870123315,191.66636482300655,Test
398.02853562992766,215.33219423558737,Test
206.469030681303,201.98039590946382,Test
144.3075106590268,186.91192905790672,Test
104.91522691010661,177.87517218399188,Test
313.53923501743634,216.841958964383,Test
187.30845874352374,224.0549342869802,Test
256.9417863290597,234.7017641403501,Test
217.21155461553835,240.08443457270545,Test
242.99419395786686,241.3288640203155,Test
212.8661215854663,233.79049412015556,Test
229.7694460569375,231.7329205858796,Test
228.62624729125534,196.4097201591636,Test
250.30527311315487,223.31207753962008,Test
214.9567179600955,210.5456045704026,Test
161.01864592230848,224.14678839704789,Test
284.5379728684537,213.5668198572826,Test
239.19034112080143,233.8756468893969,Test
252.88206601894586,235.00975774768224,Test
132.7781662191834,212.179221023399,Test
492.37755151443275,241.2339681246542,Test
112.16930125116937,211.1117292663926,Test
143.7830042006413,197.63018956843058,Test
153.84744900013476,202.1414684867604,Test
156.71804280872084,206.923533548719,Test
111.92314083771936,192.9732557165811,Test
123.40509604363265,207.83047606240314,Test
134.04218899594355,202.7836858674375,Test
126.94540934554672,207.05135688005862,Test
105.18884953866412,227.3720691425823,Test
108.79397805442096,222.90191208646482,Test
409.1998220603605,220.9683271797269,Test
184.15370482518716,222.00477721102806,Test
129.69931372177217,196.16451659644943,Test
77.16627607220457,205.51318808912941,Test
260.48403778529735,210.1800852383542,Test
107.82343105425234,204.9931158599406,Test
180.7542691205462,211.03729016621858,Test
146.51207826899605,229.01526908880402,Test
193.699338101087,228.4343013473364,Test
136.2369312319993,217.85940535580522,Test
156.56846796536445,210.01704173024876,Test
150.09975871122657,186.39580114853757,Test
71.99738741386676,193.67441283544426,Test
117.17039918951689,197.2147330146761,Test
96.35018814772425,199.32712090764946,Test
322.78168562095664,207.18777588616868,Test
156.68196364258336,216.83063951068846,Test
198.11843027027572,222.2668980550668,Test
72.8667416229254,198.39973655018406,Test
425.20179875002617,229.1251085845822,Test
125.7365719168506,197.2886666484194,Test
198.78494259195236,196.89474854775105,Test
161.70938246198,219.01002763034245,Test
231.17302793704255,220.85230157627333,Test
139.55781963738963,199.8963213200993,Test
167.78657001250053,207.7753942315876,Test
190.12974156364183,184.352324907686,Test
80.25742929559424,190.5703746676458,Test
86.0706643461554,207.67036183050396,Test
134.7068133414504,197.45575181224945,Test
351.63837504255974,207.67944131114814,Test
362.68287301807146,211.48051499416135,Test
232.2923018693502,212.65339540118126,Test
134.5209097255409,194.3353872087638,Test
449.98468058726405,219.77389941,Test
50.03589619426293,209.04271827784873,Test
141.17859509831948,214.97160959636378,Test
146.91939324619602,233.9615159661842,Test
179.51324790901435,235.5850147584722,Test
83.88544478782384,223.80266809144857,Test
141.72768856441024,221.22613645641195,Test
130.5654974890807,185.5313744287642,Test
55.05977288428737,202.7081044742646,Test
74.48298423383739,199.37009713670457,Test
68.66910664274282,203.87888662878038,Test
308.4992479280968,216.38436879348075,Test
160.84488602857454,224.40169354874558,Test
186.29438921211704,224.10797440611836,Test
96.56760785557272,198.91494443941951,Test
371.49405556539796,233.4414691572075,Test
155.2984435095236,218.92254588553664,Test
218.75458398030628,227.8894731489768,Test
149.0436979760127,239.12146983464905,Test
184.81981186897562,239.9102545751474,Test
187.06274612815943,225.00911061742687,Test
206.65809936478854,229.02917804091695,Test
244.78339945537851,194.4100694408868,Test
157.06706129857412,209.87069844683424,Test
152.9924431774956,199.45839039163246,Test
202.10090592005616,207.8731288902157,Test
274.55832748529247,215.82886498125032,Test
262.6009376638578,229.30173607786156,Test
245.17569693192578,237.6644076615279,Test
92.81229302470466,202.44428962635618,Test
639.6716246440085,237.25222508914507,Test
259.4937299846183,233.25337512983694,Test
327.01766635111716,242.89651664416897,Test
248.39866055228777,244.9118132452087,Test
297.9368558825,245.02519908170274,Test
286.2723962416269,240.74107191911204,Test
323.6519710909781,244.55437452624142,Test
288.4875768956248,204.30226545973792,Test
208.81069160118307,229.0201934365225,Test
191.45949793385955,209.12463109493967,Test
218.3363149559396,223.1031946115036,Test
399.3053472758636,225.00446191298386,Test
417.7445386237568,246.15510363181127,Test
335.6583992606678,246.06917925479607,Test
203.88954129748427,220.53855835098224,Test
227.8727229270948,229.87069282916394,Test
306.521619736816,241.83898752914712,Test
216.86754110582817,245.093844833938,Test
314.37552585092016,246.34162830216732,Test
267.6226915921936,241.74212962190904,Test
269.2382897177381,241.36463583305388,Test
247.54131095970715,212.11142127456202,Test
215.91494367475912,223.85021589109658,Test
163.8994335890157,210.48439077516306,Test
187.52396256027973,217.3796182933162,Test
352.27930503391656,228.3736117424838,Test
255.96944755795738,241.06059245817173,Test
267.101436863178,241.83587066738116,Test
141.25298807382083,221.4495853865893,Test
703.1563738199447,240.6032394373074,Test
175.31935832389485,224.50590011682502,Test
272.36806164034044,235.84380937597675,Test
184.2121180792134,242.70589114532893,Test
246.13454673254319,242.76373479747147,Test
223.94847168697999,230.97125082965545,Test
255.93300551086864,234.55864830587294,Test
259.025429652347,198.5657566416034,Test
194.17480733229044,217.60060010891402,Test
167.57861117398022,201.88295035104179,Test
198.4991446459928,214.4574559599642,Test
335.43132744166735,220.63811210335703,Test
322.78812751773273,235.55026604986864,Test
269.18767841036333,241.81985167729212,Test
140.79054140092248,204.97319488164572,Test
696.0182531992327,236.78628274425571,Test
175.71160895465127,219.8460991417485,Test
239.95665066228514,228.90935095591908,Test
181.54564406530807,240.16688510950533,Test
239.86361593284994,240.95993394795062,Test
205.50197088963245,226.67299583198323,Test
233.25317650048174,229.34323509778199,Test
253.08658369543662,194.3293067338403,Test
202.15642409203306,209.35827033555387,Test
145.19147151688367,198.16832527237955,Test
211.48896535230134,208.73027707060834,Test
324.25003692197186,216.8925876119658,Test
297.2761357593114,232.07311374071378,Test
241.803525430558,234.86502808774387,Test
156.07537951964753,208.03057208862148,Test
707.1675727863608,237.52008915821955,Test
142.14465852623152,207.32791762922068,Test
188.2925025072068,190.52319824280227,Test
192.74535034942878,195.39152122105708,Test
208.77432507989985,204.70737106516404,Test
152.03394461547754,192.33253220987712,Test
158.38477965279532,209.2067152004028,Test
213.0054018888256,204.22566848382306,Test
163.3527405961074,194.33073485115466,Test
129.30743281866933,213.4152691851411,Test
131.78133702200438,191.3811133000715,Test
321.9844317169601,216.54889708786982,Test
262.11643895921895,205.80688893493956,Test
126.19604472813792,189.4592393433122,Test
142.29547727127647,207.27174147382703,Test
275.84592952129856,199.4618658766331,Test
102.90500301039322,199.44661862874375,Test
168.53670907158357,198.20994585678784,Test
138.40566106303532,218.54486501771603,Test
218.28617582515244,222.12014257370458,Test
102.20971192980367,206.27420393685944,Test
144.54096522001205,206.04774477401065,Test
161.8363230131566,185.70094182992074,Test
56.701105827427526,189.36863810916515,Test
92.01878210448294,203.65759257780212,Test
144.9628418014379,195.8046456208402,Test
330.01446392252416,208.65164536712948,Test
199.0353558704866,215.306638397386,Test
184.41456283989214,208.21906713891738,Test
121.73639465773188,193.48547718981166,Test
353.26090496017343,219.29720565215158,Test
149.52605111393225,205.83309197624942,Test
189.6765916614637,207.69708012824316,Test
176.83782258258717,229.4439071701098,Test
242.29140723645122,230.62415749984876,Test
141.85405000680294,210.75095749964214,Test
162.68178673811474,214.5489130990773,Test
179.21253171668275,187.11684123550555,Test
82.20251094568263,197.74071869141744,Test
112.47704895044066,199.77474928126315,Test
136.62656357605394,200.9388825356589,Test
332.77665428768057,218.62379125550882,Test
305.49659293646357,223.5132553457453,Test
287.70621591915744,219.58972368349623,Test
127.66191788391822,196.2348327950205,Test
481.150479653786,222.51125480247515,Test
233.84563420429458,201.5900119112439,Test
272.75074382669317,186.61154396703697,Test
276.46103408734666,200.9717398510729,Test
336.5108829448275,203.6561753444697,Test
228.43385619040112,189.24311873631615,Test
261.34549395570724,203.26837815406859,Test
287.9266814828883,197.3836068361711,Test
251.37235649344984,198.65161200965778,Test
193.72815437883855,214.5513159162035,Test
201.91458999388036,189.75735733513352,Test
324.67443217635173,210.31023322364018,Test
388.93213479256553,207.4555190968437,Test
196.2082381524252,194.7968940355558,Test
219.19681511684976,185.54628636902913,Test
137.72088551266626,205.4916579514221,Test
188.65495132665347,210.57578352085898,Test
154.21336563506532,230.00697629698948,Test
211.50179539750363,231.07950494046798,Test
141.94352972211698,215.23961416974126,Test
161.87596712198518,218.2696640689879,Test
208.41229630961314,187.63025151738148,Test
116.411973257972,204.5156837686638,Test
108.28490151971809,196.3509103139614,Test
136.06456794182012,202.33935825296624,Test
280.59521244812936,216.9905390811476,Test
215.39492296462,217.18666772720414,Test
265.92959420193415,224.7817711315863,Test
97.47584158404884,194.4284871882371,Test
484.9573928116722,226.15541790150206,Test
270.17759604647506,239.41391378891348,Test
349.9598275160513,247.72092293645812,Test
282.80023861027485,249.11681201203294,Test
278.16502559902983,248.85525136104084,Test
300.5770375581594,244.2940373615884,Test
342.66825654896905,250.3460168186998,Test
305.6709029931397,216.36182243692403,Test
265.486710857809,240.8180533852906,Test
232.25417285381053,217.53609553959518,Test
261.5058334524277,241.32899608418322,Test
364.0682759508238,225.07697437571014,Test
404.4434324516774,253.4040022137646,Test
315.29838695726454,251.25409626938426,Test
190.27989036606004,224.98311936017092,Test
692.0225711835402,241.3735825569415,Test
187.27226616969824,223.85818231533273,Test
232.34985236048206,231.85305021650183,Test
172.32240171065828,240.71016091911852,Test
227.52453252303044,242.89363882501885,Test
220.76015059944623,227.9022939028641,Test
235.67582882528197,230.09844984553575,Test
239.4672802798807,196.51193308809422,Test
128.93517008486452,214.69025319334312,Test
97.2613584307812,207.04301068209372,Test
164.18851682777867,209.1202537596058,Test
339.8824083934752,216.3415311888472,Test
272.96495105315717,231.83256579112353,Test
209.656258565976,232.7933949004634,Test
134.23308246178928,218.18487562761214,Test
659.4834470805718,237.57476857666288,Test
181.75086641816202,198.3154265707027,Test
242.15395570609292,189.7878642057982,Test
203.9970785396611,216.03774763724505,Test
264.34582918277954,218.05476405906214,Test
171.90756476834719,194.9224877247306,Test
208.8396819180125,199.44601556524793,Test
230.23702201973933,186.6328137327608,Test
125.72112529073422,186.43324779909085,Test
140.66892513589332,204.56643981337635,Test
164.21783501043691,193.48854643589954,Test
495.0953218191511,208.93899908113508,Test
428.71248390279567,207.44252922843785,Test
262.881753484424,200.45678356752427,Test
140.8536920993003,191.4671677732062,Test
604.5330364708001,214.36773063053846,Test
311.7518926813756,241.40178602369076,Test
372.5939042858529,248.90375967298772,Test
308.00158245731296,249.86580898962015,Test
326.05621465079764,250.80573198660537,Test
366.4650880989309,249.44639290577882,Test
344.11489262951284,250.4944696955805,Test
361.6576502578727,223.63104943592145,Test
257.40045268787003,242.80145950746115,Test
262.36626810871485,225.21989980448052,Test
298.5777275202664,237.53209293638264,Test
328.08023189162503,225.44185824355506,Test
417.9205415893161,252.87754043401935,Test
407.50614914051533,256.7779307912502,Test
277.69011309888276,235.21012304719508,Test
720.0518809205787,245.14204891864185,Test
167.2071869909632,203.23929349612723,Test
254.43033201952926,200.05690632392208,Test
194.38946147280143,219.1089758748851,Test
221.52222082690508,219.91200972162451,Test
192.91326421077326,206.38331548721828,Test
203.97602654860373,202.2927507212857,Test
185.81301310359248,183.29745173821343,Test
143.3763051112668,186.11078637171067,Test
147.51185067301688,200.71623972845887,Test
171.00862434900992,191.1977222271327,Test
414.7495869143558,210.47935799784847,Test
226.28250168015649,209.41702251317824,Test
223.0284746885469,212.3612507778301,Test
103.02781451400628,187.65174170601767,Test
421.2809426357211,218.8068023921855,Test
215.31770529763114,241.81891579931,Test
284.444140786982,248.46545084609758,Test
234.79701594788912,249.89267712663937,Test
233.73035433274032,251.06703197548043,Test
218.49821537930399,247.8305071342734,Test
257.44880751773474,250.93314873077392,Test
267.0007412350345,226.2944946632855,Test
190.4275838299896,247.6794807507772,Test
159.94954438190788,232.04850128012882,Test
208.16570078394085,246.3227274303135,Test
256.8119228529441,231.6133753634812,Test
317.29824405484453,260.5965006508892,Test
308.25485426137624,254.57764170157952,Test
175.46202211502646,242.7499058037796,Test
550.8698897632494,244.38507312916963,Test
144.0090671216487,213.41211061163742,Test
228.76141032936533,225.84384128914866,Test
193.43090542151145,236.90328562466075,Test
220.98892205640655,239.68025705481017,Test
155.6413412706917,230.4919980970392,Test
198.6595342429391,226.96698062495997,Test
180.60460568541504,193.4996408245464,Test
153.16741817487838,211.1295539658684,Test
105.92503848083881,197.19256051464242,Test
147.49190153502474,217.4002753009185,Test
284.7756999560052,209.7423967311594,Test
167.2067458180111,221.79066848424233,Test
246.6011614197244,225.48977700131863,Test
121.50086150760131,199.94538542822264,Test
456.72228870269004,235.45171760029208,Test
170.24364529344393,200.3817970703886,Test
223.37417523160005,187.40100340611409,Test
195.6717249261706,208.70558802742323,Test
255.93826802225078,206.17777335001043,Test
170.29035649909477,188.660080664353,Test
210.6998576414365,200.08312189685387,Test
228.80747375391766,190.6490660958178,Test
142.84033477722065,194.2961389759651,Test
123.16004338573538,211.04430652627315,Test
139.91278510387122,192.188503610459,Test
457.59754004020874,213.3893581254961,Test
426.60536783333527,209.46799550622933,Test
198.7904759315884,188.23392035138403,Test
154.74933677744394,197.15968910790158,Test
472.2114337681173,214.21638832422047,Test
270.41077099611414,242.32554746006144,Test
306.4627481378395,245.9804063284435,Test
276.84635114485053,247.91714464449845,Test
277.3867647375384,249.16705042590888,Test
300.69118682383464,249.38914304421286,Test
303.052984274295,248.19078805158784,Test
313.12778724604726,219.60291443047814,Test
218.88338441307275,238.0053420913008,Test
229.356666318401,222.2717911681081,Test
256.1397224283968,233.0660852130349,Test
317.7490983893741,219.26146251489857,Test
385.0191545516939,251.85835287470735,Test
330.5033740148749,254.5271186647945,Test
177.32726064882945,228.62157895586975,Test
705.6089842958651,244.48464169658558,Test
134.91040918556627,209.2366837258618,Test
201.5115403432138,215.11230784383756,Test
180.06540452582183,227.24451792922935,Test
193.4067708421162,226.08484908210187,Test
158.8874087883401,212.31071054684847,Test
170.2863614451577,202.88755553173786,Test
158.9581192921241,182.95129466123214,Test
146.5359524164672,201.76403105041223,Test
71.7369621137641,202.8487373580408,Test
131.05474286456942,202.14866549213338,Test
384.87017397871216,216.24008738407076,Test
211.8164056401657,217.67319920032503,Test
226.08338894613937,221.6541348049692,Test
67.34952514385103,196.5405128882146,Test
345.5156151609316,227.78410937769087,Test
112.53136346112626,205.97199977967784,Test
172.50886710729918,199.70437007506072,Test
141.3024908298222,217.38032550244165,Test
163.08786126815687,218.9115358689772,Test
144.3709829320086,202.63879597029634,Test
139.47717332559986,201.50983098742475,Test
146.19382849229532,186.18631192227372,Test
111.10252240604069,195.2324478220415,Test
86.06064288001971,207.83998356112784,Test
121.18594910358625,194.35479542522555,Test
340.70481231559825,219.94827229851933,Test
185.27494008718864,209.19490902984538,Test
188.91667314259894,204.93423681555936,Test
99.61375753141516,184.40927626212664,Test
249.3081659245557,212.96019050717325,Test
126.04485960310998,204.46325796243346,Test
179.78182447821678,191.21419979587088,Test
193.54223485890893,213.01410119379835,Test
186.27607302596422,210.5391878207451,Test
153.0516577697968,198.26931659832513,Test
154.20561197465787,202.62959050515127,Test
175.41350825212666,192.5961284644307,Test
120.29603548074908,194.0776982902986,Test
108.04475615511107,211.61715559988141,Test
104.09515130363386,189.59381946507577,Test
402.2582170830073,216.57502463055621,Test
235.60747515966443,204.2870420269955,Test
153.74094707135788,190.85461528735976,Test
98.338863555102,185.19734257668176,Test
329.4457437726168,208.22630035608495,Test
176.1873068400817,199.03841201809823,Test
243.43325793885114,187.29921911175467,Test
209.40509121646582,210.7018614085029,Test
274.4714008295563,216.31189349942682,Test
196.8718800533965,198.37651609084853,Test
213.7558100522262,196.52797777706877,Test
237.09761500253651,187.11231511183433,Test
163.13796452560882,190.3253147979352,Test
160.62916722344292,213.74588611421777,Test
187.62005468808178,202.896579837722,Test
444.37591292185715,209.06597307308638,Test
440.52735316849385,203.1983879968396,Test
248.64488275235664,193.5769466849722,Test
128.26855357643046,190.45111684281162,Test
463.4394517552656,211.27592428497735,Test
256.267710218213,241.84350325766587,Test
342.9222100697866,250.904235377443,Test
298.92527825539213,250.21043305133048,Test
284.7035828418941,251.08397098351193,Test
308.4457107251129,250.79043464325068,Test
275.03847008022046,250.23967706981077,Test
321.30131439338675,230.0969236431492,Test
272.8757894680105,245.2877666668617,Test
208.26249155846412,226.94877993794185,Test
276.25017903427266,240.99530121363208,Test
345.5648514601561,231.72685154498208,Test
397.6319807191318,252.8218304889354,Test
368.2972448351346,253.58190838236132,Test
251.1913723047751,245.07588406807184,Test
688.014015616391,245.8506427940174,Test
218.93123763866427,226.29645685441358,Test
268.5903967409279,236.59904002342964,Test
216.39586209476843,242.81315415221175,Test
255.68042633583718,242.82122928081577,Test
240.1337970786155,233.4410300092097,Test
277.07591820893595,235.9572927270005,Test
295.52125185531895,205.2522796146599,Test
217.1354036817097,217.19592607078079,Test
162.62254416711258,207.17908386655654,Test
207.4633814765895,212.23691244671332,Test
360.9794641603303,212.2686255287484,Test
421.14023869172934,235.1999511296165,Test
284.707770487851,241.3024967018594,Test
143.0228908185677,211.6374654544886,Test
724.2008772160947,238.1802948920618,Test
311.0000312968506,235.92491239093744,Test
365.5515308262562,243.7446474177911,Test
294.09706431173,247.07010341959233,Test
336.92336486226986,247.6982210918741,Test
364.36501479233016,248.69214043313738,Test
359.7595392068203,248.6796353377143,Test
333.4658994481802,213.0170150506038,Test
300.7276189381124,235.8690975835863,Test
235.99423481474506,214.39639945342083,Test
300.34800991224654,223.96381026222636,Test
382.8061753392233,220.32755324153553,Test
455.32155699160467,243.04846325963177,Test
354.2685059424075,247.89505419083582,Test
245.70964157779872,216.73091258397235,Test
123.54895208375018,222.84227346752888,Test
221.9724471216203,234.53982126397128,Test
204.0848053248888,241.91463613228544,Test
217.53718092712015,242.80635222391112,Test
148.38213927863842,234.72109979383347,Test
191.35224285216606,239.81846455558005,Test
187.30353547063777,204.6271791291535,Test
167.65610084786874,226.36574929442543,Test
106.72040379399829,208.83349726677315,Test
123.95787365845187,223.26005679984837,Test
289.92943973883126,217.2685438287942,Test
200.69840689460895,231.3596791164117,Test
210.9820208745255,233.8072285892884,Test
104.25611668705315,214.5810409811544,Test
531.1045494233863,239.83287434700378,Test
147.60503587405788,215.17985150991584,Test
192.50833109703473,202.05439650313565,Test
202.40907591237067,199.90243584515514,Test
201.43065131378313,208.00836187079608,Test
186.4514298626409,195.68640501758927,Test
162.4402437356572,215.23123409223592,Test
196.45999303975486,209.63602451797806,Test
171.67015213154497,209.71369807504308,Test
144.41844917880502,226.41532315818822,Test
164.48276924391612,212.67050812440692,Test
447.0187900645812,222.43672888916916,Test
255.2060849842836,222.37320571443104,Test
150.87744045556224,206.28898342792692,Test
132.81400302200018,204.27446182411785,Test
480.1043541644084,209.8751482120253,Test
284.1926289182686,241.9986409996304,Test
333.4324350015247,250.12913492239255,Test
302.9888173293017,250.44252460638629,Test
305.4100030959817,251.0689025052412,Test
301.7070276443799,249.98941228727338,Test
320.18435415189896,249.16661061159738,Test
342.37220018114124,228.7032190806146,Test
272.7486064230276,247.51214506488327,Test
215.59624462393933,235.76008782460596,Test
252.38690594664692,245.59507895740282,Test
393.14264224294527,236.92720039928344,Test
456.5086347827023,260.8924587201629,Test
355.96086367193743,259.23871313815107,Test
199.28653430734653,245.9585035630501,Test
163.22385652377562,205.56814820758274,Test
216.40773657135918,191.60818340434682,Test
217.35785552357052,196.1000482213634,Test
247.37143637068758,204.97961286676457,Test
158.93699899508402,191.3992347723596,Test
189.7061994601651,209.96169698620267,Test
222.29227801279256,208.01256404883165,Test
191.5662605100789,204.23524581620558,Test
149.89399876598807,222.80412213152434,Test
145.03455377933184,204.2826063883479,Test
298.966597224328,214.45751620066548,Test
329.5041876999421,209.58724512778502,Test
139.58089980781182,196.22804778073916,Test
168.26296844101546,209.5887280066584,Test
343.83812821558575,204.90551602023282,Test
205.43649089177995,199.6432940525866,Test
258.9103892947612,182.86320935069813,Test
249.40517328708202,211.20700707432016,Test
296.9947455834482,208.0133239026123,Test
229.6864255919075,189.96935474699097,Test
246.44269329977095,200.6884806724276,Test
264.3648843570409,190.91902969365108,Test
200.1770918183085,194.37624514782692,Test
175.3564951145156,215.38203112836754,Test
201.64620538606823,195.3176995319473,Test
511.71023660961066,216.9209863133683,Test
475.0948429783231,216.30016641385777,Test
248.49230814210568,198.43630741465194,Test
156.56162004919585,202.46620457602683,Test
422.4874497441749,212.48561205597832,Test
189.16412219796274,201.5325428611699,Test
232.73552150630923,184.1975970522521,Test
215.70095820175356,200.14779503648603,Test
279.78298842641726,203.96865643088879,Test
181.12653377540613,186.9926172111113,Test
193.71627622523687,206.26383242169402,Test
226.31351003440662,197.2392529943765,Test
181.06192794706976,195.43584949059937,Test
150.29539842289998,216.36067187364142,Test
166.71444732836517,195.41019567699388,Test
350.0182652521313,208.1696783563607,Test
440.83282853119204,208.68547126808497,Test
165.66363924304267,190.23844413646856,Test
130.2693729779902,198.50874577208594,Test
471.8319455217211,204.26600168288252,Test
93.53263963873502,204.2717818549053,Test
172.273597543977,192.01526206911404,Test
140.6547985220767,212.95697123572074,Test
175.65020987532722,213.86822311116893,Test
119.23864724901244,204.18857778335698,Test
131.28745458260462,203.87711272099526,Test
131.8064089592228,189.2022896004623,Test
61.82074258536895,188.66676249677317,Test
82.79212911494415,204.17107524052625,Test
76.24384117383431,188.15836973403412,Test
381.27143204898766,215.40243718743955,Test
174.16258940930953,202.43770870906064,Test
145.12706621565826,194.21516772941123,Test
58.26859706848039,181.97238094505678,Test
249.6734802838664,207.4046843856104,Test
325.4154194480389,207.8906902720991,Test
363.3357772784152,194.04454110848062,Test
352.14840073032013,200.0878645760381,Test
378.90219951995954,207.93440435748312,Test
340.6314198229126,196.39493473341366,Test
319.24223118474976,214.17375336786878,Test
339.2867715462882,208.19237687760196,Test
336.32595493791985,212.00552504493263,Test
313.5466656669777,225.77337630850522,Test
281.4141248031659,214.39304871064718,Test
534.3000265810359,215.3964154826169,Test
494.3224582006999,201.14719548965405,Test
344.20790398126184,190.91284349825403,Test
330.2094605946717,206.43794890326035,Test
149.23475605397113,200.44951462066592,Test
212.26774652641672,190.34949184513655,Test
177.45594150234598,211.41052524669743,Test
209.5139283356444,211.0099972393188,Test
151.167167421373,198.08365302720222,Test
180.93580013093873,200.67915927233315,Test
187.91841291388548,192.85677383541585,Test
123.16349131845934,190.19820435578345,Test
107.17527787146153,207.7171743941899,Test
131.0443649108427,194.19655905027483,Test
365.2429368037979,213.52742141962545,Test
334.52173773655045,209.86616616368985,Test
187.95757019644094,187.49218116987973,Test
130.69190033506823,184.30677574631295,Test
352.42748230678615,217.4156783029113,Test
231.3806061193213,233.88157739454144,Test
311.71277890290145,242.44783862085905,Test
233.5277422189813,245.6725754530754,Test
255.906197610505,244.67618240888623,Test
254.23373596811783,238.60842701608973,Test
306.2690497554006,241.05892514088413,Test
295.8463754329859,206.04603995994756,Test
256.40061871657315,226.92135312954392,Test
176.0692550614526,212.08297035275586,Test
230.90063075262003,222.70978304397687,Test
351.91999764502674,213.8591187988465,Test
391.0280843957347,243.23627882265814,Test
300.84645567329835,245.24345715709887,Test
146.77879064008306,217.34603109671167,Test
138.00212362733816,203.93581690774963,Test
210.6844244136586,187.4756695015409,Test
186.8637114023879,201.0975798723876,Test
212.8651122113119,203.70087724517887,Test
178.77507319987816,192.56710604067337,Test
170.72865288523718,202.93359656848145,Test
209.20064086270483,199.02630254390763,Test
176.3851932900194,195.09869730688877,Test
149.4576047957837,219.52353766137824,Test
127.52946421159646,204.2924833950149,Test
416.28065389732626,212.64892300716633,Test
255.24529791996537,202.6075739119322,Test
134.32911367321822,185.73342245298386,Test
120.04341884219778,193.55180877476374,Test
332.44525992152217,202.07923358913746,Test
165.54914927173147,201.40856221235325,Test
214.56357239208913,200.64048927494184,Test
183.24909321634524,221.02996105456418,Test
246.80277106504238,221.71133049732836,Test
163.95263179562568,202.38189494361578,Test
200.72388431222032,203.93286712824477,Test
214.7703166945278,187.71111655307018,Test
111.68195554455104,186.99555292193136,Test
109.74748325302392,204.88194251784523,Test
144.14551950762956,198.72823428137266,Test
486.9563265006885,212.87413902642,Test
414.28842478435126,210.0260522616012,Test
246.86074311505183,198.4501484851722,Test
123.22557228662421,182.9830240599008,Test
532.4045535855009,214.68952040753618,Test
85.05050053242964,201.91391485633395,Test
179.51242138681,198.65788597158388,Test
135.5344725911512,222.97776917773598,Test
226.20824203329897,222.08911666218034,Test
111.13221358142556,209.7678939619955,Test
160.67042991334128,208.2008655506786,Test
147.4679013249792,187.24218751525672,Test
63.294846625679696,193.09984385446566,Test
105.42240751788657,199.86906912932926,Test
112.74552203092037,202.28968380735938,Test
384.73792667792327,210.38194412862447,Test
144.9544352653934,220.47687797933114,Test
188.97240402658414,211.56859600107884,Test
100.8877629712237,197.40175124733452,Test
488.11202618875996,224.1646288485936,Test
124.79863858727029,200.76620983377651,Test
202.54183162746418,198.00858093874984,Test
167.87452667834074,217.56139927654704,Test
182.7239732229321,217.74428945208953,Test
150.07584530580291,202.1509857156418,Test
162.65233480264706,199.65443945244064,Test
158.04840484958976,183.50837536294537,Test
75.25173505342991,191.36800401074038,Test
77.49401471288792,198.31007987398957,Test
133.23326742829278,196.09816167529635,Test
330.25324458200805,211.7291343764301,Test
156.61065986207564,212.3329181824699,Test
179.4252873486758,210.8871988486604,Test
60.373416094083254,196.60713282376474,Test
335.5733080209344,216.3110835585684,Test
107.79601482393149,200.28152397067925,Test
170.5956888405063,196.652004161077,Test
136.4271791181393,219.40258464570704,Test
204.7617151477236,220.35856693230573,Test
112.88726559030232,205.41200428036925,Test
140.36550478200746,204.3360448303903,Test
148.9934063783158,186.69611630260871,Test
54.626057858975145,190.26080193476204,Test
58.088458377231035,204.77056058721868,Test
117.91276958499529,197.32041740106894,Test
404.3491912925102,214.78424936424403,Test
238.46543511017865,211.8708638368416,Test
178.90481788511647,206.1519885695737,Test
103.0830814297702,194.98582329639376,Test
437.43980167658015,215.98735885235322,Test
55.37267160393432,211.05441016869247,Test
118.1995503993885,211.3150837935715,Test
105.7210147371294,235.68872836557605,Test
189.42003199126117,235.79671029531974,Test
85.29728205645652,218.7817781113534,Test
128.0368898349223,218.30972993861198,Test
113.96771276604423,190.54949420375846,Test
31.67467655225684,197.50026836653987,Test
29.93802577952566,202.51075510535077,Test
52.13187755046022,202.79244335825305,Test
323.94928882455724,211.34915203624203,Test
148.72290797813488,222.45750963902424,Test
168.6823860874006,215.21102631542985,Test
77.31966170350793,191.24770059036476,Test
458.4496826597858,227.97605218133847,Test
121.90174665872114,217.54089244049055,Test
210.73124287711158,229.52555209237104,Test
173.34161268976266,241.43244025504674,Test
238.70682288403776,241.6282794809225,Test
169.5939379141111,233.03132744530342,Test
211.42228523487282,230.99051355997256,Test
197.0248893219363,191.29476635543773,Test
157.87317220749162,219.04474897663135,Test
97.7718267344204,202.76049112006052,Test
129.26009513583074,217.38558898785936,Test
319.7359755149832,220.16142256073704,Test
177.59084852234201,230.62159571675363,Test
231.43770884419737,231.11054518873468,Test
97.47027794529343,208.4529000526009,Test
525.7604873675837,238.1697593043941,Test
171.35212974780774,232.4731778493578,Test
241.67883198005785,242.5209820796998,Test
216.1054317585302,243.62150949835933,Test
277.2198906474971,243.62081078568647,Test
210.16118396366238,242.6470873136597,Test
245.01737173277803,241.05046505628962,Test
202.54230161209347,211.40551931760714,Test
199.09140157867336,231.19143635417996,Test
140.99587927794573,212.93621103523762,Test
136.97063679162633,223.95384076960312,Test
358.3755110757432,233.7886445887749,Test
237.56961100047621,241.20376993487722,Test
244.57053636511358,244.87930785183534,Test
169.9677008510927,233.46845874318447,Test
622.0740943634812,241.61795331419916,Test
227.1080079718906,230.35491527081618,Test
301.2571251273939,240.03803413753405,Test
226.08040596689398,244.62858386655955,Test
303.52042505429336,245.67974620457284,Test
291.6932668492158,241.9709651514165,Test
301.08966865927766,240.77632982708457,Test
280.7846220917139,204.88756259613484,Test
207.1457076766837,230.30202239170055,Test
173.13319035544413,211.30259612916853,Test
186.46384651162305,222.81695604164534,Test
351.7024458464425,223.60447518134953,Test
353.4862754605049,243.85241229742627,Test
298.0722143246427,239.73027681270108,Test
182.38939394595255,216.04750267131755,Test
744.1235050644872,240.13275517142003,Test
132.27939433119076,200.28878970832886,Test
197.89137247481298,192.13051705163537,Test
162.92348443874397,215.35758993593734,Test
198.19742470181237,214.4217984076219,Test
132.08940355683998,199.7176682500332,Test
158.2614527212853,202.40450099412394,Test
165.71476570090243,186.86568840110363,Test
93.54280146986036,185.38500055771613,Test
124.173662108389,201.63073063382092,Test
113.6585250980663,195.1359888322703,Test
395.8075670816055,207.9496553791524,Test
271.7771667505835,205.03021453657175,Test
152.81958988894166,198.25931283933008,Test
105.58226493664785,181.1380923592352,Test
384.0305365907778,216.79790254351332,Test
136.83226126060825,205.05047161633607,Test
213.44123851512506,205.79303377608431,Test
168.07026622480237,225.36978863436542,Test
231.53555390293081,225.94000194955785,Test
201.15980139909698,213.60476912827906,Test
196.00663746905153,207.2585066794682,Test
162.66527899160218,184.5033614518108,Test
116.13413084599443,192.44957839125414,Test
150.49864172868615,201.39413786483107,Test
136.59536168757995,195.663282098516,Test
370.109820260834,213.09917437771549,Test
218.2236066575267,217.4025448863333,Test
204.5734846021722,218.10143677336202,Test
119.06739934735772,201.72222962832706,Test
431.7276211713849,224.30136562715353,Test
285.11181752454894,241.42983820618326,Test
338.0443601627409,252.010707125034,Test
262.7928588662035,251.3950448921969,Test
270.0518464489528,251.324154876413,Test
299.08099912427247,248.54824610660705,Test
294.086587879183,253.0186589760598,Test
332.51308601353946,235.09481101455182,Test
233.68355984053585,249.14111309134813,Test
221.92094555548522,245.22691674985555,Test
276.06361876460835,250.74608507251435,Test
352.81387184269295,244.4768754878888,Test
366.5167883267072,263.14921812736213,Test
344.3801455073561,255.69728638589044,Test
286.81175251934087,243.1988219203844,Test
76.48323778924446,203.4377027820966,Test
156.32592769308502,204.0899407571478,Test
126.2473826018838,226.61936525006996,Test
174.74320934751185,226.76051481991877,Test
115.265408703766,215.32463618662587,Test
147.28068163626497,210.68959154335562,Test
148.89419807130872,186.34741150836,Test
50.25398483913506,191.72946483614598,Test
100.42065401222877,197.59355477213373,Test
83.80982245483695,196.49202357948002,Test
382.527539748287,208.8769576954917,Test
98.31400322849012,218.17529785712208,Test
190.59978217598814,213.90525055202767,Test
80.68979848109886,196.50880548425658,Test
479.2642695444847,228.1197565626491,Test
87.23901889163164,204.40005664998648,Test
154.76421506522757,190.65332880410278,Test
158.00406517503995,210.26046538789973,Test
161.21857626975785,213.85938626507794,Test
131.70743231653825,202.8454480921427,Test
129.48734924521062,202.33430839629617,Test
166.5661884017131,190.55478992975065,Test
70.04505878753008,192.57518811062857,Test
73.06273348255617,203.34293597533525,Test
83.79119258025547,188.33050074814594,Test
377.5563136106816,219.26569638639765,Test
208.62970557061573,208.80585105262557,Test
189.37374701988256,203.31897367700455,Test
98.42118106689378,192.65258072121094,Test
183.0175627979815,200.78542226323276,Test
261.38667544329195,236.9690137850419,Test
349.05403478657104,245.14297847183047,Test
284.89266336937635,244.86569829600097,Test
303.77507724913653,245.14864873652905,Test
294.54015562350435,246.87396410624996,Test
311.29028093092813,247.17889220136115,Test
300.3853810879609,218.461117833816,Test
266.4940366821553,238.85923644694392,Test
208.06826729064733,213.6576212734083,Test
226.51569602319248,233.86989407477802,Test
401.7358420856703,232.20100146576303,Test
315.85597396890836,239.28520716285908,Test
327.86311002820855,239.28869589784483,Test
136.32197822012392,236.1006156312406,Test
587.3300611401356,245.09258547415567,Test
114.48125182177212,219.2928162680273,Test
210.4485732164382,228.32004447717478,Test
190.59440588129905,239.54506762486469,Test
242.0384395969483,242.12174309183476,Test
166.34615293858033,231.71358374665044,Test
222.30597589374696,229.24119456126957,Test
181.2303044594211,191.80280344672465,Test
172.2926104912891,215.39513692384335,Test
105.82278107824469,205.25903833334405,Test
106.14260314357767,213.2186870651035,Test
346.86184842448324,229.15471617173284,Test
205.28908118879517,236.1871005074519,Test
201.06358880801173,231.77762909449,Test
120.92252721297068,211.80896899065442,Test
566.8786549568982,240.9599478619548,Test
68.62710490074029,207.33981542541804,Test
153.57294683587912,215.76046557749243,Test
112.63328964767524,230.51860802235493,Test
160.42514969603593,230.8486487722365,Test
108.87491555305752,222.3917754312318,Test
129.80793843320762,216.6760424655121,Test
141.83052308699024,189.07282954789022,Test
79.27593354027894,199.49660709424938,Test
55.630119123104464,205.8403753023665,Test
59.89956076405403,205.0177360336835,Test
288.38993796744586,204.39917076055187,Test
109.1702574641701,223.17014245507696,Test
187.6547045788245,226.25905177210325,Test
46.65235534194619,200.86694058836477,Test
425.1111456217852,234.56542150077877,Test
99.69114073739624,206.99239456022755,Test
152.03027433771976,210.41607331053842,Test
133.197405988509,231.1637862310194,Test
214.630974220812,232.79421475777775,Test
114.68931289301784,216.2229213901782,Test
168.78491399681772,217.62201617608633,Test
158.7223818311102,184.4301761425838,Test
58.321825762333134,197.23889769391724,Test
62.647258070411425,197.3844537033098,Test
59.75858408589971,199.63963576861713,Test
332.44092691271635,212.41014251109146,Test
232.80131277783178,220.83758603669668,Test
192.80077065488757,223.79427372049096,Test
135.80555579178292,196.2696385749071,Test
425.3156280145016,227.40821304514174,Test
111.27602399778354,207.25593838425578,Test
194.24466877669164,190.4549151827415,Test
184.39256770121335,196.61328110137777,Test
199.84253551899678,204.53144569770322,Test
162.198006373331,190.75325179948317,Test
150.67577398271476,207.3808246844966,Test
196.81125472454494,202.67254236691255,Test
169.27621006438358,200.2847443136349,Test
146.42634382435347,223.77922141830743,Test
142.30975064181843,207.81204739178992,Test
411.27045917471645,213.86649189963364,Test
264.8101841039445,207.11523137969323,Test
159.3681919074437,189.66248459002244,Test
118.49355104692086,199.2637778497498,Test
327.38853598270475,201.02598341456255,Test
122.44519350930688,204.2451869449979,Test
192.04303020250597,198.98345497296725,Test
142.52294714279788,217.3157321397166,Test
194.24313062503393,218.01187322348005,Test
114.09519257600644,204.74930014648123,Test
146.55104006925663,202.1590589027493,Test
126.28475433884883,188.57929225898636,Test
79.55466106084631,188.40980760571068,Test
104.11600412444615,204.48283998743088,Test
97.6673748595503,192.16614179445958,Test
375.33084324976215,211.93276413176181,Test
182.63122056811358,209.51798361565412,Test
154.86951299687522,197.47057143398828,Test
58.95830847157707,183.27813158122513,Test
241.9532283353527,215.06101815603577,Test
329.3619567311857,241.24317628218967,Test
409.97482949942537,250.6080717667118,Test
356.285807130917,249.23443576447903,Test
368.09616547174414,249.44003637223247,Test
400.34963987296914,250.3450647666642,Test
392.41601873275454,252.38477155929232,Test
386.42099098950456,225.94905069202784,Test
331.1418386049877,242.15792544287777,Test
285.5667399572667,224.18616971618061,Test
341.9059967890938,237.46568039857326,Test
413.32162801784784,232.37009533056096,Test
452.37034250510396,251.8182831447054,Test
433.68204555021197,251.41768357600247,Test
309.61274531513055,237.13411897371876,Test
754.4872024547719,246.3618183445625,Test
107.24102420080183,199.507169308641,Test
169.7077205524171,197.82825317582495,Test
140.29073369059716,222.13867595826466,Test
221.54643383481397,224.60871404699634,Test
106.76488598310652,203.46271173442875,Test
150.11841191303608,209.51148749523503,Test
165.8309957714256,183.2829772450448,Test
44.53568816329272,190.10299977678505,Test
82.92752052314034,203.02763316824067,Test
121.55278443877809,194.658705767068,Test
315.4327837560073,205.19207604528427,Test
218.47258137410435,213.23055254534944,Test
221.94497094132794,216.57430151747997,Test
100.08706513823077,196.20808762743408,Test
373.98376960076337,217.99259618204707,Test
225.48607476170133,240.5760706360962,Test
275.93730335792964,249.26905098682423,Test
221.25493362895884,247.9262598564696,Test
217.21757872280085,247.37280654467352,Test
240.4332864552833,247.16217033978873,Test
252.5784952276826,251.88184618264478,Test
270.08140447147866,239.75367921448768,Test
254.26756764282516,246.36008946286498,Test
195.83593093752384,242.71713339815267,Test
219.77488168844036,247.3289750412469,Test
277.2487471103756,241.82782898857587,Test
325.0173264786943,262.5003315216165,Test
292.1301647755797,256.18135190395384,Test
157.19716820323944,248.62196814370367,Test
580.4976844067459,245.0178172658752,Test
101.90592258509636,200.99451192380604,Test
191.63492600519533,192.74657865983818,Test
152.43562669635065,215.06650521002177,Test
168.791928085797,213.35493754571095,Test
118.61580040538948,200.45191850208107,Test
140.17143517573948,201.1259692132382,Test
144.67194625662546,188.19263136035732,Test
83.28345946192033,186.93650500314675,Test
103.29006266894629,207.5211968801111,Test
113.80316428673041,192.02934572747282,Test
354.52547002389815,211.28681240560016,Test
265.96667251836215,205.30099599270633,Test
131.1366450886929,190.37192090671357,Test
75.38175024173867,182.80686192602826,Test
295.3440539763536,241.58039013648533,Test
405.31201580031563,249.862090785025,Test
354.718974829958,248.74924220698261,Test
369.2462595540925,248.3723780424163,Test
356.70028731529595,250.68173964827568,Test
323.65001647176314,251.0154852601567,Test
363.0910684013878,230.65841010018545,Test
299.0361715346869,242.0350412707542,Test
277.89274087394995,220.96648825363948,Test
281.7477588732812,240.1210041854064,Test
412.98067185186494,235.67722326421003,Test
368.2901821669359,252.32568351006515,Test
361.00165065868384,249.2347872704246,Test
255.52810458037376,238.2447242509638,Test
673.629554219825,243.92012687662051,Test
121.40304881525725,208.6267787312717,Test
168.6616420672362,201.95726182452435,Test
174.877760162933,221.7467001135032,Test
170.07439579962755,215.40913447402787,Test
140.386264283752,207.7730658824603,Test
123.34556288911975,205.54582473132126,Test
162.5272788546692,197.06338572327843,Test
112.13877332291369,203.06393872529586,Test
97.39601131436135,210.36362130552524,Test
76.55342920068708,191.1317423662589,Test
356.3805859784877,220.2843810172832,Test
257.62850753833567,206.99105225251597,Test
155.12498470649217,200.12913695592783,Test
96.70201506811058,188.28047241867762,Test
218.78407782712165,236.57399436029274,Test
294.55923964604676,245.10922988213247,Test
255.32763887386164,244.9615261328011,Test
285.5778041935211,246.11638906327133,Test
255.42335699255705,245.1842180858319,Test
252.09596807241542,245.90483597659716,Test
262.4586428926212,217.6207107690882,Test
223.54827002755897,232.83892777947614,Test
163.8506125086679,210.27472600345013,Test
200.9285174772819,229.62399541188543,Test
313.69153693974454,234.7527860582003,Test
233.08537960094898,245.4038809761503,Test
259.82695922410767,246.35619608628852,Test
173.52208241920283,238.81651523554288,Test
619.1650948078866,243.7858665526085,Test
269.1006440357073,240.61932874016378,Test
333.1007028349454,247.71684349935708,Test
271.963714201342,248.80911729984396,Test
268.9527365406839,249.56479830245104,Test
274.41548731870324,248.23364394814692,Test
290.657840368371,250.38129127809822,Test
281.9029715192071,229.1624546182468,Test
279.72608448392043,251.51358083312022,Test
212.48410555553738,235.93555852514055,Test
298.38911530444375,244.5532027534229,Test
281.5681452943788,232.86929290010588,Test
428.67415617995255,260.34381192149544,Test
382.9898436560284,252.05694207898347,Test
200.25085637780035,243.65404129561324,Test
644.0081993290755,244.97702831405041,Test
51.02044319853451,213.24369666544038,Test
130.91590479783065,214.91347685560964,Test
90.36669868738274,233.76529252248184,Test
152.93998803617953,234.38882971760674,Test
76.52249969393773,226.18624112855176,Test
119.24046617401984,220.97034911951306,Test
116.17253148658025,184.12304713353856,Test
56.86314782629569,200.40267109825268,Test
34.81182070545735,200.70152891006381,Test
29.379560284423718,205.47690063215256,Test
295.6695152925806,212.61719409489766,Test
103.65228957311191,221.06940054884782,Test
156.94861454076732,218.06310166533893,Test
67.36329920476423,192.9690130921888,Test
354.9046413910254,234.198237574864,Test
156.56641156140756,208.13053369382862,Test
252.2956016390183,209.35745330849932,Test
203.03639068579156,227.10151810216084,Test
244.7129198105895,226.30299486841835,Test
211.01838339312974,213.3400832899745,Test
222.49458605960203,205.17756129423512,Test
199.6015248863194,184.39096771574899,Test
178.96494905670548,201.2623293818268,Test
197.01506918137153,197.7283379885609,Test
160.93003130620696,203.64909776202919,Test
362.1793845712682,210.0049456359447,Test
211.9038625554074,217.0619128384555,Test
207.70207321632944,215.9510480337666,Test
90.13490290338495,196.27141495166615,Test
559.2010950694807,221.19441281721865,Test
101.34084554261837,211.12231588710443,Test
187.504442720413,222.98620386964973,Test
148.95470265491156,234.85323441529974,Test
194.57276302284816,235.32310519226607,Test
141.94554448045562,227.69856073623754,Test
161.01387484132277,220.62901961756066,Test
154.02182375275837,191.02631813288326,Test
96.0545044229073,203.44172681255782,Test
112.84305509515531,196.63708031631128,Test
105.92241142915846,210.5218403630212,Test
314.984333837035,212.6627537000338,Test
138.6700030779658,221.72710610245028,Test
205.80787046109924,227.53042244538997,Test
61.182640418571054,194.6021804841477,Test
405.6930896754056,234.33535446255962,Test
156.19608849750463,212.8854128941839,Test
234.50531317573706,218.83134381385867,Test
186.6029547175866,235.70793811226716,Test
265.9340344074889,236.92922801966412,Test
186.06897458313966,223.56276871761094,Test
220.80536498106264,224.80471441079763,Test
198.34964872911743,187.2023324667169,Test
101.21206260599456,203.50014860872278,Test
131.52201835798556,202.88887457707276,Test
117.19858944638733,204.562439260396,Test
358.992452620926,218.67294542452382,Test
261.7973770124581,226.65593602230405,Test
223.25982766506945,225.2800337606068,Test
150.99299839080513,202.4096104084193,Test
574.9387626742441,235.1468456086106,Test
105.5725389209385,203.35883378640142,Test
159.97847002416185,192.5211603576862,Test
142.39653808964593,213.94058405393204,Test
180.96955606545367,213.78327471740363,Test
96.92005256654309,199.4258686217401,Test
119.57228284128016,200.9595518783547,Test
131.53148830748364,192.85783640367944,Test
83.962541767955,188.08525894904778,Test
73.82148840993547,207.5220985123767,Test
67.47472542060443,191.78092800550306,Test
334.74831432876005,209.78677912486438,Test
152.47854737073808,201.24991266536742,Test
124.27937932514683,189.04347734568864,Test
73.1881278404096,182.0339067285266,Test
291.5882536310957,207.91917041890474,Test
156.50940453548492,211.26844176192122,Test
201.61342639534752,201.19107570740087,Test
215.70241259448122,201.27098752867727,Test
233.54856681991006,208.44000133543702,Test
167.175608083775,195.24974698288932,Test
172.14297449027862,216.56636529943182,Test
200.7959501934089,208.65335824862973,Test
173.61780831957563,209.68578617682923,Test
159.90102640010753,225.0284904442081,Test
162.128999094696,209.30070962137722,Test
411.44281271094843,216.3042338127903,Test
285.13249911086297,217.35743508396052,Test
167.3705553608776,200.1434250603904,Test
121.6181101854149,204.41221135709173,Test
469.2875773918079,203.87515091836457,Test
88.0514028121355,201.64486586881176,Test
171.98977073359097,198.3678906955901,Test
140.69435206713774,221.0864833752099,Test
190.32042248348694,220.9667495952139,Test
104.7168074722926,208.31333400461946,Test
141.78892955034635,204.47172320229086,Test
135.0484244791146,183.7289335789299,Test
56.77548799756599,188.7348138617489,Test
92.04209378560451,200.89585654235165,Test
89.10921217813504,195.31811964163342,Test
366.37165791917664,211.8057588742628,Test
152.2829591259014,211.24467867287612,Test
189.60658568290853,207.24986936643512,Test
84.9180663292384,193.8301134491279,Test
346.9823185104506,218.0604750998296,Test
265.5980802983968,241.82766800332686,Test
331.05848770354027,246.6555902403681,Test
256.1898160798557,246.81368880194927,Test
274.6917197277732,244.64929050392016,Test
288.88929292326645,246.5069099617661,Test
315.9861758730955,248.57026034345026,Test
336.8807910464992,232.9023422304596,Test
295.9197400823533,248.9098019205866,Test
214.27836109539197,237.39679132715895,Test
243.93616539248467,246.98027922510957,Test
327.50057283282,237.05307513076062,Test
418.01012478368307,261.01555409819247,Test
293.6569597807087,253.94262121890554,Test
235.17874227402942,243.44902356655064,Test
636.6237276438093,245.461417117204,Test
145.6042594409943,201.35745791616657,Test
218.75766571292183,194.8581090648645,Test
192.19073795235772,219.7053883773354,Test
261.65927341627986,223.46062162789025,Test
176.8986284059733,203.35560311268597,Test
201.54977043689794,211.99426081758747,Test
215.784952533473,186.56220977842088,Test
138.534941554158,193.15345608303085,Test
115.61547158502432,197.55039308303287,Test
170.86051857055816,197.35957204960113,Test
372.29328836295565,206.40302230968925,Test
400.133573199235,210.42760726771985,Test
274.95546597614106,212.92366995339756,Test
189.4910283048582,194.3893033315287,Test
484.26640979742126,219.624162388179,Test
228.22673149895058,237.4860023597961,Test
327.30911937721606,247.0576020762964,Test
242.34346661437348,247.90927076705069,Test
251.1300307501925,247.52292276190224,Test
250.68121611352518,243.41860749079848,Test
295.9202446593726,248.2039561939224,Test
292.72241936715886,212.2861773336947,Test
261.2517333457029,233.24421852578087,Test
204.39704130759634,214.51311082876703,Test
258.65543461155164,232.3965225144024,Test
373.8474426211897,220.74030052809934,Test
366.3047943614131,250.23688345100408,Test
294.0804278061507,250.7382909553118,Test
189.50613350119536,225.15395122753407,Test
642.9573081093343,240.67801999685486,Test
75.30935069950922,203.61349530210586,Test
162.93489845550462,190.3507387834717,Test
128.1712753009992,209.77400466650175,Test
167.35529628628382,213.8884524139021,Test
109.90827748469543,203.59253877065325,Test
126.00074709861656,199.9721883884415,Test
133.17312921058343,186.09029617869476,Test
43.790063620269734,184.64668641167222,Test
43.834143248567926,200.58084570014947,Test
79.27871765130804,189.09057282344824,Test
373.553034651001,217.71054386218856,Test
138.22693555091814,199.860915911982,Test
164.430822750839,199.05875573022192,Test
66.13777231946959,183.3835282433967,Test
238.04069457115926,207.79949639221263,Test
235.63222520805883,236.1799237983784,Test
314.80053189835024,245.3286434805449,Test
250.39975071593452,244.99094468536813,Test
321.3637458306289,247.07444970851915,Test
311.2604926830858,247.0419781621202,Test
306.9948709946199,245.46359826215166,Test
256.5389012109779,214.03497078361534,Test
241.39934693320274,231.3391053322802,Test
175.26078593414832,211.39841770083794,Test
226.722620393673,227.81093410224946,Test
355.3773945370318,226.4444996333227,Test
321.34294228181534,243.92129987380903,Test
270.6940576141129,246.4525430650931,Test
201.73297513277674,227.46878350076878,Test
742.0586047754794,244.04033218475465,Test
254.71283753685645,237.80852730738042,Test
328.34529694784817,246.0251341959571,Test
256.5581317140253,247.50262757232764,Test
291.7701441303585,248.7185652250616,Test
292.9360989154094,245.89700797530963,Test
309.05706389160156,248.83454590215567,Test
289.8838737821442,212.7241335159519,Test
244.41601313884146,233.28602198210984,Test
171.02061101023875,215.598765220638,Test
229.3955957138951,231.12061305042477,Test
361.4646424584704,218.37331568504163,Test
411.49737691175403,245.54302936882112,Test
322.7477576158358,246.86719651654403,Test
166.89911285391653,233.0889850366773,Test
674.8293203389628,243.2870659366602,Test
251.10266827635843,239.67492343128006,Test
291.5205508833646,245.1140833665882,Test
248.07431584629143,247.9329639976606,Test
238.4520342136706,247.5817724891582,Test
256.0654202368614,244.22329624520916,Test
286.7443948810778,248.09839831573663,Test
246.56971347753637,215.6394680712266,Test
231.60215991850734,237.24360559299043,Test
200.56890314479958,218.8914535558137,Test
234.5926516409968,236.76227080202565,Test
269.0127500137056,218.42332097116042,Test
315.6151629524944,254.46401103851005,Test
310.83965829413324,254.57643518498824,Test
179.2588183267988,227.0032128665817,Test
572.8278826121634,241.3986163745861,Test
152.43665819848795,205.36271538569707,Test
221.82133774251088,190.24348205005194,Test
232.3673483430651,206.029574436714,Test
215.1284442359228,205.07948809636062,Test
176.4271570306805,197.46220044902282,Test
177.81541753520168,201.64288258927203,Test
216.41304571846428,194.88175322926625,Test
157.18646304478386,191.60622104619745,Test
157.35313633546974,214.9763193151952,Test
138.52462236431163,200.33479450613092,Test
461.1501077286285,211.39475546218983,Test
310.2635463435118,205.4806172261983,Test
188.83410784865043,185.11925503370128,Test
125.44970298865567,185.3023518435148,Test
339.95989075465343,203.29343053032198,Test
211.91608605543826,200.31953912342445,Test
269.19721653837246,185.01158499816626,Test
240.94109381074853,210.5087217175105,Test
296.6164995312894,206.08134036346922,Test
213.8201380906406,194.71076848602615,Test
225.24655164977526,203.81282497109947,Test
243.66982831432097,192.54166154140108,Test
253.09658180568135,200.46515924868683,Test
176.20646379410732,213.65692257995912,Test
192.38670713989825,194.962149659512,Test
466.2378961959523,213.85175848641234,Test
476.5409473846351,207.929338776689,Test
215.77066387576727,191.66458264363922,Test
188.19274329628124,192.45510982181196,Test
385.9250044716958,214.25861130528946,Test
288.8688179106167,241.61893684611167,Test
348.3380876982399,248.97261460352962,Test
265.3478071069685,250.2903619376513,Test
292.1831113756299,250.7099469085257,Test
319.7358677996625,249.29042871598685,Test
313.67694174301744,249.10963867854852,Test
318.40927799435076,223.68196021021524,Test
263.5110599883606,239.6571282086477,Test
203.1335955979252,230.1349245487244,Test
261.0765943051157,237.3207894713665,Test
318.4436770179243,217.69071151377622,Test
424.1088968651481,243.99588589657714,Test
383.8461734393842,251.82945966692134,Test
276.9415185115246,235.33930461214672,Test
694.3481336968536,244.50232448530696,Test
173.86041872850265,210.38893107224428,Test
236.0088003923222,192.25387702640563,Test
247.15763686171184,194.92528845042582,Test
259.0744699371169,206.03452365914572,Test
206.8306040604138,193.13495608505085,Test
202.04183804665723,208.66203390865948,Test
241.19039875007718,205.5108883352715,Test
220.5292866013546,203.55021682297453,Test
181.51256094970984,221.6334971879159,Test
200.7425183971389,201.85722936791356,Test
486.29855089771127,215.6601373821387,Test
355.2755083667996,208.21013665309243,Test
216.61194405530614,192.32304641733214,Test
177.80654213587508,204.66705781946325,Test
489.02366212698104,207.57355699191348,Test
108.04185455211629,200.47093250270603,Test
183.13542527176733,193.8820785214213,Test
147.9816692720632,217.79629216152472,Test
189.9016871290208,218.05306891336215,Test
105.11548997506087,201.59395320840446,Test
134.5523735411233,203.77373964351017,Test
133.9990191821348,185.28194638802353,Test
48.30125788577381,184.42391951649472,Test
86.29308498163249,202.75037696761103,Test
89.99405824229339,193.4425780497953,Test
422.0865281464463,211.67483659569763,Test
253.0495216729119,210.81539505071325,Test
142.45102155893193,203.24975061793782,Test
103.61019530827477,186.12872558788746,Test
455.65298429289226,216.44859397026175,Test
