Loss,PredLoss,Set
195.9958379728995,187.2437678937721,Train
194.24375797697599,165.56296150465343,Train
337.2736015366681,219.27626960669568,Train
323.0740341347961,275.6219378791752,Train
214.7820374790552,190.9590260866412,Train
237.48165491166645,210.8607032688827,Train
269.5245201770157,250.7784513993588,Train
226.87245383450207,206.8794255523611,Train
227.75355539789606,178.73265789193667,Train
251.80274364573197,226.3840670344249,Train
237.96075723004853,164.00428710232904,Train
245.72759615084584,200.15946741715337,Train
227.91039172942223,179.69495138845113,Train
205.10326040812384,164.93186297445692,Train
155.0823126957667,150.77978600203832,Train
171.1810649321222,195.73148900371376,Train
245.58151118366,241.6673659002462,Train
227.38918657417003,173.40314425302725,Train
140.20988367033726,115.16310024187936,Train
150.52628657965414,126.12234580627141,Train
167.91033674858,161.91287413046996,Train
150.845296487344,61.28852703651066,Train
291.91803944590987,261.0155369334082,Train
123.55888956903252,140.87740181270843,Train
201.39000137248405,223.70933182108143,Train
196.47419714601835,172.38161119617598,Train
380.2641342859506,239.04295294245614,Train
340.1217186854916,286.31974481428307,Train
296.08982926340076,252.75495438926086,Train
132.95035544176892,160.20344356795124,Train
296.77852887974586,203.6800773286093,Train
195.18781753452677,209.46349096046544,Train
184.56893275133072,146.84949010306707,Train
258.73215510080206,286.08303902611544,Train
222.24401041440416,272.8127010378418,Train
278.1555538318353,325.01002608337905,Train
268.00417442301983,336.0507981187372,Train
239.59662501058418,266.69803090166795,Train
249.2694285252915,294.8642587520434,Train
224.23179710854794,312.29735028019275,Train
258.1739643759573,270.21213182436634,Train
275.68267942640546,320.72660769113804,Train
276.3644403383801,301.4112573576888,Train
257.0296248912998,267.5901639070373,Train
238.67823308516466,241.93437360020872,Train
223.49031834826616,264.74203240653776,Train
235.3102649199745,244.27539542446755,Train
187.54903718009106,215.67676423750444,Train
221.02459951242932,276.9319367221795,Train
347.8035320574211,297.53979448050706,Train
190.7900339749214,250.12699694862135,Train
197.82736105824722,228.12449690609003,Train
236.76977067247572,198.75864921980025,Train
195.32144958014257,273.18179408218975,Train
143.71888352005175,201.2864403092609,Train
235.16857540525734,305.623071748361,Train
201.93678108270018,262.76602183855175,Train
158.51823009850375,267.6594285225769,Train
210.6035167887128,242.82227337745053,Train
284.3683894454615,298.46148952237803,Train
412.1425313956486,386.9951667142209,Train
150.72057300683943,212.4337022065537,Train
299.7820382589756,265.56846803154446,Train
209.22106526323105,254.37234501117754,Train
255.15965335321098,217.02356384532263,Train
244.07072921842393,236.0596955574692,Train
308.99562875390825,288.5506030811722,Train
346.2334360246446,329.50387125139946,Train
250.42684893434642,264.1048624055695,Train
305.8137424601091,264.6626167522744,Train
302.42580196670065,286.7061831639766,Train
275.65630933119644,231.95772141222625,Train
262.15950350685284,254.74884955111884,Train
302.6384476366999,270.5292345701331,Train
249.32143417086394,232.44516431396715,Train
287.7084631093448,227.90775697585855,Train
241.3576170707303,207.5541168967034,Train
249.79953445214247,211.97330614464641,Train
223.18252536639827,177.0218426016616,Train
256.59380435068846,232.09543400795792,Train
351.65104312070764,260.32724662794465,Train
245.00907555330377,229.52662752893073,Train
227.55426795700706,203.13958263562157,Train
199.37363174993092,139.40397295564821,Train
220.27122247666767,201.45634143494593,Train
164.9325801175465,168.05315722947987,Train
362.2681179078296,310.0917033134736,Train
222.55855290122778,191.27957891603666,Train
293.5513207013464,218.49756125964697,Train
234.3096327195626,206.0897844910391,Train
268.906442923998,271.3467259183826,Train
377.0814800622463,321.45560687603086,Train
201.22595307986964,205.26227858318734,Train
288.0138979533699,238.59922485835975,Train
268.6244685018097,239.1146196782256,Train
213.77861017862023,165.2829215282262,Train
228.70890894140982,162.64785719552265,Train
297.61353241515997,185.79237410143236,Train
282.6444719504802,222.4788667417764,Train
202.67772386890465,150.7279826467716,Train
213.53139070746283,227.3345456021286,Train
253.5968611213521,213.66058720886835,Train
225.1745329308347,191.54945204104814,Train
261.8978984216867,200.1168677265992,Train
204.25746898659796,207.57990502463278,Train
213.4012506900421,197.28265247754217,Train
219.3292435320193,157.11285525333963,Train
216.4391338369666,174.77276987508208,Train
197.54144751252917,179.50460480489662,Train
177.02670112122996,138.91373909096436,Train
189.81848888914777,208.02798572853465,Train
246.9968014711609,227.77975632096644,Train
200.4732124149155,171.34489453924988,Train
230.11047029880947,149.72714564575082,Train
190.97068034379302,154.76898864967762,Train
253.3624694041692,157.74184704369677,Train
247.2950999369379,125.15332529679513,Train
365.1336264413097,202.66146229774446,Train
265.82941758978023,190.75897810595032,Train
251.6633128656519,232.48702211184045,Train
300.47131962675746,161.66085455846047,Train
186.83942604116203,201.43014194134167,Train
202.3891114709592,242.7583895640516,Train
217.4832193767312,205.49860622177053,Train
184.4776418527059,177.06421063107095,Train
157.80364334407346,222.46918694506496,Train
211.65038337298574,188.75932820180168,Train
204.32112191053076,168.03996122859547,Train
199.3810329017755,199.71172994292056,Train
199.94511766542837,173.8411373571737,Train
349.41273854564764,240.0747324107864,Train
334.6707450914623,284.92334948528315,Train
215.10222803317544,191.56630774543078,Train
240.1066279306737,222.92201367761612,Train
278.92529715936985,251.00565724637653,Train
235.4259382381426,225.32389529261,Train
236.10758954883283,199.2221779502886,Train
270.0881219792965,234.99941322958858,Train
245.2220221573496,181.22512441623564,Train
270.00929008299204,209.41079439817213,Train
262.3971174487478,186.677371150792,Train
228.94992575622393,175.46552059387523,Train
157.30291353958683,159.72744441457408,Train
197.7913003454559,194.89593282994372,Train
289.4858632063904,255.50764482893618,Train
211.16797130608165,185.22104179526508,Train
190.20112775424957,137.61726611841868,Train
165.49625005529745,133.3261129023384,Train
221.36396877274416,198.14085257156808,Train
179.79150860595985,96.3426240413082,Train
331.4191895026753,284.7289644421829,Train
173.7505859918439,159.52504811788083,Train
213.13465453887403,239.44460445798197,Train
247.32067390547311,198.2110987859367,Train
387.10811020009277,271.65396685988674,Train
369.4681429111113,298.4907570454655,Train
214.7059975823445,250.97067107173294,Train
152.13381954255942,156.37418029317138,Train
298.93423791917326,206.48011561893583,Train
206.70286392159704,207.3966352549533,Train
218.6210715474072,155.78276413074948,Train
144.99417692621157,170.78824827658912,Train
145.66902796134573,161.8117272091169,Train
240.8739948831153,189.30202715572418,Train
210.32398940768653,245.5384990561984,Train
138.70840794979657,156.33739951721634,Train
164.07424353398838,222.68263085966146,Train
196.63118135292802,232.87795348104024,Train
180.47150163569063,183.0167531443383,Train
199.33472395813237,193.10202014312753,Train
186.29193232966009,207.5351677166185,Train
163.30045280749144,174.342928419079,Train
175.86028539162663,175.19575709150172,Train
158.87312495121884,160.3641187727228,Train
157.47143008206552,153.00970547227143,Train
123.38180924680555,128.23720253152365,Train
167.8476557818547,206.26904640721324,Train
270.9631195540545,230.79298461511516,Train
153.87525067087023,153.0458133782947,Train
138.63935268485608,138.4587461182202,Train
145.70782343251278,155.14592711514396,Train
163.33755108087,149.05784890331222,Train
154.4050428331623,109.00148940431585,Train
243.5806206929427,234.33015609936982,Train
195.09838847325182,149.49882151174842,Train
140.08571273141484,194.8209552056354,Train
181.68955522193437,139.13964666413995,Train
222.77819158640136,215.25872754634608,Train
194.27808485156845,260.975943020357,Train
181.56164208400423,164.938267249867,Train
154.99530605127288,172.35345092956524,Train
161.04022691924166,217.28197149251682,Train
113.81383935728077,165.58737231785165,Train
127.39253092735107,147.59041129746294,Train
193.14535252547392,233.61483711080626,Train
202.062357158474,237.03583293857272,Train
340.00706501371684,313.28288814011853,Train
320.77590989478824,339.0351875991748,Train
203.2869341398237,232.19459939539945,Train
236.5926596773588,256.9543818310204,Train
246.99690755423723,283.1166303479638,Train
261.42424162632204,243.41606607083077,Train
244.23366078548622,254.76697116380873,Train
259.6481238017211,263.33321334187315,Train
244.29189512607024,218.9063619049331,Train
264.6649747585335,221.28439812468687,Train
207.48553246246138,197.84285504459146,Train
212.26736269911092,203.91250811427014,Train
174.39202772921607,195.3629211877681,Train
179.6600635046084,222.79405635146657,Train
312.93923782476463,273.51655252194905,Train
215.79730536367464,231.31624238706956,Train
218.6149129242201,188.4983790963772,Train
186.84156531584088,164.07539804565957,Train
204.14925196391877,215.52454939809803,Train
155.40319905116507,159.04685294286094,Train
286.0279783809984,306.31632033354254,Train
261.5232957265299,175.0813621291556,Train
220.4654619650076,241.10130272061696,Train
174.92002510528576,206.72817834829553,Train
254.99149965187758,268.2877808741939,Train
306.7940084549266,296.453508792951,Train
144.8877404028164,211.27699744334248,Train
305.5143862316939,237.47784971050152,Train
320.06078065882025,237.43146558867852,Train
127.39581881125345,167.90674111799893,Train
128.99246186949455,182.4132769459899,Train
188.02419181781335,197.49704729363273,Train
163.37819404559752,245.57682971330257,Train
114.76345791127153,155.84671326120326,Train
120.51692575138883,229.98123565420224,Train
159.7093235290114,215.28119058022224,Train
128.28459533816522,198.92800141797474,Train
153.8798334651195,193.3668912759312,Train
140.1489562651808,208.368889413278,Train
120.14319169403937,194.398949203874,Train
135.86253975169518,169.54517964354602,Train
129.24494547279755,165.01861722560733,Train
124.30700043814824,145.17221334126867,Train
69.32579631289732,136.77179682848595,Train
117.37125969744619,203.90139098371756,Train
189.20389067614317,224.28483819995893,Train
122.75713738558517,173.79957366592657,Train
67.97105192433115,149.29422778356212,Train
124.46674056647451,168.3441138309848,Train
118.0429972784843,179.97631366102414,Train
153.63280188652885,127.93458673482849,Train
234.05350148975182,233.47975809439274,Train
178.36602889245083,197.27360794522463,Train
134.57023858258964,237.65573801388183,Train
123.10436661888991,153.35710353746953,Train
129.73368893782595,204.76307187826396,Train
161.9935793266284,247.88861372671226,Train
124.20506431383266,191.50906564727006,Train
146.20665891223427,176.17491876887203,Train
127.68882158050215,242.69046291431277,Train
29.29485112663724,170.4786381006352,Train
112.51871800450435,182.37338738666446,Train
126.9102923588375,194.99816614126868,Train
150.8271012625097,180.69175545479538,Train
243.62878878472804,241.6148224226767,Train
249.1593316872013,282.63052886391637,Train
133.63424987888897,188.090905682296,Train
179.0700570996426,232.0208390080648,Train
187.62886007898453,247.32185506074518,Train
169.93621044698915,217.56442941353814,Train
178.78108265164957,197.41088751631742,Train
223.15898233601314,228.99622824553643,Train
177.05180662595006,180.3933259027223,Train
194.4595555214605,203.55380405774926,Train
153.85079067711925,179.05630022868922,Train
135.3822290225443,167.47280469540604,Train
68.39762842562486,148.13429455329793,Train
137.77234984143206,191.89185701037553,Train
241.6934342082378,242.9361582755408,Train
166.16632547800882,190.55161528799658,Train
90.3963322049033,139.46152166436747,Train
76.80090283185737,132.08206691657244,Train
129.76268730387517,174.0130239352614,Train
111.92981733991978,117.643330238748,Train
265.0166615023111,274.2607470246804,Train
144.4723453409041,154.99012640786097,Train
163.23512364381392,227.7237336360869,Train
157.89704848938553,199.5246923670436,Train
283.5747513978686,251.79435885458534,Train
237.4596681514155,293.7163930714506,Train
186.00114319370047,233.10375921298638,Train
110.30770148243838,160.37314498443848,Train
210.72147361624016,219.6909721405433,Train
185.2706594190348,205.8899201536538,Train
93.7060730880276,147.1908566660179,Train
150.55082858690434,182.28613153575304,Train
149.17207757701013,168.79636614869824,Train
232.71223354207746,195.39265503575314,Train
232.40541048715454,243.93974268805923,Train
149.98209024228834,163.22159842639758,Train
190.70832806755965,218.58147790179427,Train
196.16834136762122,217.97523061338705,Train
190.3909470178916,169.68088847917863,Train
224.04223654296533,196.1676374050681,Train
209.72563658820087,204.42725341544536,Train
167.75333383845822,173.80224132743726,Train
234.62532829373737,196.07260652163978,Train
190.73126748893552,183.6352456425846,Train
144.3416199540382,161.53347302887033,Train
126.4672109545883,127.53783421268176,Train
171.30709488970544,208.9272137396575,Train
194.6016284949474,207.2161005776234,Train
117.80997271601147,158.1791807252486,Train
88.93817427206982,128.67267015721356,Train
130.96665261723066,150.74704763956953,Train
103.033386207394,136.6144502213482,Train
86.44088283324693,126.69036720186833,Train
342.9444437487877,263.0376351723786,Train
229.88215017473743,159.25524377872708,Train
209.4844571949346,185.90837935754354,Train
142.18010217659963,175.4756589186522,Train
221.8767064018187,212.92498690392895,Train
248.7615658720402,264.67827632246264,Train
250.84605054749034,174.73759957839118,Train
89.54567575271896,142.2424905048276,Train
192.53355620295008,198.4506437289638,Train
148.0240828384197,199.85214602085202,Train
105.5267290236581,153.87746123059452,Train
84.30925716963162,199.02885446148252,Train
75.69761084976095,200.83475723052305,Train
181.86630442395602,247.51109763744392,Train
218.18467582090483,290.3594942518381,Train
103.19287883399105,203.8143884597141,Train
196.95493963623613,243.72340853786426,Train
133.2196101637504,252.78384278206528,Train
141.1524868306914,199.96126337396544,Train
140.60425463664765,220.33841955982462,Train
146.18407478864697,230.49840493244827,Train
131.1006700418419,206.67715004384831,Train
175.85404039623256,210.01479262572815,Train
109.04338457760174,182.63754244618048,Train
80.94418585181894,187.02910544227618,Train
39.00948405823094,152.5216150613254,Train
130.13480206657852,210.2901637586653,Train
196.997696450339,234.5288989749066,Train
161.44605221291724,207.34381962591092,Train
64.49038492881454,173.7135816600821,Train
44.28925313955354,123.87329554011043,Train
83.62554080598092,168.1818348016467,Train
42.86827097344391,144.67945362417157,Train
235.16294254218263,276.8811728427345,Train
101.40245093718198,170.05377258041858,Train
148.26261098324707,203.0218216302817,Train
156.99099175655044,203.88679068488608,Train
256.6879269038112,286.566630366024,Train
273.12228150676026,288.972688093756,Train
133.2032490797239,227.21291931130577,Train
79.04986204973821,144.89248448087227,Train
186.2838944754411,202.97194563825772,Train
98.11421769391198,201.83167829187224,Train
61.9605084866799,157.54682209984315,Train
197.37424189044327,230.80037789409164,Train
149.39877393890254,236.024875844918,Train
195.806811766232,258.77567341770094,Train
221.47869746229472,287.70131368070713,Train
185.2312407602637,215.5072671917837,Train
207.80471893387806,260.4447024367553,Train
219.51730047015087,261.78021108399184,Train
214.52724628707523,222.98030188638947,Train
247.56963765926446,259.74630145239564,Train
224.59258357893245,260.5901575609231,Train
195.2091872032502,232.78352157204188,Train
201.4194485322177,228.94397650844638,Train
160.38943258744592,208.39429937477965,Train
148.72336756583496,226.51177599147584,Train
112.38247196553002,167.16148824798083,Train
195.61217874701896,249.47242761087625,Train
267.7694782115467,233.63300612508334,Train
128.53715475699022,215.88670103789389,Train
161.10937501137707,194.3074322916082,Train
88.02639720216563,137.47354583964787,Train
95.50938136013747,181.71776743361727,Train
63.91373165774614,176.79339557461023,Train
213.74788544251103,288.9207565289992,Train
181.29071442745217,183.75268251245615,Train
172.1971661259903,193.46025227480715,Train
224.32341053289468,222.14795296944675,Train
278.47351993608265,265.2517771407365,Train
325.33959130645377,306.0933184567068,Train
143.63357722066743,162.49878318308222,Train
269.86349645977197,217.1834285709974,Train
214.52122083953083,217.2085198178984,Train
162.4490259801853,209.69213996402596,Train
281.5318848766467,241.36244014239278,Train
250.37172372941535,254.4198565687738,Train
289.59405701154145,268.68551745465055,Train
336.1846661974954,337.6119569442952,Train
287.7610972961034,259.2883148439529,Train
333.72986197958926,275.64970848308985,Train
294.8998218441574,287.04459021062326,Train
298.000351061999,258.839335916796,Train
273.6306558063518,299.2917207053183,Train
330.573983895152,276.2392036037809,Train
258.8459327675648,247.5685387927179,Train
278.94650242359023,241.299800121083,Train
263.64056040739194,244.67921739418742,Train
264.87569286322827,219.98092488435324,Train
156.93238978176413,176.3201694619745,Train
239.21993609334214,249.49783114137213,Train
334.07123564436904,253.5601278762144,Train
234.159192886755,247.32808990363927,Train
238.19477671158302,234.91945868166317,Train
234.63956459038621,162.19054497995643,Train
175.1764214451464,212.99973513533212,Train
267.7417403583018,212.4891398092912,Train
346.78575941767855,332.6819490722449,Train
222.53383736911212,206.3407748664326,Train
216.85965988726971,230.95612640895624,Train
283.28072316698086,247.88187868858762,Train
285.7851664687511,263.1749173401247,Train
380.4316787464782,325.37473409784195,Train
287.2009102298034,242.6902466332333,Train
228.12362943540137,192.59342596067282,Train
384.3884176169564,254.0237875876717,Train
444.4942009079373,234.8455302298147,Train
210.43519601736307,228.74459121115996,Train
230.6459190058596,234.8155904354784,Train
218.3188431438629,239.9148488003671,Train
312.5375892270001,290.41555303038956,Train
323.177857986228,331.6099576529202,Train
231.4286161427394,263.62820153820576,Train
296.45415978404435,264.23081098897694,Train
309.77541051937317,298.03632656014474,Train
245.11422015091483,265.54524451725666,Train
258.9623742313568,274.13670556690283,Train
308.1391204868185,281.1713459392954,Train
242.76429276348372,257.4876369574399,Train
248.33789106135265,246.92590365585684,Train
218.7471932717118,221.63145375276693,Train
230.35991538042524,219.8392470687797,Train
146.50423595933194,182.7844649922876,Train
253.24924208218107,251.87512437980754,Train
323.5553963349474,265.23861175834645,Train
213.49524010691766,246.19632276201247,Train
204.53758853107928,206.94730024910746,Train
201.1794466963357,151.79692525179908,Train
173.42668553061486,205.27899908907372,Train
158.74358973734962,188.41607577324066,Train
291.19830028966203,341.78513514688905,Train
203.73043125730177,218.24054670506746,Train
226.45299945789753,221.71194536220804,Train
209.02724914747864,232.88214790536898,Train
219.74824336927816,272.23756230554767,Train
365.6746182601002,330.76018623840594,Train
251.14351004881223,253.47186090438203,Train
154.48602694670217,217.02098514377406,Train
271.43392451361467,254.445094767433,Train
308.59586165450764,265.57730649891334,Train
223.55990122848812,218.6160285419527,Train
235.41426453817837,240.86027680732707,Train
194.13427977661436,244.83090665243617,Train
224.712918947,271.97056712809047,Train
255.60397915149736,294.51794463037504,Train
227.27635889720307,222.6143604915077,Train
252.7924303106049,261.2365138338384,Train
253.2299603688691,264.1602376338951,Train
248.76113318720542,230.35340231956005,Train
246.08918953810942,274.3072400364115,Train
277.0419901419889,270.26148049198076,Train
224.69773807261993,228.25267296471088,Train
246.55643333000242,236.69674641339572,Train
207.8527564608971,214.35061765131888,Train
192.11807591413645,219.19410616426208,Train
146.116252058252,176.05330799500356,Train
204.35020306265906,247.87393297103498,Train
321.0524208470568,236.0013641276094,Train
178.4855023257659,205.15809421951215,Train
208.77747469235337,196.72769619789432,Train
156.41732035026337,135.01410426623164,Train
121.63527126670137,171.7384300615758,Train
106.39660472681034,180.1205313602003,Train
287.19066790521106,295.7159475497027,Train
229.5762117064379,180.25464352000034,Train
216.8876362422671,210.3069383918918,Train
265.1908218359068,218.0954436801252,Train
298.0051936984876,238.7516344922032,Train
302.8976708195962,320.6245365151014,Train
287.36694083739735,216.57903623283678,Train
189.59373373408994,169.82968775570947,Train
341.09863188931035,217.14681573710436,Train
260.74274397533503,209.47346306874962,Train
194.08195790613945,227.01060528053546,Train
202.9186489177355,232.6044268815015,Train
168.68129915549628,229.12453948598173,Train
213.092594397369,260.33474294982955,Train
261.1905363879031,297.83483886975534,Train
198.93741202744457,224.80619100891897,Train
245.44877183665452,256.2162120790345,Train
254.1910288599926,266.812833132012,Train
244.12667382499865,212.6235928097586,Train
267.1022392841636,249.44748625536675,Train
220.80890578465068,259.7771446879035,Train
192.43552746962607,226.4777649806993,Train
234.48210433908986,225.7656686296932,Train
176.4131306878926,207.24928218443094,Train
178.94863639304205,214.66164180414427,Train
118.8260902262696,166.8018795555612,Train
198.64156605441124,231.82211881499524,Train
256.9125027721907,240.2991525104603,Train
162.862717129923,216.71987486712644,Train
190.6438932691208,200.15101746995038,Train
124.29927946623916,130.44700366855415,Train
138.5013273505228,180.94346008680975,Train
112.21149207942187,163.71606256937406,Train
257.29753116274577,294.3686177806487,Train
225.8741633782597,191.60898554465737,Train
205.7294748828586,210.27740659640898,Train
228.25178765760305,215.53607826273995,Train
297.0770543466903,253.0354911577146,Train
304.6989827229429,308.06647979048046,Train
235.0328245369442,224.80292498484667,Train
157.74473797469295,178.2019973782468,Train
279.6533130996071,223.59585959192736,Train
235.56044841093134,228.30804745029545,Train
176.01008586878973,159.01067262395443,Train
162.23929120699324,157.34831448141577,Train
262.35045196814895,190.25651041121853,Train
222.62598479067404,222.43517244853024,Train
152.84748163952915,140.90282582712342,Train
201.87183669446767,209.1974762194888,Train
206.89998675148234,214.22398656718767,Train
199.42351713296446,182.29418068672814,Train
225.65713226669087,201.48358053595354,Train
199.6045357599239,206.73143933714871,Train
184.42177639123784,191.33294294541224,Train
211.60885416063292,159.32906388016147,Train
191.43903775027457,163.3622774004951,Train
186.66576906810892,177.21336702024507,Train
166.91582088741563,117.42974477087193,Train
151.8891102973039,200.17259152607718,Train
251.4589681631075,225.34839214627993,Train
150.88212024001533,150.25391221389407,Train
112.72226161278219,116.73743040810294,Train
157.9352252988325,140.46877956046785,Train
154.18928200022506,176.12805780006647,Train
206.07596073732316,125.71707378506807,Train
262.2010841636901,213.60240456486662,Train
193.2314835144815,159.7088148548854,Train
246.06084243066675,212.98246945332195,Train
246.6750623124728,146.51731086510256,Train
186.47425836673912,185.41133241422895,Train
182.31454743634765,236.53469979278321,Train
162.91840462159183,171.34971441502037,Train
169.73197273722752,161.82717369525795,Train
216.8366338682053,196.31214091668022,Train
158.56923517618816,141.78225835566636,Train
214.89717535319303,145.70224730758278,Train
120.44141586789372,186.644760333774,Train
132.82214998089162,165.53445006694858,Train
184.79773859581792,202.72173992763112,Train
205.46347491636254,251.64821476674217,Train
119.56860634521352,159.68161553328716,Train
195.52789725472314,223.55021158130904,Train
166.06236621583867,232.2782745064723,Train
160.6756113243468,182.07139874421753,Train
204.94776491748516,200.69317650632377,Train
180.5494472553278,209.5609963950875,Train
139.07896193081135,175.6269971060171,Train
171.5363089439361,188.7252668909604,Train
131.57889158470874,175.83737468016352,Train
106.4214882947018,174.8333349291595,Train
86.34752574073586,133.23137177446534,Train
169.97534400915643,208.41672295436834,Train
179.87359132521107,220.53189465756031,Train
116.36805764561231,171.30356707812865,Train
114.92140431220268,126.69058954370392,Train
76.90488725590534,133.5611781933909,Train
87.93590712601242,126.77858154126456,Train
119.30406037261655,113.77095405217133,Train
272.3953954374339,268.41125565593165,Train
162.16502574022041,159.63716502626215,Train
177.36156257999156,200.81758513319372,Train
139.64518664872367,175.37189256194264,Train
242.4195558261357,235.92690577906887,Train
193.3414619299524,261.8111647527602,Train
67.74240179982957,146.72844680300486,Train
122.80445560926432,198.53512281006203,Train
164.12117400734786,185.56184502146326,Train
89.47583859599635,133.56380623583559,Train
162.9852526308339,206.86857737020526,Train
160.542761107583,195.22475477563333,Train
229.58376096919181,231.84577319507898,Train
232.29959124629013,268.9013917915898,Train
156.20114369098064,187.0255177508505,Train
188.91121650957922,231.08606767895552,Train
194.18435388491605,239.2539180464072,Train
184.21397942498749,200.43197748192873,Train
224.70565481968623,234.77611451537996,Train
195.94292662701707,235.47327745345945,Train
160.57356686919934,195.44306906016607,Train
216.5975755462331,206.0813788897593,Train
186.49878601695087,185.43778206428212,Train
136.51495265811823,195.85723158036606,Train
118.25139992204149,143.98433951685777,Train
173.5298121864433,225.55588554696988,Train
203.71775952686397,218.06680849600207,Train
151.2178530434425,205.13028462309472,Train
146.95008407374903,154.6509752647475,Train
87.51523320785384,150.19381015918896,Train
66.62408994583103,142.3833663662091,Train
102.82398769380265,142.38781387028638,Train
286.0684175890543,270.881305383311,Train
229.51661949192146,169.42831909236816,Train
146.23738268411194,170.71361997285794,Train
178.0769619610427,197.75628866758782,Train
207.89109358808474,219.109154123469,Train
283.24893281899926,267.94154260841793,Train
182.4457340924455,198.93634626831067,Train
61.58469613497704,146.93589093479105,Train
122.06736578138101,194.3927045802617,Train
129.06382788580623,194.79278126164206,Train
18.177620343827527,148.63915123609564,Train
244.45943164155997,182.89693445781825,Train
259.2144137933915,188.87928035944535,Train
340.35044154165473,212.66891852152023,Train
323.6588270714831,251.1828205669882,Train
248.19457620666014,158.1243338214938,Train
279.6159470064471,232.617829055214,Train
280.4294895025782,238.45836251990647,Train
287.6145539410155,182.3734722514104,Train
285.14354366410305,219.16699895271213,Train
274.48904950571296,204.18136568178934,Train
271.22236035584433,180.45350526280262,Train
278.84347621449706,176.69914891149128,Train
257.3063340138885,163.06145834075778,Train
272.85239708167114,154.05944322003995,Train
274.2290541014531,135.0250289212983,Train
248.03365384158326,213.18360162979053,Train
325.27212165801745,249.32473332634413,Train
240.44957073940435,168.64369506601344,Train
253.80453456865934,131.50949717935447,Train
273.8847443258322,162.04549511928576,Train
217.0080435283963,198.7864163412814,Train
290.27088122208596,151.46864965817247,Train
355.0456571829949,249.90845161461698,Train
325.03207269233496,216.05497597429195,Train
307.2586241303768,255.08853137881482,Train
348.6222556687967,173.58563618718256,Train
145.70972385544405,217.8805745725652,Train
154.82898032534877,218.0980791400883,Train
212.23181085153007,238.75623670135036,Train
220.86344290519745,262.1452446836923,Train
153.73989384973473,196.6612333959496,Train
184.1779863947266,248.8823899637352,Train
199.5372060493395,250.02231747394853,Train
177.54608848650605,203.00779016204072,Train
238.69131005047643,237.398184271278,Train
205.47017703361644,235.5973197901572,Train
169.26384745360002,204.98167603463304,Train
196.572321310427,217.63089083967344,Train
173.06397245766917,183.74284925087306,Train
133.3955986040975,199.0350106600879,Train
110.91173506431161,146.22568148095274,Train
169.58656350196893,230.93803554545042,Train
217.10782152289804,223.3734938195692,Train
122.48086888147432,182.29352612530266,Train
101.31030536848212,163.31659147880504,Train
112.01474067982636,143.57087289869926,Train
94.7763763730422,152.01782073726366,Train
89.94256056719333,151.5720549707631,Train
256.42867566614194,250.2931704295364,Train
215.38287513515303,180.93173678929463,Train
174.4453161745697,139.1337618253776,Train
209.50405823727723,194.46349268300224,Train
234.53130271353734,233.82498429536855,Train
273.965747571669,271.4899081876005,Train
179.75623843354688,181.65688641699012,Train
135.71228443729294,147.1576759287717,Train
219.47553082291068,213.06820779584322,Train
145.32362473976048,199.99702497526042,Train
130.90847227099255,162.7450459828421,Train
309.46297012791274,264.2816162006647,Train
296.201971304601,269.34729133011876,Train
288.18940149356155,284.3058071334703,Train
374.92211808293297,334.4017346074141,Train
314.7311049677606,252.76485423747965,Train
353.305848444528,273.3777463398951,Train
308.0047619401896,290.28917329055076,Train
298.9136319238636,274.1644796350585,Train
313.4191534200389,307.57482401833227,Train
381.8036475091812,294.5050649738081,Train
310.7400359992481,260.9468634690307,Train
317.22831889023956,244.26129018608515,Train
270.5271154847475,255.61263817441,Train
278.7684961821557,210.24734313249093,Train
205.39522367073693,197.94905025007517,Train
249.0045339687614,263.83354234750027,Train
385.40711936511855,262.0145272800282,Train
303.47032495465606,260.2357433390573,Train
275.24501385089485,234.10698487555769,Train
256.95811295076845,202.80847355798852,Train
231.73253365074473,218.34418703073547,Train
197.52446115216728,196.87277054834652,Train
371.6354768542537,329.5892222756539,Train
280.3802683597854,246.96857463148268,Train
291.0131914612,248.0604696468741,Train
252.28415387621465,237.80173156613483,Train
303.71897137855376,256.98053955899434,Train
341.21511048099563,320.2254741786843,Train
300.19135348618755,243.24013158759936,Train
272.0796986978041,238.6597816870059,Train
290.0550890009651,265.85853625793067,Train
191.66178577214893,233.34602515479568,Train
164.88062843150774,239.29408628580188,Train
213.2541139852263,273.6727122209566,Train
237.4703090216375,318.67063584056484,Train
202.68718185630325,245.28304217310207,Train
243.2621839942097,259.64282333054103,Train
247.43421653381046,275.5872908839043,Train
212.4791203989456,197.91895955283974,Train
210.07953979191234,240.4685578273907,Train
220.89486219485167,251.20700618903507,Train
176.48128093384952,235.59237283005018,Train
209.83879600890612,239.10748724968192,Train
175.33885957897633,220.31267801425136,Train
180.96740742002123,218.09406408196915,Train
101.89530718534343,177.7680060037734,Train
157.03791925042748,239.69775060302766,Train
260.580175492615,258.44883765747613,Train
146.17629528829232,237.2290334103836,Train
173.07096206985187,207.49491150743194,Train
117.75576680705322,135.47285450380264,Train
111.5262489149276,192.16241063191833,Train
162.16382001439732,176.42618290219102,Train
250.27449112215749,304.968065690282,Train
220.33915704855445,201.84123169203676,Train
211.80912234585327,233.05610594364492,Train
206.15323006847947,229.15379201845965,Train
237.24429170183691,272.7447023877354,Train
261.7710307058678,322.8623362779422,Train
216.2315408259488,244.95096983510226,Train
142.3153119419991,185.24510913089486,Train
323.98476042872255,233.06128495703896,Train
199.680689514189,242.20492182319236,Train
47.707170112932175,213.54708979138505,Train
196.13021501493844,181.203034450861,Train
211.3943696985567,177.9347676842017,Train
268.35145699232976,212.1554428569392,Train
262.5252175874123,252.44758312665851,Train
184.19212091999117,156.0480133445427,Train
213.3869929808362,210.85793792793342,Train
228.48847236898732,220.47483647949326,Train
229.93607317486484,191.38532122028158,Train
238.3083941896527,207.33323263059435,Train
256.75036718598005,207.46945516118117,Train
205.67985511025358,165.02594189116638,Train
239.0968579624732,189.7960616210524,Train
211.479034823923,170.78958375605984,Train
182.00137574263894,161.81526535584993,Train
164.92560521612862,119.09612873302567,Train
216.2729560868087,205.71746733080175,Train
221.13016280415064,205.3255946683593,Train
162.22572268661256,167.95175130278733,Train
117.4656746634524,117.664976636136,Train
211.78805539002454,143.0168936645269,Train
176.6646044419241,146.3486698499107,Train
148.85987458133206,125.65625054295546,Train
342.1270565689049,250.5251464089668,Train
256.98905972140665,148.15721248407272,Train
229.62396532788904,195.41435450926954,Train
166.65326989153255,165.95170578995504,Train
308.12569042596107,220.2309933979818,Train
339.4022792857169,267.57165348713966,Train
262.46796198121064,170.85697591556635,Train
140.95705581694858,138.13851283332838,Train
290.40031797801373,186.28052805335767,Train
126.74934727612626,193.95477718201988,Train
172.75511441317354,134.51674173988522,Train
337.51782379349737,265.9492322609133,Train
295.98901924562784,272.5128592153108,Train
366.7031686728223,319.4820277500691,Train
388.73635256743614,367.61879953913024,Train
347.1343180357684,265.42172275114854,Train
364.55943282008616,287.66633999368014,Train
339.5837316275143,300.69224571811293,Train
348.97851302577544,279.06180240287614,Train
338.401604917478,312.6755098936079,Train
373.64943229371454,287.341968794947,Train
325.61508722164484,264.34888778168556,Train
358.7985697012689,247.97679789938368,Train
286.819684438626,256.6482807432763,Train
315.6998797325868,245.19470079923585,Train
265.2972354552139,187.26030745334393,Train
326.15598245030384,268.0787623600876,Train
423.6127522910484,283.1868383973678,Train
382.6301763282213,269.941413711196,Train
315.95774974562784,231.48926316230617,Train
322.25215184410536,186.90125491502025,Train
279.62631255943785,243.7092148662834,Train
270.69349538892277,228.9434721624512,Train
466.4909084888722,331.4787148481555,Train
299.7484359925516,236.44564783496014,Train
268.73921734385215,263.1111821732718,Train
279.0367783610312,251.6306860554477,Train
418.8453872640255,284.6136460608537,Train
409.9837547838747,336.88746943551337,Train
258.7997656741374,226.9092553030853,Train
281.32740904455113,227.65548320163953,Train
328.08481103181975,273.8296461079185,Train
318.9388908569215,268.10254574214633,Train
333.0355686947547,250.22811198743182,Train
189.22657356054373,184.54097907996382,Train
176.4200910752601,169.37576266207276,Train
280.69585072773634,208.6815462054777,Train
297.75761097695795,261.6900287013848,Train
185.63650246968808,167.8213391975716,Train
218.36465794129856,224.36838813900573,Train
250.32478948317973,241.92968044498141,Train
217.8803171425678,197.4443032214766,Train
222.1979494303808,190.16896543075518,Train
246.07984718893758,220.8227638969461,Train
200.60524629017152,163.98293990775204,Train
225.77414673408254,187.1371581592103,Train
176.41091444262162,173.51727238439128,Train
185.08654852067068,166.24811578509141,Train
145.53722114871147,144.74056277535755,Train
207.14185612187865,190.5598388671333,Train
285.0656265157721,235.54313493820828,Train
221.62071405879982,164.5989501127937,Train
169.86017349123227,146.20832136390516,Train
96.25181114975388,143.0874951864834,Train
232.7149489574616,161.51123228695033,Train
139.103140233796,107.6246744915067,Train
308.4940567898329,274.50339425924363,Train
200.24225403362126,169.67986908380107,Train
190.70639392993806,255.11323393202807,Train
183.49351847118044,210.13786273758524,Train
325.80115971017426,247.74943024270888,Train
284.0803010983546,290.96215442965445,Train
230.95308432227395,227.67868750729056,Train
146.04672615801329,152.98472727466702,Train
251.96186814293893,235.4045871202365,Train
171.7566525603492,181.9050484393962,Train
113.0362949928338,148.1521810566053,Train
229.96597852820474,266.27473209050515,Train
199.22575379647517,273.5103179714457,Train
233.31081755668427,310.4929043155196,Train
302.6993320676093,353.2130667619222,Train
239.3510739915892,256.80420278345764,Train
250.78789761846852,286.7205672273153,Train
244.20285040688134,292.668478914653,Train
264.1212884373223,285.37531569653976,Train
250.91555466412993,313.93703214854145,Train
246.7535294706268,297.55462781992526,Train
243.27426846623456,261.64059551255343,Train
275.47777165095306,252.76940634922573,Train
247.1594205458269,264.76678516351143,Train
245.3640390247823,241.0566348461435,Train
132.52507173474413,201.6813202273329,Train
274.6848663397733,269.906436508552,Train
342.23204361286884,281.2286691718957,Train
296.9552602124098,268.90054740414905,Train
197.0083658401546,237.37039635334477,Train
176.03368882340547,209.84752768791867,Train
134.13487449433535,256.85628036550963,Train
93.77874316416924,218.95990118950343,Train
340.6754166182173,320.96344907934275,Train
173.85379279521035,244.99565619685632,Train
189.01705609364592,272.25012884967316,Train
232.55421923757336,250.62858200602506,Train
306.1502467251197,283.74963896107323,Train
304.572136900345,321.60182986083356,Train
167.94350531383265,254.87086749499622,Train
180.94298355209486,233.9164921873859,Train
260.5183244780361,261.27562148443275,Train
199.3965943929554,262.4793041923152,Train
280.5995233819336,267.2396489593251,Train
166.64144659567577,220.3366112305276,Train
158.17340933052517,220.088511416254,Train
301.3774435991556,289.37622615471497,Train
280.3735131352564,312.5445744934853,Train
158.4151835659148,220.40974933894512,Train
209.77814395436414,261.0419099220992,Train
224.46976248265696,275.6778391633036,Train
210.46632476450395,241.7863128143508,Train
208.0229873771347,239.58409292218877,Train
222.13102811623276,255.38998728016213,Train
184.39614820713933,204.9265265071794,Train
231.31834764985436,206.17790488226828,Train
189.4648580293358,188.93108852768162,Train
173.89762644437792,188.9328798238546,Train
104.15660077260276,176.10956361594717,Train
187.0274220888505,207.02613914399754,Train
293.488091171949,259.4527647808028,Train
190.2511201790473,206.59632284096043,Train
154.50173344580787,163.5419822593658,Train
91.6867134656728,145.43493560834355,Train
133.94470230240518,212.0448090672225,Train
122.32977873908153,137.6224023876649,Train
261.13693040349875,287.03151860434775,Train
140.4423595148795,172.76676618116971,Train
194.2224717877586,236.4903609631328,Train
193.09168737802466,197.33173984468053,Train
234.92887900271216,261.5924556092587,Train
254.08907944426727,292.68661566524264,Train
241.87850677798025,260.4674529550636,Train
141.20773367013823,182.67169605797903,Train
319.55996937916393,224.27316875074087,Train
163.73346724781783,234.55662437662252,Train
149.45472940744634,182.66258174001416,Train
184.45051954939836,175.97815488928592,Train
192.52642252305412,170.4227708727484,Train
294.9072614237605,211.50616042651038,Train
243.51669193371913,231.23700082226605,Train
179.10944696600524,150.3492347459848,Train
215.2403300660771,206.79833024511868,Train
216.3379503930306,221.46350873876196,Train
224.7999107239758,187.08191039068547,Train
243.68327056249478,209.9349881162724,Train
234.1762374919303,207.28744470822213,Train
218.1835355421835,169.99125391556714,Train
206.20516471325436,175.90516548684175,Train
231.171990338867,173.75418863576755,Train
187.74112500514295,156.436763451614,Train
139.44401687121888,119.40102487480539,Train
232.8560389513733,203.58438937090315,Train
258.85152681862144,227.1015657980993,Train
186.61939438013712,185.02657751825092,Train
149.60404336789992,106.59528631694758,Train
146.0447276896897,139.27380663776097,Train
212.54255991379273,124.20943353985103,Train
125.88893956900363,111.00333754467013,Train
291.58254218988714,223.02920947637497,Train
200.21483793762124,161.9138193787642,Train
232.51274079410734,207.08371277222236,Train
209.4532881292667,172.36817773509313,Train
252.06552210657048,209.11821612224793,Train
273.0349039861873,265.3222841617129,Train
161.84511145236036,199.60046644998124,Train
125.23593703891646,156.21592885558692,Train
277.3339105277855,216.67879928388444,Train
138.60130121246323,180.80709947689616,Train
174.32071840827152,136.6977896830067,Train
278.4687497024835,277.49889232782493,Train
257.8210233447501,277.71407668195417,Train
290.0435753232152,312.2973183095626,Train
340.1304040732348,372.78338829197514,Train
291.6936661449288,276.0325619556852,Train
313.1204867888581,290.19441616086704,Train
302.27905849630986,292.14584110664714,Train
305.32403725500296,284.3952084999273,Train
263.43795492689793,313.9901279209784,Train
341.3261230999142,293.7823589581617,Train
273.03391400892815,258.7967049325564,Train
300.06132765393977,252.19311038865257,Train
284.70161604839063,247.27352747664077,Train
282.40836403494905,242.7064941433085,Train
170.80814186107025,177.32300480145608,Train
281.06130500496045,258.0118984832824,Train
386.34083887140656,271.0302901277785,Train
345.6017420527359,265.7413099171804,Train
247.79866496305212,231.11774203377513,Train
237.1910735789376,189.33384480705382,Train
205.6745513877116,241.92040746856452,Train
217.45797832491095,229.29437674185294,Train
362.8208648018941,351.67103685745053,Train
248.74705945463865,254.9733752057295,Train
250.0055059638534,326.2357091322517,Train
228.35156898156214,244.9645936570052,Train
306.0296382267744,282.26400661369917,Train
376.7987766648755,318.90866044827817,Train
212.36026111974348,237.91286679052033,Train
253.82606034414283,249.04788069724867,Train
300.7326831324642,244.6022367191799,Train
153.6374499290764,185.88025970008457,Train
158.6971480254559,163.33720227266394,Train
287.69427297580273,216.91212795895092,Train
277.0029151942541,285.2370775997856,Train
165.29997339962725,185.09917534477762,Train
181.35265674910573,216.8065162140382,Train
227.49683137007992,243.89739610738673,Train
192.3523230242381,209.5869693346216,Train
182.885894230343,198.3616690632337,Train
221.45388375081478,228.96176043628526,Train
197.722787124522,157.11128343568058,Train
185.19260435146452,203.17080736193503,Train
160.8952124212237,180.18652371028037,Train
148.86333543164238,163.885505816378,Train
110.87214023912883,168.00061209696327,Train
113.3075391517045,199.53475271599072,Train
202.41197492793455,240.34738739859844,Train
173.44489071390058,166.48628808363455,Train
103.62485617049404,137.2753865094781,Train
110.96208278954057,143.44178890065456,Train
205.87718872561334,164.37377526370585,Train
139.12090816136921,82.1528230214744,Train
271.50169162713655,288.32013064724885,Train
155.36058374393866,179.67879637813147,Train
174.36600011837746,259.7970327519929,Train
161.21298652683012,226.08532574191395,Train
387.76931675450436,286.23128612479275,Train
334.05352629920486,311.181545387016,Train
200.2555833396842,241.6398246307836,Train
69.77343083546319,149.6616646963825,Train
213.06915764826817,220.29501035739406,Train
83.39424922495694,182.6106343905218,Train
55.073613988840236,161.70295190860176,Train
109.11974265554153,166.86518991636754,Train
117.16215555010805,142.99710419032505,Train
212.57960798396834,188.20301250231807,Train
220.76122440887997,262.70182432155957,Train
128.52895652946864,165.39424883380298,Train
154.62933001903968,219.54238860099628,Train
194.34752771024245,228.01607073596253,Train
185.8807284526816,204.0352007467175,Train
176.92913113269844,190.20073022838608,Train
216.97058515932605,220.89266666879257,Train
163.1064081658192,153.324646703871,Train
158.83660015217777,187.8096984102209,Train
156.32026646523101,171.39120760611488,Train
141.16116111840182,152.00231142175352,Train
101.35624935069858,154.10294126437051,Train
174.0933899904464,194.0260683364691,Train
193.76579426323065,222.74131631589043,Train
110.59705126488068,136.93517436737133,Train
90.72905352387319,129.4567692651342,Train
80.65493212335201,152.8015802538151,Train
112.64685172059369,137.77521957240663,Train
133.5970646732445,88.82347253512806,Train
262.45968441798885,257.94432225792286,Train
202.05153728115295,172.9321981593934,Train
154.4680308470744,257.19760415593004,Train
182.17745529390672,181.79562096906108,Train
296.8883178396935,245.53675070024443,Train
251.01522138324324,263.06785011825406,Train
211.617151463631,231.3960674627135,Train
109.24217800046902,146.82408689344751,Train
174.58324553506992,194.27929851196086,Train
81.46350359756042,163.922665651008,Train
128.1026941254499,167.5521500923628,Train
152.4740211225032,163.93052697875578,Train
137.3736510414915,162.1788569322091,Train
214.24950081232737,182.4081449377593,Train
235.4093737907243,248.82334920664573,Train
138.18172677249697,159.91800712506893,Train
168.88909777992373,222.8377217402974,Train
187.1435893870799,223.16972276577812,Train
173.37161383460767,187.6028062768543,Train
188.48113445121527,195.49541778632812,Train
195.73573111238,211.44588006987246,Train
165.12937999055714,171.45122386268054,Train
173.66208108574696,168.0899462366094,Train
170.37224415865813,160.8944121281798,Train
147.8338343979492,150.99306516145518,Train
116.7068726227589,141.57658679477572,Train
157.5944976733916,200.88611386171354,Train
253.58276518032807,233.96950326501994,Train
150.37606728368522,143.9211365604466,Train
181.0480112233627,121.79697611426937,Train
128.71374070802062,144.82963463159052,Train
177.95047599456876,139.4798313640219,Train
148.6992394556641,90.22535274152114,Train
241.9005671550047,229.18864846530357,Train
201.48956269171143,169.04170708480478,Train
174.72037920472368,231.40333057695074,Train
155.62312017687157,151.60045624726442,Train
245.6929889068963,218.75323966046346,Train
200.0338634388115,266.23245577811355,Train
182.77862990831244,198.34695630097985,Train
157.98252184589845,156.91871073728112,Train
170.70741958537462,201.090553463399,Train
103.97023246999782,160.5572450758303,Train
106.75814761514495,147.1556413115093,Train
192.61223444148249,183.34636007372794,Train
192.91780551336757,185.34954185607435,Train
282.5658771650319,221.88761204338388,Train
260.3774728938441,266.84546347776603,Train
194.1514741317146,146.08939122658512,Train
250.25909658057148,204.37116184192504,Train
237.80326412820364,218.10228101031936,Train
247.88874451160234,191.44732942474465,Train
256.6373171556694,217.1030074873541,Train
258.62832120359224,202.3032900030147,Train
201.4872544250979,170.88527774040517,Train
256.7141168201862,186.32250239535756,Train
215.56976351334652,171.1028627202283,Train
168.8089083888572,154.53814386826264,Train
166.61784805571463,111.21396352035455,Train
218.10227904694713,213.8908473318348,Train
237.19378408727275,218.20551128634153,Train
199.69504502005395,169.6584093251085,Train
133.5924018488031,120.23278814501845,Train
227.81269118720076,149.66869721181334,Train
171.57386154488552,145.49880930601933,Train
160.4929286226133,124.67199280763877,Train
356.63494110069354,240.39479299391266,Train
235.1892489499,149.7815015730339,Train
197.02275357760215,194.76742489283438,Train
187.16250729355022,163.1148104648116,Train
311.413941094835,220.17876354534707,Train
282.7562559154069,256.76455653867333,Train
230.8135286144112,172.32802962587994,Train
197.37848649284405,152.4563634992241,Train
425.4343253905636,197.7461148467787,Train
176.4186462438638,195.80175177715134,Train
194.94712819944436,130.9245735223557,Train
298.18824191386636,276.859125775428,Train
283.01906917942796,278.60494991554657,Train
345.97881924279056,344.50076574676393,Train
349.8014602598741,375.80454526865947,Train
293.21584232372663,274.02636124226063,Train
312.72093386541957,289.15942880204244,Train
290.994120389049,303.8794115196912,Train
302.9940938678694,278.54444363921465,Train
327.22089408365025,325.53303475646237,Train
333.9456311615743,292.3589595208385,Train
299.48687288537093,272.37577881014033,Train
314.84461925504,249.87581522035595,Train
256.70339719363744,267.3179084794675,Train
317.0188702705816,259.7520443423669,Train
224.4570767317564,199.91345842272796,Train
271.3168862392822,276.56608814521724,Train
396.8086734696247,295.5615948568178,Train
289.90473192820536,276.144461755719,Train
273.3142268470531,252.96210138264394,Train
290.30704564632384,190.86748117380583,Train
216.39058718402492,247.7493612654221,Train
282.16913594898426,224.22950327859562,Train
394.82493806912316,319.6291162221975,Train
226.2323963712937,223.32474242739826,Train
220.0860562470186,248.38473653870216,Train
261.68135383630795,265.51520725151477,Train
400.2015183579054,295.1848844729444,Train
396.7124056179331,346.3269710436848,Train
224.4563483532794,254.166321966228,Train
245.7394038285979,222.01887878831187,Train
282.1329066851351,267.5347279331991,Train
307.27885311417475,262.9335823419778,Train
243.65309956663472,234.18637086834943,Train
199.25920529307146,244.7214052314626,Train
245.6595252230654,269.66812193604653,Train
292.29135653090975,307.81780611916207,Train
234.9231873261454,236.79320360673856,Train
292.13379554079006,269.03272024778255,Train
275.7495507171068,278.60009568893923,Train
263.29134986699944,235.9104452553206,Train
261.196494265629,275.7129231612326,Train
279.7591945282934,277.9751843567904,Train
249.84279539112094,231.6441811247023,Train
251.94729685411187,231.1853021082263,Train
199.97302038508536,223.39197545668966,Train
205.57269891726605,223.5548266054009,Train
164.43925924510802,169.01720799226462,Train
215.8862048440642,245.39170698409828,Train
304.9537295753642,249.84865532163894,Train
194.53894227906787,234.4799374959768,Train
210.33959022909445,214.65081788560371,Train
154.32833702837712,149.8080522669917,Train
133.37496167212242,206.10366915450993,Train
144.97625255778752,179.67102994909928,Train
307.3315612227377,296.05884636000025,Train
244.2479658869063,187.95018440455166,Train
220.60488035312767,215.1227214188587,Train
278.5437984835527,248.19150700914264,Train
308.6216135499374,254.71872167658154,Train
305.85730646078474,320.7679984569634,Train
305.40232581586713,236.0879958015012,Train
193.6116522601023,159.6261972559449,Train
308.3288565488,222.52851325304368,Train
240.78689865958302,227.23230888906656,Train
157.57773648166852,201.4716525134778,Train
316.1956974349015,237.5863816430758,Train
296.2210089904011,268.4738677171572,Train
356.70413192733605,291.5088004148081,Train
379.0008996370611,374.06516269467386,Train
334.28413515062994,260.95090281799224,Train
352.32441820386174,293.12812920822904,Train
341.46770839410067,313.86692654967493,Train
337.32498108703135,300.7142816350782,Train
330.36032724325787,284.01881800099034,Train
372.9368328711224,279.4849200147488,Train
325.21903923776455,252.50877737648585,Train
330.7069463431843,247.12456704991467,Train
286.9242737127852,251.68720147805874,Train
294.9005541873818,226.67347958845454,Train
234.45812445832786,185.8103673607235,Train
281.40487209210966,265.9495394538654,Train
414.03360093926574,290.9907168397046,Train
314.18496405579066,253.27585967925057,Train
293.4964944256196,234.0578567657484,Train
299.85464353695664,171.13336804806906,Train
260.79120384149127,226.16384368256317,Train
315.15017326212677,211.14954524925918,Train
455.1064892328783,349.7316818701772,Train
267.6019063814145,231.07522149658743,Train
268.1362233907143,241.28592965654877,Train
313.7335624202232,227.8530371595953,Train
372.7235801683006,269.8705158238982,Train
425.4920091095757,327.44512259631335,Train
298.164100571718,229.58431387795784,Train
264.0177630925855,224.08219517059007,Train
411.9498368066505,254.5079991366037,Train
420.699217814373,244.3932475538494,Train
313.0165251080307,235.79784214320938,Train
163.47538991077775,232.70178086338012,Train
151.2730499267221,227.08806629535218,Train
290.8771983260831,293.7926630926438,Train
283.7848923197034,324.45515883008136,Train
168.71558129936997,231.5014668474769,Train
188.45112423677722,263.3170416027928,Train
220.62589201995308,279.3819230446903,Train
213.58382713830474,240.6558377795202,Train
214.6380269143047,252.96173377063957,Train
225.2559446336935,277.2646819086286,Train
194.55683994016567,213.73045759256874,Train
224.0407128337211,226.6755059833577,Train
182.24272675558214,194.8283578691377,Train
163.20756331435993,196.30701975719828,Train
107.67004208672077,194.61689995935043,Train
159.09019703688747,216.55689070877335,Train
265.65816613291514,276.18460104078537,Train
187.46549845961857,224.28629961739136,Train
169.84345017013698,169.5645706534508,Train
103.62956029447022,160.97130344051143,Train
131.9915568173684,185.8984331870636,Train
96.43983541033121,150.0233610370805,Train
249.61943934888671,299.165582215673,Train
143.6031738844421,179.15306662353638,Train
201.02757998724763,216.63732869583203,Train
204.65473915802528,195.23109812291108,Train
203.61212284791407,260.83753797468506,Train
285.59539293636783,304.7300624194304,Train
185.8895923089695,261.7692275258271,Train
135.8005215931177,196.04161695146394,Train
288.4373372758307,219.52019827813777,Train
262.13862783695095,242.76754132486374,Train
165.9269272371033,172.57318629107215,Train
194.88318265128683,173.7642279346485,Train
225.55148189985962,186.88975621297186,Train
221.5132288427533,248.30859891859774,Train
168.7560636839452,160.99071223028494,Train
232.79469355753574,224.19200461886214,Train
226.2225053029944,209.42505206120842,Train
172.66737152063104,196.09658923099175,Train
225.9619928839906,195.17298033400087,Train
204.28602851555084,206.26097993205303,Train
179.77032145933268,213.2016205412541,Train
194.41487171533623,182.28619944278074,Train
197.5447148372396,175.5120284395678,Train
185.21967928356156,154.19907461349058,Train
156.1949303688744,137.76459682703887,Train
137.31006635667757,204.12141731887345,Train
215.26042410302446,221.37370982068217,Train
179.9963320316196,183.88770212519685,Train
180.9917524571007,167.42185687825088,Train
170.42740306934738,168.22877433708214,Train
208.93641560517418,196.5768700506087,Train
224.0819071380113,148.96685711722947,Train
264.14954514067597,194.53954425061005,Train
240.2295136167208,200.6026271034139,Train
209.7655930826703,232.40327032973553,Train
213.69525805915382,135.0051167547012,Train
184.2415948373252,185.84179651525935,Train
210.51129353907663,215.76461635250521,Train
215.67077671332032,212.9684670400082,Train
197.71056118581245,171.5403879796,Train
206.77370758188468,218.6347929993398,Train
196.77008614476972,160.76053048697253,Train
143.7533183115827,168.17866649224914,Train
317.6280914570964,280.45525280400966,Train
290.14800669412074,278.7102202562299,Train
317.27480653488465,328.31711435582525,Train
358.81283452381643,353.74557268175454,Train
304.6409292850286,265.7449040550971,Train
315.57722796122147,284.45640694306906,Train
311.07290880758586,304.3605687716074,Train
325.58370256346313,281.1445905529349,Train
325.0934185950374,322.8451506868606,Train
331.23940891201164,291.3533545551865,Train
317.31066256236363,267.1456196671865,Train
311.30717954609315,248.01522546461337,Train
319.4855593871225,272.8296811878424,Train
320.2289598632002,270.5690778759241,Train
227.48806779921784,212.08317512710104,Train
277.8483104975472,280.407106071813,Train
396.37721700533183,298.147417369001,Train
332.10512451814844,281.31047450942754,Train
215.2019130365657,247.71632115870307,Train
368.9126824016503,221.75340144277652,Train
274.2262588037767,266.0403100577266,Train
225.8362463700386,220.94076238557807,Train
426.9359233542993,326.41996749381724,Train
281.15819240223937,252.9209503438061,Train
240.41106732295316,289.92625383260304,Train
306.63512002217453,276.25522489823464,Train
422.9132582762661,311.2169893852365,Train
359.04420356739934,382.5042460880518,Train
283.0645152607922,255.53558568507896,Train
335.00388166305146,233.02729713604242,Train
330.78882309208115,277.6200949792128,Train
193.62084160963116,168.33037226579842,Train
197.34575545667997,166.98807221462,Train
269.43489826559346,201.6585120254674,Train
247.1751649980999,224.76535714286746,Train
180.8189224535958,140.31138934763118,Train
226.14747116405292,211.9423040040258,Train
217.12652384883893,216.43879184986076,Train
216.42054439696489,177.34316292145687,Train
246.08850198624185,205.21505563747564,Train
209.3190606394619,208.4489411286978,Train
204.38964812076574,193.46584700338096,Train
217.30026443015322,168.48567033279878,Train
224.92958020756927,173.65166325167672,Train
202.55090956762453,174.08279103326214,Train
182.22427108137387,134.56944338230204,Train
177.57228632681836,207.615155617603,Train
269.8816597604018,241.24824149411413,Train
175.13039273066346,163.8637566103264,Train
135.76903557679768,115.55674960631765,Train
187.7971084784096,148.8355707109213,Train
162.86296236091974,181.64368347057402,Train
238.25894648694322,131.39071045897128,Train
272.7499087333356,200.20887818487267,Train
223.65713209528695,164.89108273394964,Train
290.25191971037174,219.99719490216077,Train
253.87033594338538,161.00636205428884,Train
197.60515238655404,196.54185046348564,Train
215.57774981062073,237.62241833634008,Train
172.88628760144894,176.7105133901659,Train
201.8222279682102,164.8089788549843,Train
215.04594931586973,217.37901210660095,Train
257.0067349538833,163.27558849409746,Train
219.24379924423755,158.8334805234996,Train
229.02082562184407,180.68690971771912,Train
236.43329204997775,184.65014363863435,Train
343.58953388749364,223.3550016694304,Train
307.379114807309,245.95733381287994,Train
234.06349696634356,160.83894811109445,Train
268.87082930956495,206.0639494110324,Train
266.8323000899337,220.1074516791977,Train
269.51153091715776,190.625005168063,Train
292.13967555040085,217.04869908915236,Train
286.72411807357946,206.12171319837913,Train
253.60857353193177,177.27928791601727,Train
266.2930419254577,183.54565082990518,Train
231.74936137401616,170.8504459713235,Train
188.27752325415753,157.913744143066,Train
191.9183542134877,110.79477120929718,Train
239.64652471707825,210.95273711636924,Train
275.70287003598406,205.25336313444086,Train
214.76164213460154,201.58935568805873,Train
205.62564317607195,138.97663282560006,Train
236.45383955001,181.45961227621962,Train
218.31537069452293,186.51351348196442,Train
219.12304797571034,131.66722779380305,Train
340.4076715913212,274.3957347081261,Train
248.048739695503,174.5290224349955,Train
275.8769576280639,215.15645992174382,Train
237.20275282924638,184.45248462252684,Train
301.730983696981,244.4064016956891,Train
295.94254933529044,277.75974230027794,Train
244.5656849236342,187.4234081830079,Train
244.1272548736682,175.56429354779152,Train
537.7221595942773,222.25855398228788,Train
190.51197334721968,182.16322172451572,Train
247.60688237955333,152.2413614690551,Train
200.45580494919557,173.71566931697595,Train
205.71678050845622,173.553615960378,Train
308.3995819556367,210.68483324248908,Train
267.78392584785047,234.62071239065563,Train
175.7383337706089,147.74320594534248,Train
208.83672586703977,212.57661479750507,Train
227.50756112010097,222.91743286005644,Train
222.19475824492935,185.7999623648202,Train
255.11752155428235,211.04784893889996,Train
238.68812514989133,211.24032910908522,Train
219.2121992468255,176.0553248160126,Train
217.6897438450847,173.50380946420802,Train
211.09336830021599,169.96870653876545,Train
195.62075894466915,166.87239431659052,Train
182.0134963358101,125.05064128500496,Train
177.34320064781326,203.82332867316347,Train
273.1537661055948,234.30947831429935,Train
206.91145238705496,168.5057764871753,Train
175.6571724743958,126.54351700779083,Train
192.89381778904936,146.0384620620952,Train
157.68084871496114,164.7283943248582,Train
167.87178751339573,125.44221755232367,Train
336.2909781275566,210.33090561272576,Train
211.9973413763252,169.13286823977273,Train
278.9897708598538,223.33914008462665,Train
179.74308873338435,152.3267079834174,Train
224.08898871823834,209.08906487572503,Train
243.63527431435045,256.85736310736223,Train
200.62900234035004,218.89820155708975,Train
137.97108572744918,174.19813212877278,Train
151.57007060236987,159.4359808085658,Train
120.24420498482897,170.7385744947456,Train
102.11366929919339,160.25325720507186,Train
186.26442025047817,187.7095830592994,Train
207.72585039783112,244.7625020426505,Train
107.50051911148864,157.79409742372042,Train
146.17836294792625,215.75560229170532,Train
175.14694111226498,224.29229372167248,Train
162.29795175979083,191.02838853363784,Train
163.65487891921492,195.92063109823636,Train
171.6916791915898,217.2398033546687,Train
134.9275076551184,164.37114162058697,Train
144.36236430980068,180.47212762925832,Train
134.70728440800767,165.6684592779814,Train
133.49624915563678,153.85715769157775,Train
83.10611987903829,145.5676087451522,Train
138.36110342076987,197.2512568500923,Train
231.60407990128425,232.33590835767458,Train
107.18277778402478,150.24020950047807,Train
134.07930287981938,139.8442568589118,Train
96.23234280385836,140.0216910712678,Train
163.46305252691448,131.55369124011233,Train
115.78164812745096,92.84888315857484,Train
252.60484307597778,248.32388921213587,Train
169.53023063719743,167.2872651516456,Train
129.34831754649258,250.61192476850022,Train
132.68912558546867,192.35288752205585,Train
233.5562406859175,251.55952795830385,Train
209.5510255853834,286.0869755747142,Train
153.72360478136653,211.88457245300373,Train
127.15139907788372,146.8095162741912,Train
121.306863173418,199.50066106510107,Train
58.75080076153769,172.59199571457083,Train
79.3892742541233,146.55968790890296,Train
347.339082260435,173.97987285842893,Train
341.0038748108348,175.42610907999546,Train
434.343374857694,193.11717865145127,Train
405.35427741899287,219.9670155475473,Train
348.19201097551513,163.46013698249544,Train
364.6119128085831,226.24515038598216,Train
354.0244450610264,224.66597421856991,Train
350.6030803568983,178.99342019294002,Train
354.229865752391,213.04174375178138,Train
379.36732571052835,198.3781668173747,Train
331.39044132615464,191.2049916680889,Train
346.7992125992699,184.18185763056204,Train
333.9526465910627,177.1650346901304,Train
362.59363952987405,179.05902440376624,Train
334.9413636530786,139.91226088901288,Train
314.8394603635491,205.07225980799825,Train
397.26420567031994,265.23730240889574,Train
336.67721204179844,184.2343759883965,Train
308.6632506188609,127.60284808648598,Train
313.8326586443094,160.3163000810277,Train
347.0449172983677,173.3602076823493,Train
440.2489699978077,143.11706371692026,Train
432.28560916079033,209.66442382485621,Train
422.2036870046255,200.41044544161377,Train
354.5158544592222,235.8845718242172,Train
406.05581672595173,188.44593894910562,Train
316.65421294595376,201.25608700444968,Train
331.7734385724789,187.63484543409058,Train
322.7855148276139,233.05205653395137,Train
374.2382192237137,183.0409797797687,Train
170.07295345599834,179.2734117300147,Train
163.70466877208855,176.621409813126,Train
286.8837201930138,218.67029457036028,Train
217.80490078919237,257.79520929108907,Train
149.64066388706073,151.8711266836415,Train
188.9109149264417,220.3517141143031,Train
210.94656201575788,228.9728439435541,Train
201.69447331115663,190.23644363111987,Train
217.03278186953966,212.05146072876204,Train
217.91090130756913,210.17853748709743,Train
184.33381138991876,176.267845265157,Train
186.3015121165887,178.15793985472624,Train
186.74930740343547,177.3979050455726,Train
164.31400348757901,149.7243158845122,Train
151.04546831549652,124.03650439436032,Train
205.97335816252013,208.477765366967,Train
288.0107347380074,234.6548811462257,Train
177.58153279249092,158.43214368736386,Train
123.50892651536552,106.60193394693245,Train
148.0263976510297,128.46177835530182,Train
162.104401080507,132.17269167720343,Train
142.4024026350948,104.339917809126,Train
283.90759109360783,236.17084532048608,Train
193.12688440072995,163.3021908865959,Train
176.55233994359446,205.74430024774898,Train
158.13514686379173,154.08394775531292,Train
236.9553930509765,215.28461342648157,Train
195.08617153197451,270.16543935733904,Train
179.079325375411,192.7515224330122,Train
148.94170073784917,180.17881478899005,Train
225.96460839410082,225.00534118737252,Train
132.7420205880441,183.51807657217847,Train
124.5465251257358,130.922991376364,Train
247.8313810301055,244.62438718326018,Train
249.92554845484918,249.04224506145903,Train
247.9696896859487,267.15538549738295,Train
298.8452025962001,298.2867774625033,Train
265.5297938599869,232.33745910215686,Train
313.16097102872396,259.4734392741584,Train
288.6357352218352,274.1594187074001,Train
282.3632211921599,249.84005270939878,Train
279.252199984211,300.2178021692324,Train
298.4161938790919,277.75835254024173,Train
262.32577405206445,233.13020109871454,Train
300.4809405031285,233.38056091251383,Train
222.49859940277773,230.26574400920805,Train
213.38169323228425,214.26055373506023,Train
148.03980617663626,181.52766212834052,Train
230.41995752487054,251.53672336635444,Train
360.42878898070296,243.4844210939736,Train
229.2778315955509,232.12543820752984,Train
271.5574971724105,177.38745712561348,Train
208.4288210768279,161.6366841283244,Train
166.38298790103335,195.261272801998,Train
146.39646581887988,204.0086015831646,Train
357.99866760704333,320.4527825752466,Train
232.82586231640806,188.54801188978556,Train
216.43983001764485,196.5433844004462,Train
280.8339167399059,233.93917463079515,Train
251.54347071923434,245.81346386906017,Train
312.63586761835074,345.8296841642889,Train
216.06011583442756,173.17331922290265,Train
285.88388441269586,225.75061029433124,Train
287.17995032859614,212.39996036959042,Train
293.55224766622814,227.27851085800427,Train
170.96867726766507,162.7803560184754,Train
166.59060733493897,157.3514636440064,Train
241.68722603150655,192.1249450732235,Train
222.47428050336106,240.4452754893898,Train
166.01192928980598,148.75365938306777,Train
196.5268561436494,218.8758335359452,Train
201.37266834588343,223.14955563628303,Train
196.7320065930368,188.1357043636458,Train
219.3158635143796,196.8141558504505,Train
203.3530879413383,210.3295178477722,Train
173.8187928626929,183.18895375621653,Train
197.21297827844333,162.4447758822712,Train
173.3804799413858,160.4066681657819,Train
161.53564418858957,160.9322038753973,Train
148.52559958193518,130.07759972301523,Train
175.4664174920695,200.73007150713832,Train
250.4908801438036,227.43081737183314,Train
174.49308850361007,161.85671828439934,Train
115.74449036908285,136.0939913312499,Train
168.042269268009,140.6479769233119,Train
213.3876571107567,146.22591011016536,Train
171.32873048182194,113.51740523148558,Train
266.3646818303221,226.33978323682456,Train
205.21011295425774,159.61767465668194,Train
184.72202601051015,184.31557346674657,Train
218.53125243811238,134.12252512870276,Train
206.8716459887606,189.49500314192875,Train
224.30964848323055,234.93449550988637,Train
239.02848030363572,174.48920530808468,Train
211.10930962957093,173.37609803606907,Train
195.48774789932799,214.58412768936245,Train
139.88745127030725,153.71427335622175,Train
159.05871637152939,147.2404820239954,Train
179.3751669437614,187.2221571198674,Train
176.49549277399638,180.40874778176908,Train
268.1709280894832,188.8329303295401,Train
241.08987833854945,237.66545406509215,Train
162.42489421261052,149.7508951740496,Train
201.70082867060995,216.31760952096587,Train
223.73865176239448,216.86622003340148,Train
210.99873146348142,179.16175644995226,Train
229.84094822224046,194.07174343178156,Train
223.73287089888657,190.8043250446143,Train
179.6727021760866,159.78505589924902,Train
195.66044205384074,174.06563473828913,Train
178.62332897265114,178.80788219862208,Train
152.6960905321486,161.62922145199468,Train
114.97307933055956,121.13591876894804,Train
243.4111132904264,200.4397278276124,Train
220.46981741034483,206.02805103745914,Train
148.63978322581335,155.4616030678107,Train
101.67213681757966,116.07279150961185,Train
182.20598797855433,149.38813925241308,Train
220.800717872924,140.49468484594777,Train
117.18754834569522,109.70677754412691,Train
297.2501914300966,253.92139129463956,Train
210.07217123866315,150.10992001482944,Train
225.01920340056114,203.49659334719462,Train
154.28709509796062,151.56862015684905,Train
223.68203586041255,226.52748481482618,Train
270.0378553562592,272.35215128650003,Train
205.78213054813745,186.76287931256306,Train
100.77058624416897,141.3286361667998,Train
199.51992067359515,181.49533476529172,Train
133.30122573263247,179.63989173458003,Train
150.6831963622434,129.12754365004344,Train
113.5979860115927,184.56127588152796,Train
116.09974613998082,177.72057642746535,Train
168.35996027110536,213.23535942101017,Train
231.2930637801834,247.76300719750415,Train
110.76688662746355,158.449716421405,Train
208.25437159603163,218.83201117725332,Train
171.8815356232105,233.10122878519545,Train
142.3224151768097,176.46782989926368,Train
162.1656909264305,189.9457368671756,Train
162.45485224222332,217.22496254650986,Train
138.6330146584117,172.380817378729,Train
188.70017817499559,184.63184891819552,Train
120.79439890849349,183.46973428885514,Train
120.15634279197513,175.69012041533955,Train
75.61439737670887,132.21667883733122,Train
152.23567532712087,193.06905209132543,Train
218.10789826140996,233.71574847590517,Train
157.82568377810225,177.71542315695226,Train
68.4104191908488,148.95954352275362,Train
61.8096993420519,119.85376364706423,Train
114.75220183774343,147.15396122444093,Train
89.61304948352688,117.8899862280474,Train
273.8482262048577,282.32499101464055,Train
155.93796763017707,159.9690304434502,Train
205.9855829487061,212.56376255699962,Train
142.42250989852087,177.72831381368843,Train
263.90912631744567,241.82081343322204,Train
210.4389650808585,240.2417797627278,Train
141.07830964114987,197.00683102035546,Train
35.23781543802809,139.57924458003,Train
246.8905435793946,202.84615029326005,Train
123.6256668955931,182.21018226947325,Train
51.208062070424916,133.06640440721802,Train
153.06049796854867,167.76366226200207,Train
150.76857387683012,145.74705375050718,Train
274.2407247166467,202.66902815554297,Train
271.9582841469138,254.58301010668012,Train
134.2447643994094,161.9292150164405,Train
170.78260777248806,206.49577171429644,Train
231.47423288994173,233.7741189796727,Train
187.85425483588273,207.10653747045274,Train
185.85264069139967,185.87791756242297,Train
222.21591114362616,220.7025779854515,Train
175.13135092436633,144.4100987656174,Train
177.5989600336204,182.1006836677776,Train
150.38412684451959,167.25391613788403,Train
145.61873847138813,150.71017378772692,Train
108.71207881992055,148.69431196163526,Train
156.81480333246506,180.74282351645442,Train
239.2043088003918,230.06593911813454,Train
179.2164165766045,156.34367806776942,Train
129.9479986304542,126.88537179551787,Train
105.65506180002619,129.4616919037445,Train
179.42347711721078,148.04182103086873,Train
94.18583591732347,78.19073192536288,Train
271.27947696874276,265.22917150887497,Train
160.49592167336112,162.88464131184134,Train
137.12326705712263,241.74563389133363,Train
137.85070744127046,195.76312161590585,Train
308.2302221535457,242.65630823540445,Train
229.12108901343373,266.7550432295191,Train
173.63687917604767,228.93486467486636,Train
99.26180247877359,127.64627216239249,Train
233.5480779291122,206.9543212577589,Train
90.70468527262722,163.76289625081108,Train
75.02501716580372,127.4118287764029,Train
123.60426375955821,180.26340015992946,Train
133.8158545538784,169.57172908539576,Train
177.76476089967474,185.08659281527315,Train
186.94240787789536,241.31595936049212,Train
110.13776703102138,146.55846837770406,Train
159.44040211501903,221.67514131293945,Train
161.0724846061367,227.1682837459789,Train
161.17266615166773,174.42132391392843,Train
194.5906744333156,193.56663643471896,Train
193.68781022689535,201.01805109373475,Train
137.2996124434295,177.56590397964686,Train
161.92608108291802,178.4465492158531,Train
121.46298596644061,179.12198659429407,Train
85.56721614536099,167.00281189813734,Train
88.94614441155333,136.2269417508677,Train
158.39348553910992,207.97048015807064,Train
188.95972326854115,213.41561537137324,Train
110.51208051050799,160.87381923730538,Train
49.247613897796114,125.94399178999512,Train
102.22428787126142,150.27538301309966,Train
127.25814700283279,131.890136450319,Train
81.78522003228026,121.29306315010825,Train
259.58768574722126,265.93875277991464,Train
174.40216510091017,166.99126376222284,Train
172.23661644596615,208.10151143070027,Train
142.97089289823106,156.14223335578356,Train
209.5700106662413,216.65375893908057,Train
253.12631359235772,269.4288792626015,Train
169.61047491890855,186.32192733574826,Train
74.73833331934296,135.44620785230836,Train
150.72337687788354,209.40625564934285,Train
82.71501946928264,186.27622180889963,Train
73.12161850214127,112.72281706835761,Train
76.81271030255671,199.65366664140035,Train
72.29450860108689,190.14520005553464,Train
159.59758490765216,232.17116122140592,Train
201.60877931908425,270.16282428594263,Train
88.26579238285754,182.17843728701448,Train
182.73473801348018,229.48413582047482,Train
139.48461571825487,248.3705089467567,Train
128.00442179952034,195.03298256297816,Train
158.51444713537842,203.5721450402358,Train
138.3567003002529,226.7299864201919,Train
115.16721920107756,193.38619185317407,Train
141.44600383785263,204.7687353421802,Train
88.05867456011939,186.74613306249594,Train
45.69305421057787,193.96245255743855,Train
41.14539535612049,146.06800255776793,Train
121.59195216387907,228.24814565654165,Train
163.64115435804632,236.94813112770123,Train
95.91914418338338,190.92397942930978,Train
30.643935406929828,157.42551216376654,Train
28.027023686588905,92.30713922252836,Train
35.96214149246468,176.40574099303305,Train
23.91817341509426,114.05772168150838,Train
202.81614688327218,285.9249447104738,Train
108.85335985456955,160.1786296171325,Train
128.01689102747912,232.99605372500847,Train
118.69820335455638,194.59294270113784,Train
210.08000026341614,246.38411099500763,Train
272.8138266984928,273.7559501040043,Train
153.08756814729588,209.9692291812539,Train
10.877483161022326,142.50814956806394,Train
120.0194277009657,184.97753619400154,Train
107.45940535950223,212.24000388517254,Train
35.107438478095574,116.8615095886934,Train
152.6549738207824,218.1174630777855,Train
153.50013935873798,217.74941000611238,Train
274.96166326566174,280.4756058663998,Train
270.6158145978828,322.40488887618704,Train
169.9582180186468,231.76812343794492,Train
241.15869417974002,264.1321080329158,Train
232.44325998093166,278.47262044607555,Train
215.56309174894136,223.85722531401476,Train
210.5884418317546,245.05463916947193,Train
216.9534332181404,258.7604938569451,Train
192.25183631144503,220.29993110913585,Train
230.98365111166854,214.78987053430643,Train
162.54564526010586,191.73031988832344,Train
158.148877618811,183.08621951451033,Train
108.88739225720164,168.71547153996198,Train
195.7795657538528,223.0734913065339,Train
271.708383316128,259.61093703581923,Train
206.3499278182017,214.18584612460248,Train
136.8145142145433,169.55841044790373,Train
88.07351112503238,123.05059972734628,Train
168.8806648918456,170.63093841825423,Train
83.63878657077696,138.9553077031007,Train
264.0715418540277,271.99563877754167,Train
131.75593778593202,167.29713221398896,Train
223.73728754128592,213.72218177251264,Train
219.32173241179248,194.55560864616837,Train
294.58649387406524,258.38788089211965,Train
358.3494121926623,283.53227916954256,Train
237.51971939882952,243.7388729220693,Train
144.62710828639953,174.32211860583283,Train
317.782654030294,205.73017159209883,Train
201.8882160870558,230.7451124574166,Train
124.23823239992313,164.39357123525295,Train
188.08689175513553,227.3826018580131,Train
176.61911798100994,222.85722358736032,Train
300.9077497579918,281.29549197761105,Train
292.5447273110033,316.4068208201949,Train
200.1533419705765,239.06601500731546,Train
231.076095283347,275.7873191523748,Train
252.22190527792338,286.15300949027903,Train
236.1760096963034,218.16184429696315,Train
222.75725191091703,263.60839240802864,Train
260.0234972188025,281.576098365256,Train
200.0735205227547,227.828685701884,Train
238.90732182277404,229.08044215076112,Train
199.89862157615727,206.06763321561843,Train
187.52490111886007,202.04710607910678,Train
123.46259549248569,185.82408684901318,Train
216.61139369923325,224.2480602388103,Train
273.6702494447504,266.99705636663487,Train
204.38913018711645,222.7180503232093,Train
192.96518914707707,205.14875865327468,Train
137.18154334595843,139.8423045693993,Train
175.9849839888471,200.60817692252107,Train
126.30848386340215,163.05077263533957,Train
297.0476211162244,318.11368487652675,Train
163.3545787510769,199.1855059968998,Train
206.87722961006972,206.4168350054769,Train
204.69354846627982,205.09627232012463,Train
212.94997732133942,290.2363732949861,Train
389.2934926204066,319.83631984783466,Train
248.0417825505632,267.53483896864725,Train
162.49655718165272,227.70974707738412,Train
248.53841825674954,230.89226925693188,Train
239.9333997389656,252.23097168000254,Train
180.2865201460848,204.77190687596828,Train
259.4040208567932,232.00666388106447,Train
228.00150594252716,247.2903467540343,Train
302.1371633021927,287.4431086232422,Train
327.6640972063909,341.9513240014611,Train
265.18814158368644,259.2988283525254,Train
311.1845982685082,272.52055848596126,Train
279.3773470138719,292.3927989379429,Train
265.1265333566579,245.98070652461874,Train
279.3083777826872,275.5086899269754,Train
315.4408258775738,268.814741828587,Train
240.45364619765854,240.59390931937384,Train
260.84683874294126,233.63954648266676,Train
231.76472945379538,232.6045618283327,Train
240.12040351342216,223.10934122299045,Train
157.36606085355265,168.76060742884457,Train
232.80864972997807,241.38035084435316,Train
352.4872848912284,279.87471054481557,Train
261.11459098155433,225.94204912074554,Train
210.79898845757833,217.99310032987034,Train
214.50232178439995,156.70062564815737,Train
179.8034742473547,207.51694845122324,Train
224.77652360412512,204.7028806517883,Train
336.2341828517849,330.28738884890663,Train
241.61999765388023,211.78480300352422,Train
208.29061802269854,228.8766224754936,Train
267.17706987403835,216.06433300839439,Train
267.2780624680548,261.76078778476347,Train
314.02687419820444,306.0888785726804,Train
261.517955066903,235.15314108947217,Train
187.11022420545189,217.09447395009192,Train
324.20031248013413,237.07271292704192,Train
356.4739464378976,255.03729417265347,Train
173.9574921209791,213.32405687543135,Train
142.03686488215763,184.20382577436914,Train
152.5255018477437,172.52321983118645,Train
233.43925300094998,200.35773479531244,Train
223.63262593443142,254.0000009858899,Train
134.19697617267002,162.03537273374695,Train
166.2023354711112,232.49325392468256,Train
191.71312366600597,236.18485388895078,Train
178.9553308962734,199.32173728566204,Train
187.31564631651236,201.51954178511707,Train
195.3160252476423,212.32864127705898,Train
161.94555318439188,177.50336136927325,Train
167.70423012676096,182.46910645271618,Train
136.89287531368464,159.34433242780182,Train
135.5920560747498,150.54920254367667,Train
98.63654155610776,124.39671780031198,Train
181.75515498758585,204.61569367735575,Train
253.70209818574867,229.29460910478485,Train
180.28608878115355,169.41815043448275,Train
100.46711641824712,147.3177887074706,Train
142.84402786096433,127.66613007929507,Train
178.29084474875052,174.5219589614112,Train
136.07351086371386,119.0347596465343,Train
268.38197587351794,260.14054918193824,Train
169.46085979123504,162.9189245741031,Train
167.38635290998488,232.43375227769005,Train
188.30689388246267,167.0772712691882,Train
227.81153600683214,242.48821949922575,Train
184.0860835762706,277.71668361121436,Train
157.7448950503538,201.28204651169864,Train
110.72915895499858,163.70174790197967,Train
151.28332830471243,232.76017603400393,Train
57.25138333934642,179.12023412120027,Train
125.66526902426659,157.00177313647788,Train
153.89041535454436,190.6061093376581,Train
168.26837135407095,180.52309919646035,Train
245.871813871382,219.65597719054753,Train
267.7515660670583,268.19168308755354,Train
171.58927500750758,171.3666015974851,Train
221.53367163341574,231.1467109333037,Train
229.62978321737137,245.99113919412463,Train
199.7050037491066,197.21134501967515,Train
218.64650243101858,191.26146513638068,Train
209.38546299430266,213.07511470292394,Train
165.74612033390844,167.8536434107766,Train
255.72847444983591,194.49623038952464,Train
155.0620976250775,179.85886519475378,Train
157.33252534208523,177.05170855734337,Train
85.72082522099343,145.2112099899512,Train
172.40571745554894,193.966803422454,Train
247.98273418343393,234.47654325411045,Train
203.05389787862632,186.4195993940459,Train
109.61773064046307,144.84451030518932,Train
103.04601642766198,144.11003992138473,Train
184.0433796344523,170.0414684776162,Train
121.06635696227357,116.49623614587514,Train
278.009072394062,280.1377715004973,Train
189.7951465055354,171.42280518804853,Train
250.75959358660413,245.7275909612516,Train
212.46195734043988,178.96345113788277,Train
305.5481011978303,235.9970475403786,Train
308.7533224748119,292.2237920383849,Train
255.170997287549,211.97500105481726,Train
151.13345082330466,143.48931236391138,Train
280.2649817786515,242.3420944647409,Train
158.28527594811908,196.3798080498572,Train
313.80935293164,283.4784279654706,Train
282.12868762827406,271.556822295155,Train
300.06233532823956,333.85298566909233,Train
332.34530326263723,336.2343233848104,Train
290.4247306037942,260.9549225171241,Train
314.47037734455034,290.9397877948304,Train
285.94149686852575,302.78013678435707,Train
298.69927555050793,276.1181594888136,Train
309.1070453675237,307.47057500708036,Train
337.35433517021914,296.62763459050217,Train
299.8875955003872,258.7765041608028,Train
305.20682635802774,239.59498930777627,Train
296.35629722282846,272.8356499218613,Train
293.81202774314085,277.0993406433617,Train
226.40063122382386,219.3433811187376,Train
280.3803420957846,274.4553181743233,Train
413.1017540155304,298.41334218511895,Train
299.9806040388358,279.96720728186676,Train
227.89692588615117,241.43433640707661,Train
304.4485778130571,219.6740891071763,Train
248.08755979857096,265.12952351859667,Train
233.59242060526145,219.37157556037278,Train
367.3432977925725,307.82154481763723,Train
296.84136094358547,260.1407774913612,Train
245.20296374961222,284.98913778538105,Train
258.7396683077165,273.28518584367305,Train
361.8872416412158,303.95731982691154,Train
359.0721450333232,362.08487355924535,Train
231.90394199336214,280.32443252131714,Train
267.1508355612938,209.69394460789601,Train
247.53505918783316,283.56790334421055,Train
240.0654966167366,275.6569209838635,Train
104.63593480351818,186.73555415643918,Train
92.71980982002611,176.4941770442039,Train
183.3175811843412,215.98849681796304,Train
218.11924178603059,261.5260895117075,Train
107.95402500864121,168.3168591703283,Train
198.36477656652974,223.80793656204264,Train
168.99984380613813,240.58921382325653,Train
139.5498358580069,183.54190775523256,Train
155.9397646443329,185.78502495301015,Train
166.9153848593722,210.31164462492393,Train
143.3497558585035,170.82652054829742,Train
176.2428776417266,185.09180014750518,Train
143.59315371059304,174.88486633669595,Train
125.59475020904159,168.90181937146315,Train
57.367317341437456,132.74946589848275,Train
120.17474769594733,196.6219333541639,Train
196.94252533299755,235.29003750587825,Train
149.05252825494006,193.17295076061868,Train
58.19982705217576,131.05332871217206,Train
44.92475897486922,128.58531777755456,Train
143.7006632069064,150.24893925103058,Train
78.344769007245,128.8695476555612,Train
270.74290019957067,268.0249908191843,Train
133.92589837365094,151.86105396881823,Train
201.9154149364976,219.115583945089,Train
128.16655057563847,184.47510123077663,Train
292.51481792257704,237.84229509401803,Train
218.2140575788591,276.1192824822414,Train
58.96761040376684,134.49238160480763,Train
188.9207392974231,218.57341477719152,Train
93.72991401276622,191.50365388515073,Train
113.51932572069609,164.52246417124132,Train
119.32218557655003,154.5947622973708,Train
199.6932372546633,179.73207457110803,Train
213.87737009956751,256.3533695032698,Train
109.74059655465689,180.58521615614012,Train
147.74471314709334,226.35687384126527,Train
187.08034734067388,224.87954412828392,Train
163.20558703197304,203.13085738521792,Train
164.43257268404216,202.42329730302777,Train
193.08315139043586,223.9125453038614,Train
155.93816272210898,149.53077831819695,Train
154.49760667906173,176.4218622933198,Train
148.09525410885215,168.29956277054615,Train
125.76148326129396,157.19403523709025,Train
88.76668339896875,139.0136483723429,Train
126.40253430159677,197.28190687188166,Train
201.90904698194632,218.19628452159813,Train
129.06590937125307,144.92019276053026,Train
165.6873542760269,104.90465041591344,Train
117.23207042921402,161.93521609585565,Train
173.85505687409898,141.64016904807926,Train
139.64404347398926,91.01010775693334,Train
234.1566789342961,241.34323824727534,Train
185.57647720209536,189.47790589461462,Train
159.29524773074843,271.03561593364935,Train
168.86314246109066,188.37558656309255,Train
295.88634561502323,234.0210747976972,Train
237.1378190606535,256.91793736348467,Train
203.17557682700726,220.05503380975372,Train
155.51186114773063,147.58235606505,Train
122.6264157601518,218.99961855470633,Train
26.99033586008727,164.72007018733413,Train
62.93970134760153,172.53726142806414,Train
274.5819343351098,254.6231527483434,Train
259.29967752356487,247.08796263925493,Train
376.3188625460914,321.3494385723627,Train
381.6115898541507,340.36384064301643,Train
267.5635726016134,245.46373207027517,Train
290.0179219417147,301.5174156768683,Train
317.81394852388456,240.29163943450897,Train
303.6819105663955,225.6486848415326,Train
314.3198650054811,284.3754882455226,Train
350.14404175103726,277.783312767349,Train
288.5836886390419,244.9199642315239,Train
311.63880566949524,241.59093792760586,Train
267.8508115467133,227.75277225331956,Train
289.80939284239696,256.8930939227126,Train
201.12808289156362,189.72449194260673,Train
275.9969776155465,256.2112452691613,Train
355.93992377766165,284.83594987259136,Train
233.94713128144954,236.44992949275013,Train
285.2311803448807,217.71801732964428,Train
305.3310153537607,166.86436473505557,Train
223.99923593402386,211.65711301934434,Train
231.3661224060874,189.2387502039206,Train
387.8068811459237,334.7942675030173,Train
187.90919047331423,213.32981930890503,Train
230.03480905294194,243.81761196256957,Train
247.50163825975744,238.04799376040594,Train
312.6427269818336,310.2289192724916,Train
412.15220127529295,341.58521903239654,Train
324.3763065763614,282.14373256129846,Train
211.99093758397026,232.73229560769235,Train
261.0239541629624,276.1278047762203,Train
403.3951440350962,280.75796352810517,Train
272.0333173282378,237.97783558936942,Train
159.30927627264413,214.99161983946917,Train
142.7910280081357,213.86032668434527,Train
246.8366406477368,265.20810961633345,Train
253.0854111352413,304.41494349900864,Train
163.08948783131711,216.85513784608108,Train
241.6120715642942,257.8356943754011,Train
229.4689566968173,262.93816441297633,Train
195.40439184666815,208.46864275140229,Train
190.51522428907055,236.11498546938682,Train
200.65245838813297,250.2747993798702,Train
179.74679764497833,235.43862286002343,Train
215.29824205960642,217.08514822375813,Train
171.58648564590453,192.12030585435937,Train
153.3067916320174,194.5808364568212,Train
111.67016349221983,163.27535868992345,Train
184.69520625018797,226.8829929424394,Train
288.8976601520517,251.37034477518174,Train
210.739054238542,215.54043917928627,Train
128.39172081795414,174.53537703203196,Train
90.33097389148801,143.35038060698884,Train
171.32101642699772,171.0599314679151,Train
87.03307103418409,130.8768402664179,Train
282.0697773422065,284.6390550972577,Train
115.81341042842786,183.24775385279236,Train
197.5145054315998,215.34841930192874,Train
208.95168608810633,200.87975455587818,Train
258.55988624906104,263.8989323190484,Train
329.2188758719917,304.6119304837059,Train
191.73922350378052,231.5712075919959,Train
122.90058151263881,180.76843538825108,Train
255.36272898347283,247.65430331410136,Train
178.13939231106872,244.3950600844003,Train
96.90390816783034,179.29482374034922,Train
95.62343563705514,211.72423960535443,Train
99.75069060106091,200.28323458093405,Train
231.6566669326005,285.19429072063093,Train
223.7908758304981,308.9416805875203,Train
109.17012523926532,203.62581916149244,Train
177.11003708566682,245.4844396212087,Train
157.96919387971553,246.156863579247,Train
148.47640247180505,230.95913707554286,Train
154.12084997380106,206.5087375342838,Train
164.396541329326,236.98757070469327,Train
157.6857559591561,188.66752732260682,Train
161.98849386329138,207.97596648960337,Train
142.97560984066232,184.39793191021275,Train
135.3047550417319,154.02953598938717,Train
52.306353170922236,147.74692230892813,Train
125.47784722152863,188.03730155549684,Train
208.99200974751,243.5766835423579,Train
132.3309855150139,200.55742373182997,Train
58.62314174502687,150.75849159691188,Train
45.32168234424378,143.49533630126103,Train
84.57728108505015,176.3320381479523,Train
75.21114691292382,136.35360732417513,Train
222.17616410872148,269.71899679270916,Train
124.09235560017379,168.8635708431442,Train
160.64676832323286,248.4112673889544,Train
136.63616320492469,178.4741214576065,Train
287.4540992022887,264.9957917242068,Train
259.12909334124214,309.1060566303687,Train
158.55025604391776,236.29713710811689,Train
55.49642460763951,175.79497202789486,Train
216.39965131295114,226.22968283076742,Train
176.12727914834232,224.35230303295822,Train
75.0516802784222,143.69131539998236,Train
105.7953159668658,207.75440957230546,Train
107.39763928287302,197.13697869287532,Train
188.89741080232577,234.85216184619495,Train
225.02958889607783,275.9093632135633,Train
106.22611836351726,198.44837037096775,Train
178.38236701408005,242.5155631506649,Train
184.5129216749171,249.1016134528042,Train
163.86615675401393,197.10108981867492,Train
194.6622196327252,217.15767481784076,Train
178.74901813030814,236.43896222558618,Train
156.1337314200648,201.21240520126435,Train
193.31635950199507,204.00797063816628,Train
157.60361977448952,185.73595992227177,Train
111.79690237609887,195.80769528083079,Train
47.759840037768896,148.55739334187683,Train
135.1517325008276,217.1678828448189,Train
198.03482235766916,231.75223352571416,Train
128.89124752802957,200.04912484062507,Train
61.378455839774375,163.97088243761874,Train
40.8661778871802,115.59728589251777,Train
58.88700157816075,151.19979586750406,Train
37.48764468668665,124.16894708732431,Train
239.2452502747003,273.0425202554922,Train
124.66995912622005,176.57361503756837,Train
125.65420582724843,197.91767671045946,Train
176.71983860417083,204.63765546252293,Train
198.65200009737288,236.51860423344124,Train
272.7672632341498,275.0870247981128,Train
202.69709443842828,200.3686554393505,Train
63.411662505929726,149.7930610738818,Train
131.70933221700614,203.2048149406041,Train
115.8039765698833,199.97537959645857,Train
60.30095121168415,143.84799291266916,Train
151.1030408963884,168.4240180533701,Train
164.0918566153151,163.1582588821515,Train
218.14460441225842,190.1006901766361,Train
212.90291216752192,236.6656549260089,Train
163.42579872226736,148.6712253588541,Train
176.49174277177661,235.217817526795,Train
188.35910155041856,215.91396961561688,Train
183.84243656078633,190.81409197138004,Train
202.96674528732828,198.443689540572,Train
183.6480114044344,212.88704560179838,Train
164.79178742776065,194.90851754953906,Train
188.398073357307,161.7401211560891,Train
189.22588059157135,166.52029101098336,Train
170.46686919307353,170.44565561517845,Train
133.4426620442847,129.81461471169663,Train
149.99199058326707,202.44795696634475,Train
221.74481762997164,226.632897070276,Train
157.3117253999909,162.6175196589083,Train
131.19324415170868,140.8966000953111,Train
159.16759250313126,149.1756280354245,Train
169.69333084413387,139.47077491965177,Train
195.09287239284717,117.0581095194317,Train
273.2492771970354,218.1188316257784,Train
192.20441832894937,185.10190092696425,Train
213.9496165240722,210.5942961739411,Train
218.2612417099357,158.75368947834465,Train
169.0689498112787,189.31760432702907,Train
190.97804790220164,227.42740916566308,Train
172.3004140527878,184.4077258026879,Train
167.41368211245089,168.3135890223979,Train
199.67834016169394,213.36255703742583,Train
145.3618262289201,151.46316550726073,Train
184.78065424690337,153.4438586439365,Train
126.84354592357414,175.61692081108174,Train
110.5896472836406,157.32798876837848,Train
193.98339716697802,180.6423120347342,Train
207.72427985251835,251.3643595174832,Train
120.48647788495904,159.4743615173454,Train
157.65913861670782,221.51230454123146,Train
172.3540203647097,238.89656414025015,Train
162.00137936222436,183.335189932655,Train
163.13017711297982,188.21735814831473,Train
174.03726956855036,200.95359476440765,Train
129.7254108290773,166.32947728365878,Train
138.6946008945607,177.38047742846044,Train
125.27464360763642,156.1828305895142,Train
123.94483976500038,164.2718080711827,Train
80.09756856008076,128.64316986185923,Train
170.2884639207489,193.61077296580297,Train
228.4306042437375,226.17426545929104,Train
142.47049355772012,152.8230402608719,Train
75.3115147363671,160.82749644715642,Train
62.06450770694802,155.80971216172787,Train
164.40428387807975,160.50123755138202,Train
134.90491274199888,133.1633433185981,Train
251.2466884669588,268.1278207277259,Train
165.71864535290632,173.0158220941177,Train
136.273386331748,246.89900811893753,Train
162.8355093823065,188.9918043626683,Train
237.07129916610458,240.3283316341142,Train
207.44387215045322,278.8609342153451,Train
186.9493677208028,216.76413598841185,Train
100.53229030680367,166.81072714806987,Train
188.50199609335522,223.22345186596988,Train
63.001757268110495,196.31426605537007,Train
69.3318126563141,148.85618763315725,Train
356.5412773142857,265.0764311708842,Train
344.6595857883566,268.9997144956344,Train
416.0955461810795,325.14526845454935,Train
417.78271067759414,359.82097949823253,Train
373.53446511697535,267.1552783154933,Train
399.0434097015692,295.066355632331,Train
391.7336016963316,295.902302531676,Train
373.6223799348608,269.0144600445937,Train
380.62657705936294,312.4471985585154,Train
419.5159745885567,290.1895641074419,Train
343.4705813512816,266.2194641739514,Train
418.4903973475379,262.5593536105697,Train
325.3176131414483,246.33994484496347,Train
392.57542257732536,247.6570938438923,Train
288.80648514592946,189.91281557443935,Train
314.441100737494,267.73181458749934,Train
435.8987349984669,280.03168752215703,Train
346.7413130802751,257.5441017074563,Train
353.83812276412283,237.83002095796098,Train
352.60315682274984,180.50600491432633,Train
274.43099190732494,234.34353320036467,Train
371.01218271941843,224.9030532078732,Train
452.8145095180497,325.8316387052024,Train
352.40774136806,217.61798550712678,Train
296.11479081590574,238.81057238724924,Train
317.0320233327971,253.14999946940083,Train
409.70428201417405,279.45672939560757,Train
424.03934172149906,337.43636479733055,Train
367.14786421399276,232.93219916786154,Train
339.67132699916147,204.08410524203325,Train
352.15759081027807,267.0002069072642,Train
443.81852151035497,267.2659656730289,Train
364.79318839931534,236.1841574189061,Train
123.63136814391412,191.76864963041834,Train
128.40363811806267,180.0964795906298,Train
209.71912084085085,214.31003899886142,Train
221.1541687207814,254.12192842690158,Train
116.03092521031965,173.04924070913248,Train
201.5900118119293,226.89432542686464,Train
172.59150300010813,232.6276344275015,Train
161.8963806456797,179.66889752472503,Train
168.04732828028682,205.14568338645017,Train
169.17951891982162,215.60052036711352,Train
132.08073116292707,185.52780750883463,Train
182.75096500960325,196.9672964537268,Train
139.68057735381552,186.16995643268552,Train
97.19022045985011,178.74708452245176,Train
63.68680532930773,136.35098077881426,Train
175.37579617105615,216.26285609143412,Train
171.3434517224098,217.51203036485407,Train
110.90972549924993,173.24691244120314,Train
59.16200774148095,136.87639266538034,Train
69.88904179037077,144.06523293044643,Train
73.64596712854626,123.53422768611577,Train
57.878963158708004,118.96440369224482,Train
300.7774562482326,275.8762738375847,Train
156.7061038498196,155.68904027082436,Train
150.38150723799393,184.58931747630447,Train
167.36082075767135,173.9592919969708,Train
240.0552457494164,221.0656049533253,Train
273.9295620304471,258.7226146343701,Train
183.91786846036518,184.7532427416315,Train
24.68185860925287,128.87321475142403,Train
84.22574004742604,177.60457387182868,Train
113.80317679162933,191.8709158059686,Train
34.13673209765928,131.19859625665129,Train
242.12942736765478,270.5953773441897,Train
215.68169208391595,269.33852276063874,Train
257.3625935456137,311.95425363428274,Train
278.4800077430229,330.4415128573931,Train
256.72459041859554,261.9856570007587,Train
241.31479188977397,289.3203405556226,Train
247.6602167357932,304.5770449027378,Train
267.13319795914884,270.83485237895934,Train
274.0242637248074,313.7582768549206,Train
291.85223012535016,288.1805345022548,Train
254.6623501812437,256.32869542095534,Train
263.9546238924879,235.58118772319665,Train
203.02844728629006,260.07301134590773,Train
249.72905125908295,250.3724826519939,Train
180.36899388196508,210.11816305062268,Train
206.72436695832516,270.19952954561904,Train
354.26249766282876,297.08550881753115,Train
238.2801478379574,256.53683629486636,Train
202.46232139740766,221.18639346417282,Train
213.28200178446914,198.1223727392552,Train
178.71081035545842,257.25628553230763,Train
133.491775969323,203.59776519020775,Train
305.069893544776,317.25269674030045,Train
271.2159865157548,257.6902893270823,Train
203.17258966173432,258.5201480115536,Train
229.75402945097204,250.75463678404248,Train
307.94278625230214,303.17695930405114,Train
313.0906712375601,378.51939182657884,Train
221.51382575985951,262.0633720761357,Train
204.5890952969011,211.15832827117444,Train
304.3234930178705,269.5450013618643,Train
183.16967301159275,261.3717718748842,Train
137.28842463002013,177.25381425601415,Train
134.32129405655124,167.35596074985358,Train
234.84752878408793,200.03015038073127,Train
188.71363018780522,245.75512698439684,Train
121.90003231122017,150.98403316834467,Train
147.57670256448222,225.55242753470793,Train
169.06693662227016,231.7169607062038,Train
164.8775395438738,190.84028850990975,Train
179.7926069468877,199.62713230091066,Train
165.54760917020053,208.10772164706958,Train
148.56731141491997,177.5457831368716,Train
142.8517136810461,179.87983559439698,Train
153.46614853702272,164.04537389737985,Train
123.90081596857888,152.14904545666337,Train
117.3486531620373,124.32575896971271,Train
161.7931206078645,207.98237797029864,Train
261.4369555066545,228.35617963516717,Train
166.410961863622,162.28383984365277,Train
65.84896755084091,135.77283710304198,Train
136.32283503948142,145.53855635652414,Train
140.38166919716718,174.3923346262798,Train
109.45034002127379,130.0285398101916,Train
228.41114254427995,244.4015265312795,Train
148.37848013019405,158.11691254163537,Train
132.62684765451235,217.17727634396206,Train
153.17258793468594,167.1787384263255,Train
219.38565548041106,234.24918934947306,Train
187.68368969518133,284.0132802252022,Train
166.53465813185733,183.94605848803553,Train
149.78759235376307,157.6771157738087,Train
189.475493244714,216.22945562969184,Train
125.60619503375153,184.18404221644266,Train
150.14899593183804,142.70696688791014,Train
324.711464405881,267.15600361252604,Train
328.69705608121694,268.2287876270203,Train
399.3665852485848,337.56182352570545,Train
410.82060330241904,372.95577165038725,Train
327.03504704529524,268.4984383767287,Train
347.4815643824217,301.57591998087787,Train
346.8842345146968,295.8793652126497,Train
334.70613725996395,272.0865987542869,Train
362.46441850032227,323.07440708704166,Train
397.1659955510971,293.0537630517751,Train
348.5076725964217,271.50664820277376,Train
349.48944963629594,262.5181594981783,Train
332.9995787709619,256.43815175464226,Train
347.61132667071985,270.89801902890156,Train
243.23689949375913,200.9794384845992,Train
324.77538072321687,279.7432081674666,Train
425.06570984698226,291.7454952877338,Train
286.5719152067092,254.91882317635918,Train
339.31126153134346,263.6526273015488,Train
387.1299427499007,191.8831995305738,Train
281.01974619007456,247.0503103816568,Train
280.0355967151929,230.46336373492403,Train
453.1985736896636,342.5521449451694,Train
280.0593130794474,216.9917291147359,Train
269.44482762225397,260.95595091168866,Train
320.08934394290594,248.77714010435153,Train
361.56495848026236,306.55741527664145,Train
436.01169523923534,338.0424628017337,Train
213.52863884585406,215.19585855082767,Train
362.8098644912935,286.4356813143727,Train
414.8356824470226,274.9374508606944,Train
301.4802747573119,237.9199854644076,Train
135.49380532114364,164.37538972528537,Train
118.18201140706347,157.5743431000261,Train
201.0549133406253,156.35722166662407,Train
203.78034786792185,252.10230979811794,Train
119.27949827211901,162.41908186677364,Train
148.20741191445416,227.77085804285036,Train
155.65739408822213,213.77187749793922,Train
154.83865426763077,170.61422874462406,Train
173.22930218356697,191.46488751924588,Train
169.43004482197787,197.41020780165053,Train
152.42398579629173,165.39304457073615,Train
160.71112510650835,182.96538562261455,Train
143.3432170554878,175.77183527938874,Train
138.29146275262804,153.5854591245324,Train
121.35468846483393,149.3217428971555,Train
144.83173305257614,197.00085209817487,Train
202.55022167336142,232.25732812903505,Train
132.4495020938489,153.69679250679388,Train
193.42586275454255,98.32244459417196,Train
144.98930401409058,152.89659311217537,Train
159.6408784220723,145.08963836861858,Train
132.72074768848563,97.6515197178721,Train
227.52626702953742,240.9099610418803,Train
193.6314622332971,189.87082865058204,Train
174.51690071935002,257.51741454386564,Train
168.27320195138498,148.1138696888787,Train
216.8018387733408,219.17759992835764,Train
182.81860874373012,248.6450305911282,Train
181.96654812981012,216.25606068061285,Train
179.74771754550062,156.71833612267463,Train
162.21702010962474,216.59673578411937,Train
72.47002468317395,150.87235170308583,Train
89.15372669259901,160.95071689725233,Train
222.73580805444692,233.01085924805824,Train
230.1671603896864,227.7683401075034,Train
344.5595702853658,302.7451453506456,Train
322.736469333085,321.6131926489502,Train
224.03523506473834,236.53576064338512,Train
266.28895704435956,291.7282267710258,Train
294.55306830431357,273.4134843110399,Train
257.8207362242292,227.70129309381554,Train
265.440458924233,269.8416486740059,Train
313.226360752304,277.23804460686495,Train
260.1523631724645,248.07188567759235,Train
277.71846618471443,237.81436119420007,Train
220.95147963293078,217.7120511702045,Train
246.92466978905387,222.68876924640583,Train
160.85745488981848,172.8464542460812,Train
246.7573787740012,230.05403340584365,Train
338.2705934063966,270.2991374052315,Train
206.66834345637574,218.12702468285033,Train
233.9377948706295,195.84535347565296,Train
230.11791993899126,144.12849655769563,Train
205.3691672953629,211.0693217012289,Train
135.1922383973705,179.97745364987355,Train
370.43954851469425,321.93046128315166,Train
222.6075111370996,219.5348063696589,Train
223.35447052561048,220.49182605845402,Train
245.89054800205554,243.1020367012952,Train
264.777607982656,286.187988775604,Train
364.93579025126627,345.4229584365146,Train
278.11552165251675,277.93658478555017,Train
236.03707078515689,210.8152886316398,Train
296.22974220580693,258.10284108769156,Train
289.078451911137,263.84764128366135,Train
224.53449019581694,219.12236090133945,Train
298.1376797087013,263.96504646326196,Train
259.9143921032548,270.7440955788417,Train
299.0787475136292,338.6901324445613,Train
342.09376906606894,380.3018968403484,Train
290.02380041110064,259.0772746047792,Train
297.16051669647936,289.70412752232664,Train
282.750859560104,301.87219459212463,Train
299.4888963697654,287.3685656875201,Train
271.5175719109716,316.83365105702376,Train
307.12959774768774,312.7047368911865,Train
266.5306224040504,268.2422139223836,Train
296.7206458800599,256.71178829195355,Train
242.61899420831435,275.7147564170846,Train
278.69966817571594,260.6635996859264,Train
187.41803604546874,203.73761795779916,Train
248.5247092259681,278.8848718812305,Train
399.00105519351587,294.75933656371825,Train
349.9131004843588,286.61297490559036,Train
268.25113322845175,244.83473714424355,Train
316.93580404824434,220.50986512456993,Train
208.20814140355344,219.87320707687078,Train
152.38482621284317,230.90550357391731,Train
412.54283552461254,324.6439060882707,Train
279.726181754554,256.0161212059663,Train
238.7258506070911,266.65684858147097,Train
221.87919670597512,272.3691772132463,Train
334.61786437815886,322.60750299324536,Train
346.99419858585907,342.59978929760587,Train
228.50986660780822,249.959900088093,Train
218.74920042205727,226.67845974436844,Train
244.07620077182258,273.0051483981488,Train
266.29320107790215,263.3155548821462,Train
312.8832010342163,265.1547360473769,Train
79.18601858841936,184.50329567234058,Train
70.87472643349899,159.74513376073492,Train
161.56248349542443,185.02084996579987,Train
185.97917598360692,243.4221737919286,Train
83.03346864011255,164.94833916820016,Train
201.93530019890738,217.30189342489913,Train
130.6873680803592,238.21238394232012,Train
122.76797817180892,179.02362765871757,Train
125.30621533608193,192.38382211155434,Train
140.26432996828686,206.24553673535644,Train
120.73754930957011,176.42154765297326,Train
140.2258733599317,185.55226336867358,Train
115.00425867632742,168.23398972144003,Train
79.72930211937181,159.60113855409972,Train
23.21302718305725,120.04783990981929,Train
114.28147376548702,198.89378821084648,Train
177.5900685000397,244.65882231215855,Train
125.11380170082049,201.72721194661156,Train
12.201845721127825,141.08765658235274,Train
9.800501721714454,122.79871778624883,Train
63.456391578865464,137.05033535724465,Train
31.59434871308413,123.5861758503988,Train
207.76392927238658,263.1923430661228,Train
94.19124066917587,147.1030723968268,Train
148.64840451822653,206.87908071626546,Train
124.36613414694548,186.02595765665552,Train
254.58840270507454,247.11177131300352,Train
224.91790511976785,274.6029494985629,Train
130.39861151884742,223.49764998954322,Train
39.99981550323342,148.95465155131467,Train
201.30825334418392,204.59089615779618,Train
77.84683059577742,212.9429362664847,Train
45.77697000642064,146.3995478383397,Train
183.00897457672284,192.13572782460722,Train
185.34216340964863,162.04337820571303,Train
311.148659888614,223.49522512997603,Train
304.2150910759142,270.1507443158891,Train
199.80211543499234,184.77906086181363,Train
237.08016290846382,211.116361101694,Train
276.23072343440924,246.08131659846697,Train
230.4828023090284,214.6827229336661,Train
234.9582812203925,192.02557625088085,Train
245.27462001698711,232.92430413269406,Train
221.1758119073353,190.42502466713745,Train
260.661856891437,216.43531340462903,Train
207.97747193292344,188.68881859167072,Train
213.23275496929216,168.1171367529031,Train
159.98392530739198,158.81171221319323,Train
176.12911040626312,195.42338995092015,Train
282.11443163525655,270.6699104148426,Train
229.15506363457945,169.00175825783825,Train
173.53975968088247,138.81294897552877,Train
134.85465096726068,142.64993714316765,Train
243.2345259307225,216.61133690803794,Train
166.608655904288,109.38865037318075,Train
307.6129380134319,295.53848359573703,Train
170.58641507034633,177.27838556611223,Train
192.37606151298039,257.1279985928661,Train
187.03264542906697,203.7597088964231,Train
353.95714496545463,240.24050909121937,Train
310.24662817892585,288.6798767835894,Train
241.9205456371197,241.18864620916725,Train
127.7049798818421,151.41589761667004,Train
292.50439780364826,226.9724488344184,Train
188.2981846785118,197.6549178797854,Train
168.49255363156925,156.8035017557254,Train
131.82146335035551,215.6751755271004,Train
138.47747608905655,203.20588359104195,Train
278.74056345628617,277.378020550907,Train
251.29370482210197,308.91084227712645,Train
130.1672681181746,211.45211457779723,Train
207.40681027122616,248.85668894516203,Train
183.87225920077597,264.31976294252905,Train
177.95918991544085,237.86710714733277,Train
193.28720634322332,218.8165635541664,Train
201.20633662445002,239.60425979046295,Train
185.27808840249543,180.47300799375137,Train
205.00246167735963,208.46357572690397,Train
167.18127802550177,185.62215149935312,Train
169.37945644904264,186.62570163381298,Train
107.95805106144456,166.43021524411506,Train
131.59131048286463,205.08022732965802,Train
259.57536982464416,257.3189982181147,Train
158.41214717762347,206.74069907055178,Train
103.45128609292306,146.367189200187,Train
54.88978850798051,154.24354510343218,Train
142.9008044226845,203.99762144106236,Train
118.54358649090244,133.18055501872078,Train
247.59941772759151,287.1947810558004,Train
142.14273978167034,166.74211383506204,Train
196.1689446914257,250.40942925561131,Train
140.9890699567437,206.20075952534006,Train
309.4178963633177,286.2263277489434,Train
298.0192362695383,331.8481323989879,Train
236.9394565809193,259.6524109662655,Train
129.1583369860795,181.28061989652298,Train
322.4497308908862,210.04344774411757,Train
147.50005919943922,224.97209907420384,Train
179.94582669824095,213.99585879619752,Train
177.2458617948373,207.71587118083008,Train
232.16747255554168,246.48085411638147,Train
269.7701454578502,292.8127034927374,Train
186.5136463268208,217.60779182662168,Train
239.99145848312577,249.38687337522427,Train
238.22281752058984,262.313871913109,Train
224.60090902445654,203.38523303348705,Train
237.05859573892587,228.82977136705944,Train
236.20324909473993,241.96415397706232,Train
211.2552922691634,214.20108947331227,Train
239.214725262196,218.63251319046458,Train
191.58067493455633,194.486262983124,Train
173.08154807383806,201.8147902668847,Train
123.26489680126215,159.14842471746024,Train
182.03736315294998,223.6216759678645,Train
261.218092462529,238.01017073382013,Train
187.75163111688622,241.7982397553292,Train
145.09491804800322,182.87901200622952,Train
127.68216403690977,131.4897220621115,Train
127.81467556121734,177.64464721046963,Train
83.65621621377095,149.25120327583616,Train
288.0043270301156,280.5311756594063,Train
161.65648909871055,182.75528215870358,Train
235.92271811863262,230.4704742917247,Train
205.1821095524467,198.38630245242203,Train
241.7057283909782,264.63049662203116,Train
308.02461276491056,287.484647993516,Train
212.94817811897877,226.95941263373703,Train
122.60285909911426,183.51430346311193,Train
238.80280561465088,224.74092400721244,Train
175.23849525192725,228.96541308602247,Train
89.97423837366686,149.47828217278746,Train
100.87921573803308,170.2014165053277,Train
117.8935667700766,163.78711987882,Train
191.62450597577714,185.85187655371968,Train
220.17128764126366,249.90065949439858,Train
95.58366475159181,162.18401364221273,Train
113.51683890106838,228.2155235412479,Train
156.54035557580312,232.00591863846182,Train
143.92402842420677,192.488910245535,Train
148.84234817367386,194.59704253350412,Train
171.07107111175404,214.55108329990273,Train
117.01043958435238,167.49274875174837,Train
119.660453591469,171.5177376065721,Train
120.65526600427911,152.50523037668722,Train
123.02111313310387,152.574520700612,Train
76.53475800142488,129.01644453460662,Train
138.8743688199284,197.0513448907903,Train
225.29047230177514,223.91945552111918,Train
119.11331082702058,154.5576597824358,Train
62.7287268213002,148.585163300188,Train
80.98962870884036,154.56942374411332,Train
176.3294912113269,163.3001972048903,Train
104.71321294795702,117.96900810736156,Train
220.8909733692928,247.15799726617277,Train
159.43311970378184,167.2037850201318,Train
133.37843081551904,234.74744703206224,Train
179.78350184748987,169.43813112735205,Train
210.78945849374531,241.39176982773574,Train
166.97437575494743,280.3398458361128,Train
147.48109212219066,204.71658475561657,Train
106.00289122823206,161.99152535407495,Train
102.75365094921986,218.841562328983,Train
54.84205223603503,172.56956180600116,Train
52.52969380186228,146.61132387534465,Train
184.1036358242412,169.90888943024734,Train
205.3474594026688,164.3534557926916,Train
244.3057348462051,193.24388734820727,Train
227.48825272595627,240.1837274566708,Train
186.93248411348628,159.9912279067226,Train
186.96074860711107,226.42139370634473,Train
212.3345833329973,209.1214212470185,Train
188.3905283270796,203.66147777672006,Train
242.04466609823453,202.9722175986891,Train
189.84344306602188,215.9112470989532,Train
180.14676551529288,209.58439179630065,Train
198.95463344604758,160.91495882613688,Train
198.94018177848614,168.66053037728273,Train
183.2670468582861,148.88980508149498,Train
158.24228139309176,133.43378048172218,Train
163.9055101272142,195.38006958145712,Train
220.90014942262016,214.52800809956366,Train
188.621130966394,175.03261496052104,Train
167.25767179251787,139.55114958875913,Train
187.92999148960763,162.18223320373193,Train
226.15837179575112,157.4850815988065,Train
243.14118246227514,118.85467235477296,Train
299.50359617083456,190.82125765636388,Train
227.72883119950836,194.36498085211,Train
249.24206003240442,245.64144791409484,Train
192.36607262150733,146.7436423906967,Train
180.083846935887,181.04767015636492,Train
185.35768185932056,216.09786972288364,Train
200.2735335333487,194.83774143049686,Train
171.41555028394345,162.08093509075673,Train
180.06362764359199,223.29991638961465,Train
149.57796419005007,157.78481564231288,Train
147.19422337685978,168.93957335040318,Train
115.79751581575312,181.42069170549541,Train
123.47123598376974,164.98451781438803,Train
176.74191156628933,192.79425204056935,Train
191.80179748114995,250.47675727782615,Train
106.43389572657986,155.1811653246112,Train
160.43344446400098,231.48319674192302,Train
151.1502619607408,240.2035845725137,Train
142.7405577785526,182.7015276199088,Train
172.31888819071855,190.6014548730046,Train
170.48769492572794,202.67494781375981,Train
127.30722490850425,169.72508947739774,Train
165.27747813904762,183.9250507833601,Train
138.4524932081693,165.12183659574447,Train
95.39845461735798,168.86476654032091,Train
70.21280040957973,131.18011495283986,Train
139.59257731727965,195.3126395501186,Train
198.0690388819354,223.4888830679368,Train
137.36698846396706,167.0608944206969,Train
45.611079960218945,144.19997126436843,Train
49.79230336345293,145.48308576646207,Train
113.54582934977222,145.31708578180184,Train
76.39799802764672,125.40988073223073,Train
258.6769302313942,271.14070908691156,Train
126.42120223267762,170.2559827703554,Train
173.68696438218996,240.5327698642524,Train
148.41595456935693,187.51055708814036,Train
222.93243996663617,240.5033958055939,Train
199.8712279470009,267.9599297707299,Train
203.66571165698576,208.28589789445763,Train
47.8214073866059,151.31364540270386,Train
204.24940569931152,220.17223445743463,Train
65.12231007397808,189.35411905153626,Train
48.86721613593929,148.31022908275875,Train
299.03507784619615,276.2907222265085,Train
265.4008934212667,265.2670826197646,Train
326.06229499937535,285.7062096177387,Train
334.5426924378664,340.7961918568659,Train
293.6114058338197,273.8529240495799,Train
305.1542407956533,279.43060460624224,Train
322.4020546833068,304.0411503405753,Train
311.6907998848764,275.4294405827991,Train
318.83735859800777,335.67354711959194,Train
326.7555285279753,291.63245104650264,Train
303.891439143803,277.1423795923612,Train
288.74509044549086,241.8999991254853,Train
276.7129361387605,264.51164939298036,Train
267.3164824330388,265.6923230967201,Train
228.53044838086362,200.20879689250768,Train
275.6124884657154,282.9890929515891,Train
401.5158155307055,301.6155954069414,Train
320.319082394489,276.14873531076034,Train
251.70876156781713,264.868103624311,Train
296.72628302438926,212.64139134991063,Train
268.3235534460568,268.3868413069704,Train
246.5061400308286,195.47486235751288,Train
351.9726795628386,316.4390733270095,Train
280.84522475143325,266.9789423684158,Train
239.55898068443895,289.1616639307243,Train
279.6399908919251,282.762730614167,Train
406.02148751079085,341.60030212049185,Train
425.3827330947523,393.8030724860049,Train
263.79447115796194,264.8986782998718,Train
189.9449636372101,225.5315166157287,Train
321.32493486552795,277.65546749165804,Train
177.49391221910048,203.7862196746851,Train
186.65794052014368,199.9984227148411,Train
266.6947366407661,258.22782067047996,Train
255.86805407478903,266.3647545720048,Train
187.38400768844926,188.31475954019567,Train
231.42653694488533,240.51803254627853,Train
229.83743378122296,232.40313587434892,Train
230.8223244100746,193.52195575927993,Train
246.90387288816277,234.53404358989442,Train
246.3533002925282,217.5456058192752,Train
204.10990065204462,185.99782862706513,Train
249.67367396671224,204.0017175749016,Train
212.5535078182413,190.07245899826322,Train
162.54462023653087,186.45856297569196,Train
172.0121372532313,135.37798757280933,Train
188.70803164162155,224.203346890339,Train
225.7022114034528,216.77638935707108,Train
165.04414358478257,181.36198889143137,Train
110.26017648182756,141.02267881034274,Train
190.57041678052002,169.42958529071893,Train
130.9147874075628,167.4986223579979,Train
116.64859546802833,129.54521792495933,Train
351.39844424450916,244.61709523411105,Train
268.4974654389797,177.44863839408987,Train
205.81966066292412,167.7178126597115,Train
171.1259142750842,182.0753245679382,Train
237.2052824541797,216.35004061635146,Train
308.5687809616255,276.588557211246,Train
223.1981689615672,174.4542989008049,Train
136.11405845406333,156.22740919890867,Train
269.9140782749094,197.63138190143755,Train
193.91650890165226,209.96959101913706,Train
115.7189197075487,160.11895947835546,Train
273.4582945644056,267.5863653979938,Train
265.9504370720323,268.7522608430308,Train
260.882247648854,281.1699130201546,Train
319.1045511076816,317.9144290187577,Train
272.23268044968347,245.0241320065322,Train
323.8986937630484,272.0612031000709,Train
281.9497660872256,283.4451557081904,Train
279.3802875889487,280.11597446313203,Train
272.79447601563305,311.94097451774985,Train
333.97278061869457,288.9036524787775,Train
259.30469420626895,244.11327424712505,Train
283.290216778356,233.9368279150665,Train
233.14368126225446,233.7594027889129,Train
241.42934833495582,214.00815302012103,Train
161.44703200598403,197.1549972157107,Train
233.16843840169392,255.94286519030976,Train
369.82912085461794,256.690302614854,Train
240.37677948637088,245.29969153830228,Train
249.04369986547917,189.25041751003,Train
245.07232423021463,179.3970884428196,Train
202.67357181545154,216.30359618991378,Train
142.26915804915708,201.44362012220463,Train
328.0979884353975,324.73832721539833,Train
235.59850348915984,231.20502434368902,Train
208.21647616141667,243.91169859571386,Train
222.77469347752165,225.5040336043684,Train
295.4462751342911,254.96819579971316,Train
324.79048001156207,318.665559512305,Train
268.5467594276082,227.71674525564993,Train
212.35883396638337,196.33759980151368,Train
291.6935317256599,253.7452593920388,Train
252.83079690571742,224.51910453647878,Train
110.17341205881095,169.34833079302678,Train
114.47807457792564,151.46416894993678,Train
195.80294042607392,180.9188457323956,Train
207.4094959999495,251.14504765322727,Train
90.59749759650155,160.6985593927062,Train
130.6526155527249,220.9781001954833,Train
163.37490643826513,225.18378582627383,Train
158.4682942947439,206.4119164883246,Train
156.54269733744331,195.50262539292746,Train
193.18844105413208,217.45156407611302,Train
139.4679866537075,141.54312336101157,Train
131.88133413616924,173.12452791821272,Train
129.5090112816362,167.96909406535602,Train
121.42848350151742,155.77716740744916,Train
96.08218107240091,146.97993362720257,Train
147.92418788087315,193.22168302611897,Train
174.81946879211307,222.40811170585533,Train
110.21748969434567,146.94507865667998,Train
91.51293563397022,133.61546379942217,Train
85.12254620821523,153.08876789387784,Train
166.30257921389216,139.84438622325914,Train
104.25908071375426,81.98383959520285,Train
244.27805079085337,247.90201100326416,Train
174.5514495479885,169.04381382066742,Train
123.71739659371109,247.99770230413537,Train
111.5801804910369,187.76846693661793,Train
261.22992941964594,254.11946959688962,Train
184.8501007796867,273.7399958318155,Train
170.55171079406387,205.75272444803616,Train
77.93314944840014,144.9296885899888,Train
136.9350105341682,194.55418094347766,Train
0.0,166.04438650109876,Train
27.363128380063486,148.22836636672633,Train
237.3676517427078,243.35569554439513,Train
259.58748869336074,249.9904888790486,Train
330.72852212773904,300.5752116483612,Train
339.2236322014853,346.6298120088337,Train
256.3801910109196,255.2663803587373,Train
313.7448388901498,280.9677641672796,Train
310.0833259455218,293.48677630059296,Train
268.32246576542946,261.6098067402751,Train
282.60354862001145,277.7064787483606,Train
339.977912142809,277.12339906726027,Train
247.64894810418443,243.92518543418413,Train
271.6166565041376,243.84655228683795,Train
225.03772456998303,238.69373855881227,Train
268.3810373426687,219.7666400024741,Train
167.9253886037267,177.55997068499997,Train
253.79981633546433,248.14284066318766,Train
345.3142292784654,269.7758320414333,Train
235.412647444149,229.2405234804376,Train
232.70851923082617,211.25682109851306,Train
257.17629183971945,151.46716917981104,Train
183.73258360845458,214.33610595628213,Train
230.84182984976042,196.55801769243112,Train
369.36960751264775,333.82846222692365,Train
241.51962014763288,199.68803305282367,Train
239.3151801541559,211.84756157048548,Train
224.866349960651,232.5440943128675,Train
292.4085824057518,278.6229644349408,Train
385.9393340106945,329.7466468576361,Train
263.1663947001062,235.9108520371327,Train
189.66270378457483,215.88763295619722,Train
312.5975320288856,247.22771906445683,Train
390.03274599703286,251.87984935068022,Train
240.9331317208697,240.46284507574887,Train
279.70597029947265,249.9758948659648,Train
265.3664141081955,254.7681537592447,Train
293.7693217805146,294.1828246228257,Train
340.0540199648055,342.8212279152503,Train
284.1969244511889,264.35003114518076,Train
319.01071782168714,274.6920770399662,Train
297.5598193797656,282.5636578885108,Train
293.21070189200896,267.96495916069256,Train
275.7370415900522,302.0705849057564,Train
346.3887464521395,281.2451530777635,Train
270.8994799661634,248.9847965094989,Train
290.76924213212385,242.86647388376048,Train
275.32632171606235,242.27126006826865,Train
272.99803295002084,219.6477744657476,Train
182.28830353970824,178.21731960567763,Train
257.5327005416246,258.4292766965328,Train
380.3078374294361,258.40316508721344,Train
280.2262901004,255.5972579870742,Train
266.7909366571233,223.3035821839914,Train
224.75339096291268,174.6407441691269,Train
175.81129289669508,224.81212398016342,Train
219.53251698550113,217.80813024928432,Train
386.2106229747002,329.4037227213872,Train
237.74975218322422,226.30208749072864,Train
249.6439209089079,241.70265095731662,Train
250.2333853221233,238.48299697132822,Train
309.18658269974344,248.76575498609262,Train
375.9352277053566,289.5827551215964,Train
284.3188606005618,240.80552796899067,Train
186.15384849015373,213.1945608765519,Train
310.83149792688755,227.84184484640386,Train
252.24827632845137,237.0739369363843,Train
238.6832093990366,247.07489807767215,Train
225.71814362306012,252.6882843179214,Train
244.27598761812297,281.89946382266686,Train
322.69408286855327,326.9668615926377,Train
246.74669684801265,244.90943804860018,Train
286.4689764239487,272.16385143926897,Train
258.28362078066147,276.5280080878513,Train
265.4428263459311,274.40947556533774,Train
265.7077847718532,302.7629724318806,Train
312.5430369326705,287.6782474641011,Train
244.68885441806447,243.63618561344987,Train
275.6452372280351,237.24604242463622,Train
201.0664731705581,240.19331837510575,Train
223.41218536258248,210.69827338150256,Train
164.99168853033183,181.5230439610523,Train
208.8777776054073,253.387844425706,Train
335.4201441970838,259.7430894530816,Train
292.19212311746367,244.66862961536432,Train
205.7209023994936,213.0502933825237,Train
216.22812212372247,180.37331654165715,Train
167.32540466179321,235.74841000079934,Train
130.66275955977437,210.47287979498708,Train
335.84592626466554,333.46994124217804,Train
215.285793716321,229.07024480602345,Train
185.1439556481777,235.6829996375223,Train
234.25151240133778,230.0026616914357,Train
252.52023965777107,255.53170718598224,Train
301.32902972804635,286.6349975693982,Train
169.61679831012236,237.5672323206494,Train
146.5957768219231,230.33007015186575,Train
244.06481814756572,221.34898162946047,Train
223.67308924037667,219.25896334305023,Train
269.61231900754467,253.83166359265135,Train
183.39839123315224,162.39593930410808,Train
186.96971717420234,159.07197228594242,Train
236.3435295282265,193.82420958784178,Train
247.44277480458317,252.94795452122412,Train
175.2643294484921,156.19415667358362,Train
182.09408513333696,229.76167212726452,Train
203.92911096205546,227.6252911032944,Train
200.83279658276112,193.03099795431936,Train
226.44961356439546,196.53992192988443,Train
233.63821389279752,217.5267031667076,Train
199.33403829644803,191.51877021248617,Train
207.5370867753471,165.8803636686426,Train
175.9542435808623,163.75405469525836,Train
174.2473593294947,156.60099820121812,Train
142.05831153140406,130.94409876886738,Train
186.18957666353543,198.06795843808638,Train
288.62118161954766,236.5190959264544,Train
200.10193066692347,159.1498157093984,Train
164.5438931889937,135.13654904388125,Train
178.1896064716222,153.77453270562643,Train
205.89167798483382,157.41465907645272,Train
184.24740900963926,100.904319306203,Train
272.03714639152054,233.98955564258057,Train
249.1472066396528,179.5773028004568,Train
235.63829338102883,202.16588080466002,Train
178.59588361303054,147.2606528531456,Train
237.694194429655,208.47328024928692,Train
252.04886347686266,244.3889046097352,Train
208.1272762630275,195.05568312477038,Train
199.55102000198477,176.41966153442448,Train
209.931121971525,214.94417913587898,Train
137.7604006023552,154.48013423515485,Train
123.459577263645,144.60070029631726,Train
220.89711316940978,180.94535086719867,Train
237.24752147505404,189.14878174564,Train
331.5480279794544,217.48306498729042,Train
293.0987360515734,240.44956514451425,Train
220.1439260992247,159.1660827862111,Train
264.3035840172372,192.53108360028466,Train
247.42316677662876,222.19642313892288,Train
254.027001733492,186.02005764119892,Train
268.95933645253194,219.61502039406653,Train
265.13164296123017,210.30627467612393,Train
254.8669029972956,171.85242858171407,Train
252.16511656072814,188.097989548234,Train
223.84334422933165,175.49615894039638,Train
229.026283651528,170.57757522837744,Train
220.87923664145475,130.91522951777978,Train
236.93747841522912,209.03745272220326,Train
286.741613138567,235.8755010609799,Train
215.46016770910626,175.8590477160243,Train
190.4977985346368,137.90005440516006,Train
253.1819473631455,167.5736319868098,Train
207.4286465835841,155.05545753020778,Train
193.10039856472196,125.77265250207685,Train
372.1540544565611,246.4540003672148,Train
241.32782211488643,176.55076537534325,Train
294.4502268223406,215.65947685113042,Train
249.18127859144278,160.13194419588422,Train
256.316636826264,216.93067635114903,Train
249.86454545301513,271.72105926882404,Train
313.44801388230627,213.25264910357095,Train
218.6335736848465,170.3234225347303,Train
292.5816838793163,232.97449376902708,Train
176.76555544404494,189.55824226132356,Train
226.0513168143037,175.3732576843679,Train
308.1345143319866,273.74937812313317,Train
269.96281499943194,278.3387736405211,Train
335.5086962355627,332.53457184049944,Train
352.47573140663206,368.52106159555774,Train
319.21594779124644,262.0809537980653,Train
330.055411440297,284.5828254066055,Train
301.0391696213112,302.94053162266164,Train
322.5270871827146,275.8274195118053,Train
311.5372877824021,321.08596492888944,Train
328.19962048387276,284.707595111545,Train
293.30954953895554,263.83762870335573,Train
329.3670749476504,244.1333672265451,Train
295.59853430545377,267.025435776123,Train
310.3721967099574,259.0585645970534,Train
224.8198359884959,197.97330270127875,Train
278.7252292954076,271.59974107173934,Train
390.351881360435,299.53060632431794,Train
354.5700289699321,276.43456252023935,Train
276.72605352431253,245.12332935584035,Train
266.0266395384485,194.5153464144462,Train
237.932514036319,233.19444097398716,Train
228.5412137816921,218.4465065384607,Train
440.46989543373195,328.69578483139895,Train
305.79013452849216,232.22912627646087,Train
279.1700477986482,279.9445713110515,Train
255.49973937434515,276.6500071047904,Train
357.2272489981133,302.3207024238695,Train
365.2600471056161,349.7826654037709,Train
214.69150877182585,223.8823071889481,Train
266.0901723305327,226.96909912187883,Train
264.3941243729742,275.11330432311837,Train
280.56789390906135,276.3544046439404,Train
292.83771140270693,266.23480381834065,Train
217.3302875901686,166.6482638610126,Train
237.34619337664344,160.3415068318441,Train
273.84246654313233,184.5637983076985,Train
264.9976198917888,220.7099995127761,Train
222.2782502563381,145.1651742608787,Train
231.20703510809182,226.14267986569644,Train
253.41195221506825,212.63071249797278,Train
234.12882109839344,189.48935837475145,Train
267.0323384330795,194.19723152621037,Train
236.4812107103892,207.40977402481727,Train
230.7875633975762,198.21453074829225,Train
235.95139649464048,158.6960534865027,Train
225.5925521203929,169.2818709440719,Train
220.47271000158202,171.29477911658,Train
202.46930009065613,132.5268575729284,Train
197.5877782450967,204.82751462471168,Train
247.44389469060366,222.2098395950517,Train
224.45716229430812,163.25264385502106,Train
225.6790738385001,152.93346810899934,Train
204.0125128126952,149.34604902399593,Train
269.88567183243237,149.38227499483995,Train
253.3472676142462,112.82059376578167,Train
297.8008656298376,193.13967567975152,Train
296.85126323332804,194.1277447575224,Train
342.280502890652,236.17148408293468,Train
234.64434178875192,157.3534844232306,Train
219.181061855953,189.9616308615884,Train
262.55750196869616,232.4161093586421,Train
238.82954233080795,200.51445261822198,Train
186.07514258017665,174.71650920208324,Train
213.16046287508743,212.5383086929721,Train
231.05026360153457,173.24265112090626,Train
237.25474403307095,172.26244917308594,Train
124.17046712754123,178.51322071911517,Train
123.40375655781438,164.19367973853113,Train
196.97546098568245,191.41379239189456,Train
211.3505385553715,247.2525791224586,Train
107.48197955081939,150.97224556049423,Train
145.8845802523374,227.45206589108017,Train
167.79263024900666,231.6657435452581,Train
147.6832630902363,188.6734268918819,Train
187.47052951418192,195.14242693169302,Train
174.28738849875,201.86252293195597,Train
147.7868370524151,171.45585004275375,Train
153.46887517517752,184.7699984709511,Train
126.13611701762872,165.34103524650453,Train
100.33350286703717,161.61915167343602,Train
80.95808139590794,125.38547866198442,Train
157.11052695804779,200.1780385297021,Train
194.14294793869323,220.6362260584844,Train
135.30636327948494,179.6854368546445,Train
21.30612418907782,134.12475666018383,Train
133.82374888941212,151.5414471164719,Train
148.41721687520155,146.95086462042775,Train
110.52220608597763,124.9575971629021,Train
236.39531903790618,266.9757839066772,Train
152.53403966689186,168.27438967134634,Train
126.18931364905478,238.10105500234914,Train
131.66186378274645,192.74848294125968,Train
195.24972733400648,243.60200734341157,Train
152.16343417072187,283.99809715905803,Train
150.91837770051808,219.26925848888033,Train
72.35961439359912,173.29525873353464,Train
139.82669437213534,218.66177848348434,Train
113.28838418557362,197.9568561839127,Train
89.98299402047564,146.74833552947908,Train
193.5757213232734,184.28428167595197,Val
232.1450557713598,285.0292487237708,Val
277.45443424756184,200.33113866419046,Val
196.36377634643458,175.49652404477524,Val
230.05120771902017,223.499523421719,Val
166.25254647363369,180.97887854629602,Val
248.96112802062936,242.87215191511746,Val
297.5676952277436,261.6466326705216,Val
221.0923886587696,280.7076015772086,Val
226.78987218795766,330.2289984104949,Val
269.81023256258163,311.8787150995836,Val
215.7394807851211,276.2387831609415,Val
266.182744141191,297.2509613817938,Val
188.01954177616608,218.7946764622063,Val
246.4942207374571,244.15700496893626,Val
374.9693615609248,282.1787965243078,Val
268.71968006073223,242.47077908356783,Val
271.78415103063276,345.64456808080485,Val
401.4545495476083,230.3199120737606,Val
240.8196787673677,226.62508019377262,Val
308.8494733159213,283.2441339594707,Val
230.02118962597874,198.02781439142225,Val
346.8131310978962,270.9199345514395,Val
241.4979467855012,263.6933965430567,Val
180.38433280444488,209.57207679179527,Val
255.9573102412291,211.39770439557992,Val
236.3017275473706,243.22361029673115,Val
213.10715053902015,159.8824875204887,Val
210.17534020348418,180.5314723818632,Val
230.76649236870475,195.07503494235414,Val
181.8014301147443,183.3799430693145,Val
248.28183926921835,199.9916855599098,Val
264.5734394634683,232.15159880414728,Val
205.97281161552098,168.66289397624203,Val
218.9086429889678,192.68822393297086,Val
257.21913730287224,287.49593566284796,Val
281.5601589555821,205.80286809390438,Val
195.57533048009884,192.4283645051103,Val
235.88712315011662,250.9704894379345,Val
199.47081173292025,182.84103462885093,Val
225.4786018696005,250.15404199472775,Val
277.5612729232307,194.70861715841565,Val
137.39087202102286,196.65752693690555,Val
176.51901153505952,252.18119993683513,Val
187.90018225490337,158.4233767326007,Val
156.1309921136127,178.96803139483063,Val
145.4772196124566,209.46013363752664,Val
139.82361092905592,183.5127669563231,Val
145.63213883789967,213.65910202965932,Val
256.1824793981217,261.5220631067453,Val
191.94614704176414,152.40917423664266,Val
243.03188372000955,235.0908659940191,Val
217.86889180168805,319.9362089316178,Val
361.78167998671364,250.70140894596244,Val
206.6302271922177,239.37559184758248,Val
218.20502621028078,260.4321244590718,Val
215.54254917074937,238.19464315049652,Val
285.46929478905656,295.00105450069566,Val
286.6313121117751,255.40219307558942,Val
269.2759805905587,282.105059166275,Val
156.42604726428917,192.81705767627304,Val
149.55446855284714,246.6078154575172,Val
124.06646667160065,169.99052432231375,Val
147.4496234733653,184.7335969238629,Val
122.86090099821477,193.33594951441543,Val
135.35879393430542,184.68354568766,Val
190.05593135205402,230.68406214477935,Val
161.17315295223767,235.59272503865577,Val
185.5737270573037,175.59490036444677,Val
134.76042390603345,194.37779137546946,Val
174.4187299699294,284.31505537930576,Val
242.73270992092833,201.0153112707568,Val
102.97088121303298,183.83174281061957,Val
177.5801208548813,252.64384761705622,Val
121.84337395529829,177.87399635656178,Val
160.04897542301308,248.238026233546,Val
165.6487006020842,246.62986935137337,Val
165.50559716538845,194.44825329028384,Val
150.05938182719672,195.13884329355508,Val
172.7516084122413,248.4197751233863,Val
212.02994709328416,164.71532220777357,Val
129.49022766414342,149.78725491837494,Val
197.16558226447344,233.4440861145326,Val
88.5491830801988,158.37235353169785,Val
172.94795117191137,218.4061793698674,Val
255.56763045389891,209.75504199244838,Val
126.66419904938788,179.58472293648055,Val
94.64999070291177,208.5988783352745,Val
128.65272504060715,284.3524814614014,Val
282.28552041735685,209.4125003996095,Val
52.882406581724524,194.23382344935033,Val
147.42158550557173,268.55716687447034,Val
61.01026865685321,181.12600774077202,Val
144.228936173764,267.26462045349626,Val
190.69421873513647,240.62873364469658,Val
139.22389759911454,201.25452257517946,Val
194.16358326110105,222.65944827826067,Val
191.41443102709067,298.0976666850039,Val
278.898822819855,217.11215643321438,Val
151.12326451140729,202.2311005462817,Val
207.71872715122436,281.2462563085871,Val
189.69062554480777,203.87205088343728,Val
202.7583147877719,240.42600988258687,Val
185.4782132052484,222.90561380350192,Val
296.6180742544077,247.61349130773655,Val
260.6435512872771,336.5384508323921,Val
373.07256454333265,241.85261823093856,Val
231.2028942950215,218.06171846489616,Val
302.23691244614304,285.2085975589822,Val
292.79081109922384,229.45893770434245,Val
318.8420578087366,261.5995743318215,Val
391.21826010274594,255.07775681356793,Val
168.21059520138238,235.2654117726691,Val
223.6560633693759,247.1245715149952,Val
246.73964942154632,345.63820130364775,Val
378.40879724335093,267.366643639566,Val
231.57801815816129,245.7126881335854,Val
295.3646105055053,283.24553228484444,Val
219.28307326380423,200.21363874260186,Val
348.0011110348454,252.9405441827156,Val
244.32932147149126,263.16469169640527,Val
173.13430396456522,223.65284690228543,Val
213.41666714153797,231.54333926625725,Val
237.80746039010654,299.78529271388,Val
344.6824675270045,227.7064854659233,Val
190.46150062590365,206.22025301978135,Val
241.960406312373,286.7416734283965,Val
161.5670596655664,209.2395698125217,Val
243.71573429297132,229.10146350615776,Val
371.79927709547167,239.4022742871574,Val
193.01823124971992,222.66172330980464,Val
213.55949991391824,221.30486150746685,Val
218.47512512709875,295.22177778313375,Val
310.47111799247716,222.5940934927915,Val
146.53080378535674,196.97087601705095,Val
238.55727608529327,280.1764074532013,Val
168.37008623863142,199.0598733064537,Val
250.03516875916787,251.20233875297566,Val
321.50423047091715,246.280073418299,Val
174.82539072495004,196.40149988021932,Val
190.0658896745684,244.88653678130885,Val
187.50252295501957,152.85902520791572,Val
185.43359340128552,163.07157618402596,Val
188.98362449286955,198.17713578751037,Val
158.69319809028048,178.19456093005095,Val
179.55039094207416,203.44394774867095,Val
228.2162085455402,220.66576620098022,Val
195.8275539762618,135.06003927042684,Val
112.6176484662416,197.07163690171654,Val
145.8193589425253,256.17588993203526,Val
179.51174855408442,180.17323470838025,Val
112.81162193109951,171.12457481336938,Val
153.26724439871992,244.81387522882994,Val
95.46198634688403,174.78096376789617,Val
149.48545829490456,225.53517965631764,Val
172.07505392036927,181.68289054471995,Val
160.22306779064797,205.37157336405002,Val
189.69025193887808,276.87591045281965,Val
243.60943243720533,201.86139046299917,Val
93.57482690315817,182.3218105963187,Val
206.51669526151204,261.259225562617,Val
125.58053728277437,187.48117168267626,Val
206.4286425435168,247.4930369069523,Val
210.085120405721,204.5074733007613,Val
278.62765400448416,218.47287035672838,Val
258.1395703828766,269.46269435308955,Val
279.1903970103655,161.4304099976552,Val
253.44154959484496,126.17609938115194,Val
293.46754380671416,206.16131801798932,Val
252.18294725601658,197.92029992882965,Val
324.7674142568777,250.00663261584492,Val
144.76505950483838,213.55985869061908,Val
180.7238764863508,295.531770463762,Val
224.8442001250728,191.77372213195014,Val
107.78442513239733,176.55426476856258,Val
195.7941070085258,254.8030259305015,Val
117.85788107131313,194.37818493461228,Val
153.66307043900937,227.9623762861635,Val
176.55621715591803,210.01584603150937,Val
283.63045877777284,263.5478436260013,Val
300.90012107271536,321.0136516478086,Val
365.05445540576744,251.0920684415453,Val
238.07119847966635,228.93329846749333,Val
319.34723497281516,302.1084941145669,Val
266.5549911618865,228.54749366875618,Val
297.0932363511239,280.5392642950328,Val
251.2491895110643,252.71568557600997,Val
198.95692259585292,236.24243917327541,Val
199.0292135407414,306.81002958803134,Val
309.83799107051107,232.47626141002684,Val
151.68163263173932,218.81710371596054,Val
221.8383724909326,282.1503321944281,Val
203.46514121749527,206.4101601320457,Val
326.4718347033238,258.09405806989196,Val
272.76932808234835,258.46428085354546,Val
157.9006761332002,209.48805953842682,Val
182.69335037294465,199.41962541998709,Val
204.4156514838042,263.54531116785967,Val
237.33936150207722,158.7831243444199,Val
170.0778849866821,154.78253896269084,Val
211.63242267077595,219.20922512090115,Val
142.2040428228021,171.06933853262677,Val
236.6974622622075,215.40616014031116,Val
297.2150498755482,211.38477092730665,Val
208.19742577627932,168.2160559871749,Val
338.6225824400254,269.4418467524197,Val
334.0885709294695,350.4214462015824,Val
398.3915586528364,278.9297713558783,Val
292.1598336434025,261.90668956326584,Val
365.5182470769787,305.09116234769954,Val
279.8885565992124,224.77239528394247,Val
362.2431062640052,267.2213976724316,Val
411.61200514944267,258.55859012912504,Val
282.3541539093834,254.3959520289569,Val
175.14574132534835,184.3332180708398,Val
206.60537182292498,265.01037800047516,Val
222.6834800734958,192.70471155874026,Val
190.33368274790624,181.31646989729305,Val
224.00408632473057,235.94349857893974,Val
142.77539750641088,172.73344080137508,Val
177.04003598189718,251.5105138603882,Val
269.98743757450484,266.26733135270666,Val
228.15422318540595,188.99710161179758,Val
218.50738335459027,272.5540404420823,Val
225.39129732925022,327.00084256277313,Val
275.8512464481504,278.70745937975437,Val
184.14452019141675,264.69715226278834,Val
263.4411398173938,306.2892117921719,Val
182.5826716366802,229.57301740341313,Val
207.55890554458273,268.0367856587542,Val
302.02831505859075,269.29286261295795,Val
232.763486474942,266.44866370192096,Val
178.98106112860825,228.20923301061546,Val
189.6616179388277,303.16216195541836,Val
335.479725996334,224.59612184393265,Val
158.4034036762877,208.35092611765438,Val
196.3587882732226,257.8564097203867,Val
169.24079552251789,212.3801405877406,Val
210.38976224281075,273.6894007896972,Val
213.29900038394237,244.92003639533627,Val
216.2565687875372,235.8662524437481,Val
184.6571290421681,196.6723283951206,Val
202.8547140529302,263.02554992213993,Val
211.28818893970154,160.3529088337392,Val
224.86740757373204,164.86199549065964,Val
182.5891426933776,216.37283508372352,Val
180.0756062951219,187.76255527498898,Val
205.72050694842306,207.90793449645668,Val
312.6472835063931,236.62952868461653,Val
199.57185740957533,174.54771985761897,Val
286.5604222375775,278.9086737893125,Val
282.0815095948088,355.19567537020515,Val
359.3043175433636,274.6461754241502,Val
241.706181214396,253.50532633969826,Val
274.1460479100687,297.31978717045007,Val
232.98464950940706,222.9721732481015,Val
296.9973255400554,246.91334057850258,Val
126.52405527901891,192.22451568307702,Val
179.12307468081008,287.47192172552707,Val
208.79897222502441,215.06024370701064,Val
143.9093377590874,187.21666499476697,Val
175.01462064357918,224.79711087752148,Val
88.82792797226912,185.70338398452722,Val
173.36550886847363,249.0747651093724,Val
200.17898418264798,200.4065684425458,Val
116.45109411798009,182.08276307540345,Val
159.20700482484298,254.88624046750243,Val
173.2831518303943,189.35401843067876,Val
140.06809676933548,184.64810576301136,Val
154.6851497087136,199.98751573648198,Val
77.2023625270661,184.2216840514984,Val
118.36921592215722,226.75298156301375,Val
208.05792565110218,267.0765441757329,Val
127.09581898275829,192.59182553080495,Val
165.8532699766824,247.77999244413326,Val
193.62927493654868,167.34892442404072,Val
160.3664304391306,185.1192709072957,Val
152.8902533740163,208.7089326510327,Val
108.35505589482565,174.41026350286256,Val
191.453287540595,215.15486910128752,Val
230.01706856218232,262.9788736867781,Val
194.99792786192782,174.9016837137355,Val
177.59459228718066,201.0180499923964,Val
217.35259269980415,260.3522394953287,Val
243.04041792480717,155.29397821395992,Val
171.08893428365474,151.75202212561155,Val
199.1742980837692,215.6632049855122,Val
147.94881320474624,166.82319998473503,Val
235.4129935296923,220.75027967352761,Val
354.9164911743118,218.6126207731378,Val
225.57786018190785,157.0489099380559,Val
313.34886487606127,277.40261688546553,Val
297.98699223067877,361.3774652442265,Val
355.03532233107626,295.87725400330413,Val
230.42506608595593,273.9052474042626,Val
296.68798996266094,304.59453842341657,Val
246.16335165368807,235.63730742322136,Val
305.4121307862124,279.2223883538702,Val
357.0155222816446,287.345805906102,Val
269.51102883187525,254.22489922815416,Val
243.94408895152563,236.60558767780407,Val
241.15469921660423,307.34317899303153,Val
361.8958503047733,242.48995775426397,Val
193.73025529390924,213.99685690372172,Val
274.05019149061445,285.34926892946027,Val
219.2527656845146,206.6858117627035,Val
262.9087212742744,252.65560061860026,Val
277.4264521482165,238.47329220164977,Val
332.5169002817198,277.8324026949305,Val
335.11131211957616,355.3394134305905,Val
394.2858238001389,257.25359452808175,Val
274.9552458551759,248.0053992689886,Val
338.0897880177437,301.4459101057424,Val
263.47597455921186,221.21020108607118,Val
385.2167565074801,286.39665090528456,Val
433.61224359488574,262.09147136365704,Val
295.28891414818844,219.80877640516115,Val
192.8525689143608,237.71270098671332,Val
182.49613190758302,319.05607701132317,Val
356.11369000395274,249.71701460782182,Val
158.24828627170245,244.7205032711034,Val
210.32577353511897,267.35583237532245,Val
176.52968082320209,236.1589054882728,Val
243.13322644436846,292.63562972981754,Val
241.39346399233062,254.64868416253762,Val
210.85414519957038,201.2191295996765,Val
203.76842347996768,240.08342623555532,Val
187.8740975732312,174.58238327489389,Val
200.9680056534637,184.47014688239494,Val
164.65315630465142,194.11757781031258,Val
171.00422954369208,186.23608274559655,Val
188.12946376843425,214.24762165746483,Val
223.80991240197574,216.65419919557212,Val
204.24318635350244,161.00041642955836,Val
328.9860590738452,285.1339480394916,Val
295.7620906609159,337.2524786064954,Val
352.16035309175373,292.22235299413217,Val
265.0751673763198,276.9324694602328,Val
282.2306321379303,312.91233254875743,Val
263.3173516612842,230.966937206678,Val
243.59395070852304,273.35065188207545,Val
192.35196983570037,202.40936130721605,Val
204.06655565419896,248.8219311654613,Val
218.13814215233162,161.8429860639768,Val
201.21001990857798,149.96473827853316,Val
207.91403681682766,199.2643547021333,Val
215.3421571175781,184.16540173928132,Val
199.27874365608392,214.27724246426416,Val
274.6186445154898,215.42000260610516,Val
182.83167800068907,157.44059297951873,Val
228.07390742307905,197.49285539176103,Val
239.80203480942384,270.8543577411138,Val
263.985601789122,160.47683876294343,Val
218.3390199048739,148.48084249068393,Val
235.2235184804719,211.86157198414188,Val
192.8925544371893,181.3897322376581,Val
269.33078157270864,237.88837575899896,Val
237.44161810000293,177.30864701576985,Val
188.05167621084496,201.60062090186165,Val
209.86981218509771,258.9191167078034,Val
219.31243090427762,158.60938782847592,Val
222.19853520038063,159.86396964166707,Val
183.2341776350652,210.8831861967786,Val
162.66587400840982,184.10311391553233,Val
294.97091277100066,227.2326445003657,Val
215.26944108854894,241.4703929293991,Val
164.31933889468198,161.79232094899913,Val
103.07307017003322,182.41362642770414,Val
127.99795974125246,245.94526118163307,Val
159.35928554708227,188.07901213976515,Val
142.86288370228283,178.31417916477776,Val
125.92880613632386,219.53101260704875,Val
66.15773557786692,173.58127619768504,Val
140.50393275479755,232.68112280163228,Val
195.65541754572587,260.77131426014563,Val
209.6707135259822,184.0230149228093,Val
352.42400464255707,209.9859283059811,Val
355.5365824947312,244.92809258509956,Val
365.66551362046056,168.44677645972948,Val
335.2774830972951,160.07403600422498,Val
400.5861175712179,210.0507634002688,Val
322.3603534915303,203.56361480318645,Val
342.03669322202234,218.71064653723084,Val
441.962326134253,225.6227840353195,Val
332.0578355592319,177.53710494635902,Val
162.35628952800178,196.86069581947027,Val
183.96821056062458,254.73618303076765,Val
191.4913390412057,159.3149223224851,Val
187.43923186553576,178.26656766813014,Val
183.6781107622863,216.01030075935122,Val
142.79024048874814,181.34652491604103,Val
176.05198767351476,216.38579127848723,Val
270.76156195724076,239.22603735792075,Val
242.15722343100776,242.52148801638836,Val
259.0520871856033,298.79365877573883,Val
348.1365443502948,233.2498241928773,Val
221.8476299815788,193.34802347694128,Val
282.74249774819,287.52047161628866,Val
210.76899211568724,208.01947771036293,Val
243.76901618778095,240.87416560791348,Val
340.95738792364824,239.46719305139735,Val
234.76619719785208,225.5859080641156,Val
188.4392211550209,193.89583927254012,Val
199.95177075050262,251.29788355495518,Val
191.1273806379681,157.27329385177032,Val
198.7384173796152,173.8664599578189,Val
198.6323906156225,199.88575778184295,Val
164.70577857082463,176.98775333303007,Val
189.49432041397867,209.45972934381996,Val
253.17759041657354,235.94440859306758,Val
210.55816533812686,161.7711698800298,Val
168.14067156317486,194.7909265089139,Val
189.7523435211953,259.5180995335992,Val
218.31860259122502,158.34635164798,Val
147.82973082504114,170.31681035300323,Val
186.0959241040876,236.08565645659735,Val
103.27203646384265,168.90527061681473,Val
259.19916438999985,210.66513318458178,Val
260.1760457252492,249.27573885517083,Val
174.49438065144554,160.97116944898764,Val
110.57444905145505,197.51242403465125,Val
150.89905666721504,257.84728929579643,Val
199.97101736979775,191.68313643536283,Val
105.5615090199451,178.21811056361324,Val
146.03634177078538,240.815457311999,Val
91.65301057365258,161.76818209707508,Val
124.05436138413413,231.23797754667595,Val
207.03367958974513,238.30002194377215,Val
171.26458166185077,169.244686120452,Val
118.65909208346633,171.02798600284055,Val
178.92125216763156,261.80776440086146,Val
185.45970558959354,189.4526053764377,Val
158.4147022458694,170.00158340489867,Val
183.17070645498885,221.85914428910854,Val
94.3392228587691,168.81005196504034,Val
182.30228760849494,235.2619993008732,Val
224.6067012065929,260.0596079567732,Val
114.61700910416465,196.2858818472624,Val
140.34879548854,254.68932446439226,Val
171.33455914096743,172.01085047263493,Val
123.22863148238741,169.75334041530053,Val
177.0559884421028,234.24459910540094,Val
65.75470163039657,167.7854967707269,Val
195.82812508243686,223.00633406093152,Val
189.23540269310587,228.63137062413188,Val
183.98452654935343,175.15393203200642,Val
73.94242081412526,217.38740771851334,Val
107.32809183538305,273.07604724000896,Val
214.57484374097777,203.9709986879016,Val
55.879463387252954,185.60659632820648,Val
132.2508680745785,264.3206883229985,Val
44.8984746570805,171.4212934178538,Val
120.81287665348735,268.6970552471477,Val
168.95750112290563,217.75416947141633,Val
129.86371499117593,192.04707233260675,Val
184.51512554847983,228.84742861754106,Val
189.46259335540117,315.777724279857,Val
352.1714107262509,228.00061905975926,Val
139.80026683384045,220.25648491529756,Val
225.0433756168748,275.8170426002234,Val
144.82982830370048,207.97803567108247,Val
217.10367416037874,268.94499455526693,Val
246.13640556911488,244.8989589464694,Val
214.27722247647137,226.5972740980257,Val
207.99384575352025,243.5469278783013,Val
214.53005064004466,325.4772298456988,Val
372.95308520944576,247.84022093680244,Val
203.23826710557037,233.06828267447295,Val
243.90088372974574,281.83773010418975,Val
198.0774509662972,207.79488032236856,Val
255.83592139220332,277.3593968463503,Val
188.62672699721145,269.105018714773,Val
175.81840003148704,262.0796920386864,Val
274.0742928626896,250.28561043889658,Val
241.5823076551215,329.3814592498274,Val
365.0139468481357,242.27082451196517,Val
231.07389670918207,236.74976584162442,Val
278.0212911132603,288.4472425164805,Val
266.05719659701117,211.7261644472095,Val
354.19347426688984,251.89732597091017,Val
345.7388569401936,267.5269184046881,Val
197.14504398702223,199.26059389562462,Val
129.58417056877545,198.3633742006157,Val
158.10562064818834,262.1615983575683,Val
182.95596244815673,177.87106866278242,Val
134.36114228088368,182.78519462780622,Val
124.0878335696985,227.69384581931683,Val
80.92866316418684,184.11863766493997,Val
212.16011042059853,216.0193283496322,Val
236.84906015425565,249.87136329169,Val
152.82635874944046,153.93665655595524,Val
166.79505829428348,191.02292568874742,Val
209.40762794109983,273.13221971373514,Val
211.10327135457993,190.03636283230327,Val
117.67203047868426,182.73479402988073,Val
216.10501040602912,248.29995137379518,Val
99.83606058968431,175.40675039523535,Val
158.25852227285526,256.7355013105782,Val
292.431879795952,269.0253721352028,Val
212.6547933221501,192.65235378262585,Val
285.61778231774815,272.50098441301697,Val
280.9775914314671,319.5850782376423,Val
369.1114252216671,283.8008411831405,Val
273.8550883220613,293.51845366648365,Val
312.5082504104712,307.78460334459976,Val
241.6724861697084,227.51156534304545,Val
235.43260401785338,268.5387006625226,Val
340.04525428007224,287.8145575192376,Val
107.8465305508906,191.49280797606235,Val
144.62479162509413,265.67863320590334,Val
187.00920288307248,187.84365162808112,Val
90.14731901683376,170.30214521200904,Val
134.6108592962712,249.00048819053498,Val
70.91419220742185,171.34630408252676,Val
127.52586743882573,246.03451282522875,Val
200.40993115557495,197.56664720443905,Val
123.08684195956627,188.27652691874562,Val
147.87458411126266,245.68651957491448,Val
156.1232182092958,165.11714340917447,Val
138.5059827054334,194.6700841315777,Val
128.20910278803825,202.9588565009461,Val
95.7286408290866,175.91003476339554,Val
161.72090841453746,221.39268291089653,Val
224.26733712681357,261.6065152537908,Val
293.3605318652551,253.5619567770014,Val
306.6778594477426,353.66407739316907,Val
448.5555384756557,276.5573275622577,Val
273.3363597094641,266.4560572863788,Val
336.3275737389639,289.69312159904075,Val
310.1564122253096,238.1476009231573,Val
258.1997309073838,246.50196477088917,Val
349.6898761927625,292.63816467492876,Val
257.40815063596176,245.3748162632946,Val
160.03598057195737,221.01345099471186,Val
175.53733947064927,300.4607203577203,Val
342.96644867843884,224.46829876601183,Val
138.5778870801061,211.54339023357915,Val
206.6959101962276,274.03288862246023,Val
123.80327190181906,190.70756139925618,Val
205.00325720639628,275.59171060122736,Val
228.8692134865681,260.38283699585105,Val
161.50219250997094,223.12649499699464,Val
99.19356749183102,226.5655546257193,Val
139.1533172947535,305.2631738291923,Val
271.76922139767987,212.11493382518205,Val
96.19095838439105,184.58009353341606,Val
192.6919172619053,247.68906039054838,Val
61.734404839849134,180.93393420556026,Val
117.48165928739951,269.33214547552905,Val
164.08313955009135,254.7828006909284,Val
118.89533040831617,206.3892964835067,Val
142.29417356412927,275.75284348803547,Val
262.1774875833189,197.96070539730806,Val
97.52328662128335,181.40082393681828,Val
180.90104921828532,263.56337019546737,Val
68.55031878881022,183.04194233224266,Val
183.42383543594337,256.36572915807676,Val
224.63102749705976,233.72927615964738,Val
128.49048499853583,187.1447092724375,Val
182.3591510295238,201.91424355705945,Val
176.36677988110551,250.24509270108985,Val
171.47788008929643,162.62291650104078,Val
190.2592477841557,178.18582052707205,Val
186.94472349488248,190.28619582263428,Val
143.20320463499638,181.2109305654401,Val
190.77028578986605,206.70271721666316,Val
217.95087225446645,235.67467474257936,Val
217.94547823833278,142.18195522976214,Val
106.22489599611454,191.63075420048875,Val
127.31229534026144,256.69242242311736,Val
161.51320012150865,179.26977976293205,Val
115.70181912291504,176.80364982934304,Val
126.4934563999633,218.34640301249772,Val
80.4198773689289,162.63066135256256,Val
134.14530496633677,233.12578277652386,Val
204.19865124506856,268.3268252424726,Val
150.09267802422949,164.2586594552679,Val
367.9704944647733,254.86559409268594,Val
384.72107927790046,360.4821428679104,Val
447.7713758168504,289.2691066428577,Val
305.8960330391503,263.9044594920145,Val
343.7346705803128,303.55109175761584,Val
316.10757336323144,229.19033665539433,Val
411.13588973144374,268.7582780427325,Val
118.41652959467517,199.43619329661112,Val
138.20878175785452,260.2937345317664,Val
199.95003171157103,177.59671907075543,Val
89.72975485517037,163.7406339027878,Val
183.02770577684487,243.72277021194276,Val
83.43067243090596,176.12421896864004,Val
163.96486498187681,228.47789478496873,Val
189.70017869297504,208.2222136693665,Val
160.36674575146338,173.0282284234458,Val
248.9524071176193,273.8028188488781,Val
237.03393467614347,326.93636810074725,Val
292.17980862672016,290.9834358154206,Val
188.0387834158036,272.6697085827044,Val
252.1227489895329,296.8498804349675,Val
194.2371411030437,216.4805269029304,Val
198.75176919427403,243.84404443876423,Val
249.70236574102645,282.55147051831545,Val
242.82157120617168,277.409353068743,Val
108.02413089323176,193.9955009326451,Val
139.41959826770338,259.43787126460825,Val
159.8025432493952,173.26267267433755,Val
139.92045006918022,178.7929797972326,Val
167.48915238525527,215.75989560060668,Val
119.92065708162522,185.24277238946885,Val
135.4600667312455,217.67387609131427,Val
201.8871986403687,148.80992805502714,Val
332.6542956617611,267.0153873348005,Val
349.05911024271984,372.29387665484984,Val
449.708765677922,304.776067082925,Val
320.2941967920944,266.28529376870017,Val
357.769540485918,298.1756670742783,Val
319.1405278572142,238.5557212612062,Val
323.06370253440303,280.4244278015906,Val
383.145989289218,259.01275329181414,Val
255.14078501788003,237.96072876573362,Val
123.02526485422055,201.30628123951294,Val
147.35831498895294,243.63608485555412,Val
160.1732253316488,162.53681538943985,Val
140.32784159820193,205.5149973184597,Val
118.9657770255254,209.38100200376556,Val
110.12124288788134,179.0471421207862,Val
164.9505546434282,229.5016119670424,Val
180.68363161147624,209.7224851732212,Val
241.93160228895948,237.44278313171978,Val
252.19785753284398,334.57554168005095,Val
415.6305726043476,254.04887911940756,Val
248.46898223318692,242.2848801898051,Val
281.52865329364573,286.3058177340554,Val
248.06829719083174,212.43958710087082,Val
244.82879209027772,241.4656262604185,Val
240.56165076850675,282.2272588624769,Val
207.72933877791633,253.2788813132934,Val
274.48277964556314,268.0905641414538,Val
273.45945676057363,322.51237684444675,Val
307.508939430959,302.42265529157135,Val
230.8680086786339,279.0138085279775,Val
262.8990294004856,316.1978635249071,Val
199.82806730312888,247.82129105040562,Val
254.6541289441752,284.2076724739346,Val
232.32920011625663,294.3003495548564,Val
68.77337301254448,182.42930106198253,Val
105.62480389804642,259.19701829278677,Val
230.531502558817,189.82251932189345,Val
62.011579418980375,166.23409499384042,Val
135.20181445719166,259.4992358659222,Val
38.127598660849316,167.05053387407565,Val
91.66042357710548,250.51565169250114,Val
161.11434327362804,249.58153743062178,Val
148.71079137773583,199.8423003148087,Val
164.34578218518985,182.65162237193078,Val
227.54145697154914,284.2755272573097,Val
271.0100336366861,203.72015719046573,Val
190.5530216827447,196.77786552606486,Val
203.40372388560462,269.56640343673945,Val
157.35968757258493,178.59917695613623,Val
257.789852071588,258.3613930227153,Val
315.3519062617105,263.87124792745686,Val
267.6655625532437,197.94987053886578,Val
132.67904575447963,219.452933448518,Val
164.6369001865039,302.5596779185059,Val
293.82440705081865,216.1401805318324,Val
143.65014837222984,199.2766437481472,Val
241.89730513967112,261.1437434171267,Val
121.84948316500981,195.36158692350273,Val
166.08529717751213,260.26649799847394,Val
239.47087781230366,222.9213228688524,Val
187.13938021210606,214.12155786955853,Val
195.55388050176282,287.331833520097,Val
367.8419979508134,211.9483585568851,Val
147.62768674852074,198.4272693519996,Val
236.03769598497516,275.82740938859473,Val
148.07988391371208,192.83429449955992,Val
285.05293759449773,258.6211239480354,Val
275.30524703080755,237.6628698774873,Val
176.75306095129227,202.66512336636356,Val
91.06311939642652,193.62384889252922,Val
112.53391176653597,254.44216206796122,Val
151.80523332100702,171.75632035665586,Val
121.96592087687512,177.7730008600784,Val
108.77410779786774,210.6532243818978,Val
91.52241824340769,170.96844333996086,Val
125.04678554870654,220.8297545429034,Val
171.74629598263598,255.94326121865686,Val
142.66638218902298,170.83141577015823,Val
224.41360257941255,203.11000221082048,Val
200.39501304192257,248.91061107604187,Val
173.72182327339178,172.80309137532606,Val
241.14997254713978,182.43886060503712,Val
180.6351132680231,190.7594749017808,Val
169.61903115424113,189.32036408595712,Val
227.1414127044817,199.75317434810577,Val
202.96654317272322,233.32252188292364,Val
194.62936459161136,159.12310576028094,Val
104.94019431320794,194.513169847361,Val
137.15089372835135,256.0086036443074,Val
158.3552356702348,180.9324561588272,Val
122.41671860963189,178.0058573128896,Val
161.9053260849649,230.28997028067735,Val
46.834710778931964,164.97798955332888,Val
160.50215914007015,230.47971812039833,Val
163.23442478098573,258.1363247885365,Val
186.385749820334,188.9278785061927,Val
302.1525146047552,289.53575727641345,Val
287.34208573673965,331.4449655159932,Val
337.72108310148894,303.9178775976771,Val
250.99977769241255,274.5302871892643,Val
269.0281572611075,299.21677240206094,Val
265.2381384560779,232.10274814020437,Val
248.7709890763406,285.45939162192394,Val
427.39366050988446,303.5049920815627,Val
331.13138201462334,273.95980020343956,Val
187.50590828432559,215.4643338246669,Val
196.1778928222123,281.8474901121342,Val
231.0713700840169,183.53444524076087,Val
154.5698629831707,178.1508069504818,Val
228.85037319319088,243.30326412914704,Val
140.33291247868453,193.77554006162248,Val
183.98406651148494,235.67821994162983,Val
216.28093409533906,183.1857628628318,Val
255.57463766784747,257.48780151302606,Val
269.1173474485148,308.5915923084159,Val
331.17746192738457,251.0557388867878,Val
225.28763862815867,224.0074748521065,Val
264.7982488307755,296.3859177773412,Val
233.78029618954758,218.63316514891295,Val
246.0876987212452,238.4659310565356,Val
339.5585549677807,279.0695924646877,Val
246.67680591184947,253.63971036925025,Val
89.06840743403502,179.4221479204166,Val
124.79774129955237,258.003952863205,Val
153.04453382255872,187.40980811628822,Val
123.91837815283048,176.89082920926614,Val
145.8105966953606,211.2169147849301,Val
68.99643942908023,185.8239495735965,Val
104.97374749115694,229.45352625676867,Val
203.8966791915589,256.59343165656946,Val
282.35396597812155,247.29562468659577,Val
285.07281891459957,346.1657802314219,Val
372.1130716367588,262.250498299352,Val
259.31286927519636,254.86241412742584,Val
313.1394800318311,284.0912541807272,Val
216.6827188608344,211.9191678783027,Val
327.3292657817749,244.78621287308553,Val
297.37203660454827,262.74324972310586,Val
191.06540385143145,202.98154280013327,Val
300.3395404989403,275.06180651337144,Val
260.72050866106815,332.4132704105003,Val
346.7968766621546,251.3277881332632,Val
225.2651918119725,223.10609299266093,Val
278.6393541657849,293.6111872742037,Val
254.96476482921935,219.00668485065634,Val
326.42392997932683,261.3584576690218,Val
255.28822471453117,260.8909071686319,Val
254.47242937435107,314.25853738957517,Val
313.16824661395987,257.50987370474223,Val
203.84796036844864,230.47173464552517,Val
285.6956622690983,288.71560343757903,Val
196.32276204412761,210.92655503256324,Val
237.30374548910663,246.303531412125,Val
281.34161158855477,264.19337710368416,Val
227.02038519210046,240.1619120981311,Val
198.82693478863627,202.44611437362005,Val
202.76745300327258,251.1894175766167,Val
206.9804637967645,164.79939172847006,Val
204.09683330871025,187.05783257609173,Val
216.9834046298558,210.78130826988317,Val
163.77821949789262,176.21629686003138,Val
224.45453813694843,219.56124033926136,Val
215.61511215551798,250.45396604955565,Val
195.69525663101365,178.37507339647172,Val
233.71791567552748,205.38627414046456,Val
212.89964569141125,264.7752291852555,Val
255.814179247989,153.96322297170974,Val
244.77177346565392,160.05638402131274,Val
239.88354525960995,214.01791477175288,Val
189.79594942962368,192.3568788175235,Val
253.87620009805767,229.80338687658138,Val
247.9339032766585,188.0153392581664,Val
312.11718171776886,277.4073558508802,Val
289.36392051264033,342.9379092656655,Val
338.630975018499,286.8055630095439,Val
269.25114759819576,268.57923206240224,Val
304.01973116531883,312.06085249847416,Val
250.39968736040123,233.17906525196918,Val
266.53075599391127,281.6010140493355,Val
373.1128173800872,275.21222408727107,Val
241.38477663443,210.29278225443483,Val
235.31165342261303,237.999790446758,Val
231.043608227243,162.65826712907142,Val
239.892587928313,177.6103760947182,Val
224.8905419817575,191.35530992193168,Val
202.9588913182783,184.15023112881545,Val
240.38535490984694,198.67157621864385,Val
218.99894451014939,230.27502661132297,Val
220.40650560093184,152.98673592629146,Val
110.15184226839895,197.30135770979052,Val
131.52898926688155,253.02506937484526,Val
147.87802806451637,176.50223273320864,Val
120.10673200190075,178.02854264757147,Val
120.38147911922331,225.11407518335193,Val
59.97874206115969,172.2827006782636,Val
192.36434277419886,221.49695995512872,Val
240.35344714083288,256.64565070750757,Val
132.52188323791313,161.04026295242608,Val
180.52019419573628,149.4188200751837,Test
243.98450345571976,223.6495970645844,Test
215.58030708654343,245.7071302229198,Test
228.97485612701757,240.945533983082,Test
208.25894267327274,204.75831747851967,Test
230.00643690592625,229.4332887809461,Test
205.7376692509711,205.690785783419,Test
219.2664538556615,230.32968963025075,Test
142.73205866622416,164.40554898699475,Test
183.62074462915936,183.11573028987928,Test
370.8620341771149,207.4595371276921,Test
255.62301002037324,231.5243507916195,Test
251.59960774095663,267.3761140867627,Test
74.78922034049211,155.5487796611602,Test
557.9969503446417,161.16479471463936,Test
206.74559119670297,225.99827203761046,Test
271.7695441707264,302.76356879857144,Test
220.70214264584615,308.12173202587536,Test
206.39514747640055,309.76498960592573,Test
223.53793853615204,241.79660954233964,Test
253.4163292354733,312.3660487943928,Test
279.68609439377127,322.7422398357806,Test
248.41307605507117,250.5044449434981,Test
155.4675585350816,271.7179653297758,Test
186.65041553571675,230.74979983264708,Test
307.9823977812477,338.97626570981674,Test
345.6208581451932,318.8681952439624,Test
268.10169093140803,257.26329402810336,Test
144.41819290654456,199.13171519305334,Test
220.54772925933761,176.22082847400986,Test
305.4587374181915,289.3424184776898,Test
269.4756198514012,286.65605369154594,Test
327.24406551925955,297.5564771288523,Test
263.9469255432125,283.82046493051905,Test
302.2799098873306,285.1078030387795,Test
248.00122652937154,251.08132201843495,Test
223.1631113874828,264.8619759607858,Test
212.78085080953664,223.13778030263944,Test
201.0590821234415,200.00226580466273,Test
437.2470401372175,226.2689279098677,Test
318.6438547217448,247.48531261338536,Test
290.80769810242964,272.6220173382745,Test
160.49898570458004,160.9787069421667,Test
704.0847441343078,256.6645244849809,Test
179.28746576814984,149.47903141250947,Test
219.43060152923,188.52885153653386,Test
220.55396572762362,214.9482623492143,Test
261.3954311705886,190.45912959427164,Test
198.5244535581503,192.45338162308423,Test
194.49749930896616,208.04082315476063,Test
241.82166690263438,166.66862448280622,Test
217.2452156955635,208.19615089214258,Test
185.6123693521514,156.23562446963854,Test
201.48542027280052,174.40567391180673,Test
445.28583747993775,192.39788566146106,Test
405.245415799599,196.8540455843646,Test
185.7563640842144,211.12152625003773,Test
170.85447278562245,160.93470421705172,Test
163.84523170122355,152.12202945890584,Test
264.2678824508043,228.72960257594323,Test
214.57020184991697,247.39961898453114,Test
241.3926298973386,249.10651557637917,Test
215.08619874297824,211.20151361112707,Test
218.86055511837645,227.41663828102588,Test
223.17427102471243,222.02688993262578,Test
213.74270764570625,260.12248559439297,Test
175.45491869233777,163.0615810048877,Test
128.74660271404647,175.61021933538512,Test
361.3042839065897,211.39101476169864,Test
267.06080780651905,231.70341783558877,Test
210.7002381469799,283.2413888221048,Test
107.7224386783576,144.44816099391983,Test
518.1507720385283,186.5371946491677,Test
141.63123610721527,156.8902721840989,Test
190.70908864237782,188.56816566752403,Test
173.40842985151147,236.16205045121734,Test
187.9908829718803,208.87974413548332,Test
140.27097148137213,180.9086403333447,Test
152.57856261574926,233.34105312880223,Test
166.94575096288108,178.0909916613117,Test
109.82377474681127,224.8048723497382,Test
125.51492311362406,151.56700313663796,Test
107.47803870123315,179.0823341214438,Test
398.02853562992766,193.57111136988357,Test
206.469030681303,184.10002802029013,Test
144.3075106590268,182.1315089476596,Test
104.91522691010661,134.675634727725,Test
313.53923501743634,136.64085877749133,Test
187.30845874352374,188.75352608905808,Test
256.9417863290597,267.71576229959817,Test
217.21155461553835,295.77623368892114,Test
242.99419395786686,285.96880434698824,Test
212.8661215854663,258.7188940939842,Test
229.7694460569375,291.2588544224812,Test
228.62624729125534,274.9219839382346,Test
250.30527311315487,313.66746378930134,Test
214.9567179600955,230.7894648183022,Test
161.01864592230848,240.03070697825632,Test
284.5379728684537,255.4137172942219,Test
239.19034112080143,270.7969938540389,Test
252.88206601894586,273.7648530997409,Test
132.7781662191834,166.6771826901567,Test
492.37755151443275,259.37332992133383,Test
112.16930125116937,160.64187312686505,Test
143.7830042006413,189.8425520952896,Test
153.84744900013476,210.7014846313945,Test
156.71804280872084,190.5747300564751,Test
111.92314083771936,202.30504195047828,Test
123.40509604363265,226.15910499725715,Test
134.04218899594355,170.8777731836655,Test
126.94540934554672,233.75274630898122,Test
105.18884953866412,157.52652357857386,Test
108.79397805442096,154.16404282002452,Test
409.1998220603605,203.8723684988367,Test
184.15370482518716,204.1634628124509,Test
129.69931372177217,217.20790552045068,Test
77.16627607220457,158.6678257141344,Test
260.48403778529735,149.95853096557224,Test
107.82343105425234,148.0242076188614,Test
180.7542691205462,226.59850401536846,Test
146.51207826899605,248.0374309016385,Test
193.699338101087,248.45229610802113,Test
136.2369312319993,212.57415146692657,Test
156.56846796536445,235.94975646772684,Test
150.09975871122657,221.6815192362078,Test
71.99738741386676,239.57479671057175,Test
117.17039918951689,159.41207344386575,Test
96.35018814772425,175.65305768688964,Test
322.78168562095664,193.50765329395372,Test
156.68196364258336,219.51857048506147,Test
198.11843027027572,265.8102209816361,Test
72.8667416229254,148.63061010178467,Test
425.20179875002617,177.75384596737683,Test
125.7365719168506,143.92183286935943,Test
198.78494259195236,219.94402529922223,Test
161.70938246198,236.18484452752045,Test
231.17302793704255,230.39556764955842,Test
139.55781963738963,180.62643352322888,Test
167.78657001250053,231.72740187719455,Test
190.12974156364183,193.85083662321833,Test
80.25742929559424,199.1187220989167,Test
86.0706643461554,130.771680941299,Test
134.7068133414504,182.94724148977895,Test
351.63837504255974,173.90911148296496,Test
362.68287301807146,194.1992940882091,Test
232.2923018693502,227.94351570051498,Test
134.5209097255409,145.9924274016753,Test
449.98468058726405,158.68843791514155,Test
50.03589619426293,168.2451537966495,Test
141.17859509831948,242.6465661562724,Test
146.91939324619602,255.13520557920214,Test
179.51324790901435,258.48576003849286,Test
83.88544478782384,236.67908411842765,Test
141.72768856441024,254.00730662759992,Test
130.5654974890807,239.2058297249675,Test
55.05977288428737,241.36518953737203,Test
74.48298423383739,182.89414162141753,Test
68.66910664274282,190.4767954003297,Test
308.4992479280968,205.31192176421536,Test
160.84488602857454,229.24704033102458,Test
186.29438921211704,261.6342111602053,Test
96.56760785557272,135.87641216498739,Test
371.49405556539796,192.2806852479048,Test
155.2984435095236,191.29476669610568,Test
218.75458398030628,268.6759560725128,Test
149.0436979760127,268.2261312938616,Test
184.81981186897562,264.92448100724914,Test
187.06274612815943,230.95038820343999,Test
206.65809936478854,268.5689324871185,Test
244.78339945537851,251.28617638969132,Test
157.06706129857412,258.9603747706974,Test
152.9924431774956,183.24657535456834,Test
202.10090592005616,218.45531286552918,Test
274.55832748529247,214.67193503948275,Test
262.6009376638578,229.2753902510531,Test
245.17569693192578,272.7887630107495,Test
92.81229302470466,148.82841412702032,Test
639.6716246440085,228.18634513641337,Test
259.4937299846183,202.20256313518294,Test
327.01766635111716,297.6597460454386,Test
248.39866055228777,292.34506462189086,Test
297.9368558825,278.8643747649255,Test
286.2723962416269,263.7579637622775,Test
323.6519710909781,298.0677459867338,Test
288.4875768956248,287.06556629324734,Test
208.81069160118307,288.57337187609266,Test
191.45949793385955,242.5786658601953,Test
218.3363149559396,239.6551207917053,Test
399.3053472758636,274.1329182553044,Test
417.7445386237568,261.43806424699187,Test
335.6583992606678,286.50938607162874,Test
203.88954129748427,178.33843528539495,Test
227.8727229270948,203.26445421279706,Test
306.521619736816,294.62416602053145,Test
216.86754110582817,292.0691176472368,Test
314.37552585092016,293.0413184646178,Test
267.6226915921936,275.6849077332257,Test
269.2382897177381,286.0171190581067,Test
247.54131095970715,288.00002167923026,Test
215.91494367475912,270.3327348910802,Test
163.8994335890157,226.3400202759332,Test
187.52396256027973,201.03914792479858,Test
352.27930503391656,230.0110306699231,Test
255.96944755795738,251.1658687114907,Test
267.101436863178,282.46455708584494,Test
141.25298807382083,157.30629280185926,Test
703.1563738199447,257.00478211716063,Test
175.31935832389485,201.3542058357533,Test
272.36806164034044,278.9706628107235,Test
184.2121180792134,272.4517656629194,Test
246.13454673254319,271.74294577260923,Test
223.94847168697999,235.18646942032888,Test
255.93300551086864,277.9049303085835,Test
259.025429652347,255.40527835696244,Test
194.17480733229044,258.7137647018227,Test
167.57861117398022,194.5882581449571,Test
198.4991446459928,223.28294239377635,Test
335.43132744166735,229.82905603837858,Test
322.78812751773273,227.09326063681846,Test
269.18767841036333,286.6408460838565,Test
140.79054140092248,141.05784582260156,Test
696.0182531992327,237.20569394832273,Test
175.71160895465127,194.55738649847797,Test
239.95665066228514,269.08501273655736,Test
181.54564406530807,270.0209220961992,Test
239.86361593284994,266.6181415225285,Test
205.50197088963245,236.182293355095,Test
233.25317650048174,267.5651304312869,Test
253.08658369543662,260.1149807262426,Test
202.15642409203306,251.72945064845553,Test
145.19147151688367,183.80791331929944,Test
211.48896535230134,213.59568285561548,Test
324.25003692197186,214.2328389506253,Test
297.2761357593114,236.40103173920122,Test
241.803525430558,262.476759636367,Test
156.07537951964753,150.5430193862618,Test
707.1675727863608,225.47486616747608,Test
142.14465852623152,141.6821746196544,Test
188.2925025072068,179.82356670774357,Test
192.74535034942878,217.1279840364994,Test
208.77432507989985,184.52452378157477,Test
152.03394461547754,174.78746690037,Test
158.38477965279532,209.89556525496775,Test
213.0054018888256,171.4814093269086,Test
163.3527405961074,192.9382113827521,Test
129.30743281866933,141.7487037463922,Test
131.78133702200438,173.78946185282533,Test
321.9844317169601,191.61199871785638,Test
262.11643895921895,181.97001678192618,Test
126.19604472813792,184.20266848089184,Test
142.29547727127647,134.49396338012951,Test
275.84592952129856,88.33764661102224,Test
102.90500301039322,154.01660530655357,Test
168.53670907158357,229.97832212939136,Test
138.40566106303532,237.72009794242288,Test
218.28617582515244,223.47462606085938,Test
102.20971192980367,189.7676303536784,Test
144.54096522001205,238.51249521353685,Test
161.8363230131566,208.54927665381507,Test
56.701105827427526,212.6596123732555,Test
92.01878210448294,154.95727664520967,Test
144.9628418014379,165.29047991316241,Test
330.01446392252416,186.97051936123736,Test
199.0353558704866,200.3278001433481,Test
184.41456283989214,226.99905162566873,Test
121.73639465773188,145.57715850496322,Test
353.26090496017343,153.24250980941815,Test
149.52605111393225,169.78011726402536,Test
189.6765916614637,237.95352408439211,Test
176.83782258258717,253.94350059005737,Test
242.29140723645122,246.6388972751821,Test
141.85405000680294,208.93258024605998,Test
162.68178673811474,248.78383640321996,Test
179.21253171668275,243.31947698856948,Test
82.20251094568263,230.56982196612685,Test
112.47704895044066,147.96225104181602,Test
136.62656357605394,183.84557568044045,Test
332.77665428768057,185.55518965630878,Test
305.49659293646357,221.85778341393103,Test
287.70621591915744,230.54675506598798,Test
127.66191788391822,136.5020773947057,Test
481.150479653786,166.99839763476882,Test
233.84563420429458,171.28571671817357,Test
272.75074382669317,205.08374805679162,Test
276.46103408734666,248.6782788636093,Test
336.5108829448275,210.7551518309342,Test
228.43385619040112,188.24969770276542,Test
261.34549395570724,223.15558752927984,Test
287.9266814828883,180.79287140879302,Test
251.37235649344984,258.6612294483782,Test
193.72815437883855,162.29407818964103,Test
201.91458999388036,194.42994326025476,Test
324.67443217635173,228.4042587723399,Test
388.93213479256553,217.27754660384772,Test
196.2082381524252,245.24845990219285,Test
219.19681511684976,185.27060844594752,Test
137.72088551266626,175.1018862176382,Test
188.65495132665347,250.85348098204315,Test
154.21336563506532,259.86311056547675,Test
211.50179539750363,249.96401963487864,Test
141.94352972211698,223.8552572205988,Test
161.87596712198518,255.1253618493971,Test
208.41229630961314,231.83849040812876,Test
116.411973257972,232.5690914662642,Test
108.28490151971809,154.10290792707713,Test
136.06456794182012,200.16404977511527,Test
280.59521244812936,195.96463853525796,Test
215.39492296462,203.9685828571413,Test
265.92959420193415,244.7104930667166,Test
97.47584158404884,97.4215218397926,Test
484.9573928116722,213.97063432163637,Test
270.17759604647506,226.7578082812476,Test
349.9598275160513,292.59727941616984,Test
282.80023861027485,304.8009610188308,Test
278.16502559902983,297.0305557743772,Test
300.5770375581594,237.9870191680632,Test
342.66825654896905,302.7864307750579,Test
305.6709029931397,286.7305780467885,Test
265.486710857809,287.976891612516,Test
232.25417285381053,241.50497043852786,Test
261.5058334524277,241.81093498488096,Test
364.0682759508238,234.6702202271236,Test
404.4434324516774,258.5354457465864,Test
315.29838695726454,278.3815238478098,Test
190.27989036606004,166.91857020945437,Test
692.0225711835402,256.3781411293228,Test
187.27226616969824,207.4556306726971,Test
232.34985236048206,281.1875238609978,Test
172.32240171065828,275.37176547991754,Test
227.52453252303044,276.38589869498884,Test
220.76015059944623,255.6613229637131,Test
235.67582882528197,266.8681200567941,Test
239.4672802798807,272.8381398884656,Test
128.93517008486452,261.733085582142,Test
97.2613584307812,209.95062629757274,Test
164.18851682777867,217.33381903752132,Test
339.8824083934752,224.5906504008411,Test
272.96495105315717,237.08510348418554,Test
209.656258565976,266.1691503137499,Test
134.23308246178928,184.01867533767668,Test
659.4834470805718,243.00511575408254,Test
181.75086641816202,150.4238058208237,Test
242.15395570609292,214.72691327179461,Test
203.9970785396611,247.97230027572058,Test
264.34582918277954,220.3280872347973,Test
171.90756476834719,184.61409732480934,Test
208.8396819180125,229.9657187528196,Test
230.23702201973933,196.28432912506213,Test
125.72112529073422,216.55676966931222,Test
140.66892513589332,135.17473390185762,Test
164.21783501043691,174.738745417516,Test
495.0953218191511,173.89532869460015,Test
428.71248390279567,185.27905423672172,Test
262.881753484424,206.14982770369747,Test
140.8536920993003,125.38206195986066,Test
604.5330364708001,151.4839937406978,Test
311.7518926813756,232.0762155269792,Test
372.5939042858529,305.25911907661884,Test
308.00158245731296,317.01659976711966,Test
326.05621465079764,305.16601629456846,Test
366.4650880989309,270.8171237365544,Test
344.11489262951284,305.38400550670247,Test
361.6576502578727,304.2054761193865,Test
257.40045268787003,298.98864662986927,Test
262.36626810871485,260.2762094736748,Test
298.5777275202664,243.77072044568504,Test
328.08023189162503,297.6900677027798,Test
417.9205415893161,276.22555162344725,Test
407.50614914051533,295.57500853298774,Test
277.69011309888276,187.83052400316035,Test
720.0518809205787,287.30289862182804,Test
167.2071869909632,146.56521286558993,Test
254.43033201952926,210.32891719602264,Test
194.38946147280143,242.8264784035877,Test
221.52222082690508,234.6371969787012,Test
192.91326421077326,195.65014857745,Test
203.97602654860373,227.53494422403048,Test
185.81301310359248,199.88410438642978,Test
143.3763051112668,225.71305013039517,Test
147.51185067301688,149.25557828144085,Test
171.00862434900992,167.64605134872212,Test
414.7495869143558,186.93203208434994,Test
226.28250168015649,207.31592517643531,Test
223.0284746885469,254.58857172720445,Test
103.02781451400628,156.600300436077,Test
421.2809426357211,165.61811926630233,Test
215.31770529763114,231.40184513213555,Test
284.444140786982,283.5630926140485,Test
234.79701594788912,318.50470883790496,Test
233.73035433274032,307.5189923872815,Test
218.49821537930399,246.79028097682445,Test
257.44880751773474,310.5016591567979,Test
267.0007412350345,303.4973609332696,Test
190.4275838299896,305.91837431867,Test
159.94954438190788,272.15193404527946,Test
208.16570078394085,266.8862841431199,Test
256.8119228529441,299.418589137961,Test
317.29824405484453,281.1704169646513,Test
308.25485426137624,273.7030429609403,Test
175.46202211502646,212.25542024247628,Test
550.8698897632494,263.1995716721786,Test
144.0090671216487,162.54218756800373,Test
228.76141032936533,243.33512078919895,Test
193.43090542151145,274.25402363095674,Test
220.98892205640655,270.5480961441897,Test
155.6413412706917,245.22686169621798,Test
198.6595342429391,278.22975824937316,Test
180.60460568541504,257.02635419500155,Test
153.16741817487838,277.2884513371913,Test
105.92503848083881,202.3219684320047,Test
147.49190153502474,195.7004400946028,Test
284.7756999560052,218.17091630654824,Test
167.2067458180111,247.80282749290825,Test
246.6011614197244,266.861582545102,Test
121.50086150760131,140.19760840868696,Test
456.72228870269004,237.33493574747757,Test
170.24364529344393,157.24329446091593,Test
223.37417523160005,196.316479199697,Test
195.6717249261706,242.18721445541888,Test
255.93826802225078,200.0872209444175,Test
170.29035649909477,173.3055118317843,Test
210.6998576414365,226.7659355004251,Test
228.80747375391766,189.57061501901464,Test
142.84033477722065,243.32073324429,Test
123.16004338573538,138.48285969747815,Test
139.91278510387122,195.00020263267186,Test
457.59754004020874,191.0108709211851,Test
426.60536783333527,192.87210887155416,Test
198.7904759315884,206.41170383470754,Test
154.74933677744394,145.09211177571513,Test
472.2114337681173,140.40514220271683,Test
270.41077099611414,246.09952640453363,Test
306.4627481378395,307.85647470711183,Test
276.84635114485053,315.2877310918491,Test
277.3867647375384,307.7399589583207,Test
300.69118682383464,272.3458342907456,Test
303.052984274295,306.9588254053822,Test
313.12778724604726,299.5456807935077,Test
218.88338441307275,290.12521807394285,Test
229.356666318401,249.7802484798704,Test
256.1397224283968,239.95163773413367,Test
317.7490983893741,291.7875039294638,Test
385.0191545516939,289.03968050978335,Test
330.5033740148749,303.5961531586821,Test
177.32726064882945,179.91513459921822,Test
705.6089842958651,279.0557245420853,Test
134.91040918556627,160.8073775593254,Test
201.5115403432138,226.0571090442216,Test
180.06540452582183,251.14349404530552,Test
193.4067708421162,255.89347928931397,Test
158.8874087883401,209.89844135532928,Test
170.2863614451577,222.5634566559367,Test
158.9581192921241,212.10437136383183,Test
146.5359524164672,261.95543769619394,Test
71.7369621137641,153.8609815068414,Test
131.05474286456942,175.28737188034137,Test
384.87017397871216,193.92349341138305,Test
211.8164056401657,220.20768816013873,Test
226.08338894613937,276.78748721495685,Test
67.34952514385103,175.61749542786654,Test
345.5156151609316,178.64992067969402,Test
112.53136346112626,149.3596694523096,Test
172.50886710729918,197.790266801364,Test
141.3024908298222,225.87297710721847,Test
163.08786126815687,236.09191192698685,Test
144.3709829320086,184.35757200894676,Test
139.47717332559986,217.68566715788916,Test
146.19382849229532,193.1666736691524,Test
111.10252240604069,227.9045720233286,Test
86.06064288001971,126.16555620473137,Test
121.18594910358625,171.51922476012095,Test
340.70481231559825,164.18126150514559,Test
185.27494008718864,201.22466693372297,Test
188.91667314259894,226.89752216414166,Test
99.61375753141516,133.3464006594022,Test
249.3081659245557,157.48968141625,Test
126.04485960310998,153.8480302586874,Test
179.78182447821678,190.4618817298508,Test
193.54223485890893,233.3416629129412,Test
186.27607302596422,211.5867116126632,Test
153.0516577697968,189.67064748987525,Test
154.20561197465787,232.9982244084395,Test
175.41350825212666,186.24413597488865,Test
120.29603548074908,205.7851551749026,Test
108.04475615511107,133.8230465873902,Test
104.09515130363386,153.76919686296583,Test
402.2582170830073,178.21894736882234,Test
235.60747515966443,202.56996010166492,Test
153.74094707135788,199.5526439464298,Test
98.338863555102,150.41970629956032,Test
329.4457437726168,136.6498410541053,Test
176.1873068400817,149.46510030408558,Test
243.43325793885114,208.53852823264376,Test
209.40509121646582,249.1219830978739,Test
274.4714008295563,219.94906297560138,Test
196.8718800533965,180.84662668614857,Test
213.7558100522262,225.80804511467053,Test
237.09761500253651,201.3171928845344,Test
163.13796452560882,231.43461239781982,Test
160.62916722344292,145.532080235497,Test
187.62005468808178,170.5098937548811,Test
444.37591292185715,183.86389271491097,Test
440.52735316849385,161.22731699124864,Test
248.64488275235664,204.55045773849065,Test
128.26855357643046,129.75039447517347,Test
463.4394517552656,134.26643630302829,Test
256.267710218213,239.05991755592171,Test
342.9222100697866,316.10838371573254,Test
298.92527825539213,317.40452658280685,Test
284.7035828418941,312.66566767955226,Test
308.4457107251129,271.1225852846848,Test
275.03847008022046,308.75133173270547,Test
321.30131439338675,318.53212219306147,Test
272.8757894680105,306.1774860532156,Test
208.26249155846412,261.7975324457967,Test
276.25017903427266,259.8146517045266,Test
345.5648514601561,318.14509098178496,Test
397.6319807191318,275.68564204017326,Test
368.2972448351346,293.2054156496773,Test
251.1913723047751,212.21632096895584,Test
688.014015616391,296.0241508495457,Test
218.93123763866427,203.32087499708283,Test
268.5903967409279,284.02543720542974,Test
216.39586209476843,277.64082084501,Test
255.68042633583718,274.514763290676,Test
240.1337970786155,248.62658361284912,Test
277.07591820893595,279.38245164072737,Test
295.52125185531895,290.67178349500546,Test
217.1354036817097,257.44853507020673,Test
162.62254416711258,203.09804790636147,Test
207.4633814765895,225.31390603629796,Test
360.9794641603303,228.27355610082495,Test
421.14023869172934,233.05108440012307,Test
284.707770487851,266.5728588300894,Test
143.0228908185677,151.5702066504949,Test
724.2008772160947,244.08441161373287,Test
311.0000312968506,220.7585730670598,Test
365.5515308262562,304.36610189073104,Test
294.09706431173,313.28829028764585,Test
336.92336486226986,305.2405337185892,Test
364.36501479233016,283.0161257635573,Test
359.7595392068203,318.098169492959,Test
333.4658994481802,288.12937109200954,Test
300.7276189381124,303.7593982184464,Test
235.99423481474506,263.2981132145123,Test
300.34800991224654,229.84182902749603,Test
382.8061753392233,288.2816085719852,Test
455.32155699160467,262.8401857817049,Test
354.2685059424075,273.1553517309918,Test
245.70964157779872,159.00037107518892,Test
123.54895208375018,189.18816179596274,Test
221.9724471216203,269.8700065681434,Test
204.0848053248888,287.223895767671,Test
217.53718092712015,289.1216322636449,Test
148.38213927863842,252.47287443901155,Test
191.35224285216606,314.3185677427684,Test
187.30353547063777,278.9412009384579,Test
167.65610084786874,297.95584365355836,Test
106.72040379399829,209.80798988370645,Test
123.95787365845187,237.8300747835695,Test
289.92943973883126,249.9746265184491,Test
200.69840689460895,258.3909447564351,Test
210.9820208745255,272.4692435684933,Test
104.25611668705315,162.87871350975502,Test
531.1045494233863,254.46024844955872,Test
147.60503587405788,157.63910017038629,Test
192.50833109703473,203.84722101152784,Test
202.40907591237067,219.8067910274629,Test
201.43065131378313,194.21410291587407,Test
186.4514298626409,211.59934389137322,Test
162.4402437356572,222.36167241877254,Test
196.45999303975486,186.5150213525623,Test
171.67015213154497,240.01875077787832,Test
144.41844917880502,160.24929516872095,Test
164.48276924391612,162.659625889235,Test
447.0187900645812,193.02545420381767,Test
255.2060849842836,211.071185937587,Test
150.87744045556224,216.39753245342152,Test
132.81400302200018,153.91338436434998,Test
480.1043541644084,140.62721380287906,Test
284.1926289182686,239.38687881799643,Test
333.4324350015247,300.44579037940673,Test
302.9888173293017,317.08811554426836,Test
305.4100030959817,313.3587435989357,Test
301.7070276443799,256.89621346230956,Test
320.18435415189896,309.381503037122,Test
342.37220018114124,307.6153412224346,Test
272.7486064230276,304.44034550277024,Test
215.59624462393933,280.8609762667779,Test
252.38690594664692,266.01225332255785,Test
393.14264224294527,336.2102318777191,Test
456.5086347827023,284.8745089775508,Test
355.96086367193743,287.9302812037189,Test
199.28653430734653,225.42792977747098,Test
163.22385652377562,146.94148441186397,Test
216.40773657135918,188.4222654191562,Test
217.35785552357052,225.4133634935014,Test
247.37143637068758,193.662202638491,Test
158.93699899508402,178.7175722494733,Test
189.7061994601651,209.89101314464733,Test
222.29227801279256,182.94972679798516,Test
191.5662605100789,195.09631787083254,Test
149.89399876598807,148.21074274623714,Test
145.03455377933184,178.21597477880812,Test
298.966597224328,180.0040046142613,Test
329.5041876999421,190.93761116572495,Test
139.58089980781182,190.05383800808949,Test
168.26296844101546,151.674762906826,Test
343.83812821558575,115.50565146750958,Test
205.43649089177995,160.0292680542118,Test
258.9103892947612,203.26085595730063,Test
249.40517328708202,254.64610400659524,Test
296.9947455834482,214.1415734011741,Test
229.6864255919075,181.50873928800218,Test
246.44269329977095,234.9779057397597,Test
264.3648843570409,191.5302216073095,Test
200.1770918183085,252.6508483656027,Test
175.3564951145156,141.56193124240542,Test
201.64620538606823,181.63636213206195,Test
511.71023660961066,172.8615235442856,Test
475.0948429783231,227.1857901940641,Test
248.49230814210568,219.87658444355878,Test
156.56162004919585,168.6633058456539,Test
422.4874497441749,137.2623955533628,Test
189.16412219796274,158.187514771377,Test
232.73552150630923,197.02096391403563,Test
215.70095820175356,238.46589608148795,Test
279.78298842641726,197.31367920956967,Test
181.12653377540613,179.50609487697477,Test
193.71627622523687,221.5424305071851,Test
226.31351003440662,181.05535322259726,Test
181.06192794706976,225.1654815460643,Test
150.29539842289998,150.87264344904108,Test
166.71444732836517,188.6708197621356,Test
350.0182652521313,188.66900070767957,Test
440.83282853119204,209.10541168474418,Test
165.66363924304267,204.43827070125135,Test
130.2693729779902,149.72811468963505,Test
471.8319455217211,129.89524610377714,Test
93.53263963873502,151.63028572758515,Test
172.273597543977,197.64132126428575,Test
140.6547985220767,236.67673819429334,Test
175.65020987532722,224.25264653612862,Test
119.23864724901244,175.6352501161379,Test
131.28745458260462,223.14816469013877,Test
131.8064089592228,192.98969702435136,Test
61.82074258536895,209.16368626959616,Test
82.79212911494415,146.9778602868085,Test
76.24384117383431,167.21995100956462,Test
381.27143204898766,185.3577609604792,Test
174.16258940930953,193.92495040453272,Test
145.12706621565826,217.03630288854663,Test
58.26859706848039,137.24850255160794,Test
249.6734802838664,148.8173892469655,Test
325.4154194480389,152.55199598812743,Test
363.3357772784152,189.5776964002377,Test
352.14840073032013,225.2737870036336,Test
378.90219951995954,209.31176009071197,Test
340.6314198229126,188.01244078910503,Test
319.24223118474976,216.8968140683354,Test
339.2867715462882,176.6686682102212,Test
336.32595493791985,244.8597629608172,Test
313.5466656669777,178.985059299548,Test
281.4141248031659,176.56991819185444,Test
534.3000265810359,199.82541089836826,Test
494.3224582006999,177.39511475426883,Test
344.20790398126184,213.59206471322221,Test
330.2094605946717,186.28882304855276,Test
149.23475605397113,160.42124543077955,Test
212.26774652641672,190.57683476948168,Test
177.45594150234598,247.18156232058791,Test
209.5139283356444,205.4776418639367,Test
151.167167421373,174.3703204570923,Test
180.93580013093873,235.03890840890546,Test
187.91841291388548,179.5782681860951,Test
123.16349131845934,243.47135440267317,Test
107.17527787146153,160.308935203739,Test
131.0443649108427,195.60141792864243,Test
365.2429368037979,186.0879894043212,Test
334.52173773655045,184.66906489774604,Test
187.95757019644094,203.72683149987668,Test
130.69190033506823,144.33391687730244,Test
352.42748230678615,141.262985050533,Test
231.3806061193213,209.7383784230989,Test
311.71277890290145,279.50205917554,Test
233.5277422189813,279.3747724189961,Test
255.906197610505,276.8857132209327,Test
254.23373596811783,226.9093781146691,Test
306.2690497554006,278.8126466018799,Test
295.8463754329859,270.1685488196437,Test
256.40061871657315,271.0825281821981,Test
176.0692550614526,218.3613071260333,Test
230.90063075262003,219.24451559819565,Test
351.91999764502674,228.70857252750153,Test
391.0280843957347,239.93454810626514,Test
300.84645567329835,271.3944682406685,Test
146.77879064008306,138.3502948576377,Test
138.00212362733816,150.96910018612692,Test
210.6844244136586,180.42326453334408,Test
186.8637114023879,225.39478593375148,Test
212.8651122113119,193.81121061940445,Test
178.77507319987816,184.41319492035828,Test
170.72865288523718,225.8150492546375,Test
209.20064086270483,170.8398684848374,Test
176.3851932900194,210.79512129419717,Test
149.4576047957837,148.36014455155373,Test
127.52946421159646,165.3289666763821,Test
416.28065389732626,180.60201198222714,Test
255.24529791996537,189.49610900992562,Test
134.32911367321822,193.93817710429065,Test
120.04341884219778,134.14544165461314,Test
332.44525992152217,110.55478433107395,Test
165.54914927173147,149.302664555928,Test
214.56357239208913,209.46386492743645,Test
183.24909321634524,240.66415494265436,Test
246.80277106504238,215.347344189115,Test
163.95263179562568,159.1037350180697,Test
200.72388431222032,233.72741666889615,Test
214.7703166945278,182.26844987522864,Test
111.68195554455104,218.19224631296288,Test
109.74748325302392,138.78118726420803,Test
144.14551950762956,177.58050026724533,Test
486.9563265006885,176.13564015597674,Test
414.28842478435126,183.20432511101464,Test
246.86074311505183,203.49342001510664,Test
123.22557228662421,136.37392975102995,Test
532.4045535855009,142.67780259790564,Test
85.05050053242964,148.17413262218224,Test
179.51242138681,225.23022545711777,Test
135.5344725911512,245.56901674742153,Test
226.20824203329897,228.4949064715785,Test
111.13221358142556,193.909042073869,Test
160.67042991334128,236.88177277135057,Test
147.4679013249792,208.56483381269211,Test
63.294846625679696,212.04037951392263,Test
105.42240751788657,152.51324103439916,Test
112.74552203092037,166.38046796573718,Test
384.73792667792327,179.70066040967623,Test
144.9544352653934,203.48899322197428,Test
188.97240402658414,229.17743219798965,Test
100.8877629712237,132.65121630295587,Test
488.11202618875996,157.25237318752076,Test
124.79863858727029,138.12837709644936,Test
202.54183162746418,198.18700504693822,Test
167.87452667834074,226.61677643416192,Test
182.7239732229321,230.77188470293984,Test
150.07584530580291,183.43352882416352,Test
162.65233480264706,210.7594833564041,Test
158.04840484958976,186.84748904538125,Test
75.25173505342991,221.09550131452488,Test
77.49401471288792,132.54060821601539,Test
133.23326742829278,165.48429763077772,Test
330.25324458200805,181.3623873986884,Test
156.61065986207564,197.7398434907284,Test
179.4252873486758,236.30286813398254,Test
60.373416094083254,117.3478860640938,Test
335.5733080209344,137.52976598429672,Test
107.79601482393149,148.75889896078363,Test
170.5956888405063,209.51621956385105,Test
136.4271791181393,240.45281254925547,Test
204.7617151477236,220.01582640038143,Test
112.88726559030232,180.7802040168129,Test
140.36550478200746,231.63320103007075,Test
148.9934063783158,207.4739782427837,Test
54.626057858975145,204.4978354587947,Test
58.088458377231035,146.65233284156614,Test
117.91276958499529,174.1404746048415,Test
404.3491912925102,181.97050753687446,Test
238.46543511017865,185.02354786080352,Test
178.90481788511647,226.24976504784638,Test
103.0830814297702,159.8016842487353,Test
437.43980167658015,135.42844128358922,Test
55.37267160393432,164.91147796656904,Test
118.1995503993885,243.4031494222954,Test
105.7210147371294,254.12622693579624,Test
189.42003199126117,254.27165416227785,Test
85.29728205645652,209.8167519403997,Test
128.0368898349223,258.00205335881617,Test
113.96771276604423,252.0502622384448,Test
31.67467655225684,234.99992166237928,Test
29.93802577952566,166.81187810322123,Test
52.13187755046022,191.07163200217687,Test
323.94928882455724,206.01466914836234,Test
148.72290797813488,212.6914383232579,Test
168.6823860874006,234.68003612125165,Test
77.31966170350793,139.49495595538565,Test
458.4496826597858,163.7190621706788,Test
121.90174665872114,181.63897932449473,Test
210.73124287711158,263.0779718215916,Test
173.34161268976266,279.96139405351295,Test
238.70682288403776,270.2270854511416,Test
169.5939379141111,259.40668483886736,Test
211.42228523487282,276.63884153312495,Test
197.0248893219363,256.62182232624417,Test
157.87317220749162,280.46389692294656,Test
97.7718267344204,203.57776085517673,Test
129.26009513583074,210.12139487726412,Test
319.7359755149832,216.1400859810484,Test
177.59084852234201,251.5972253199759,Test
231.43770884419737,263.7601442689862,Test
97.47027794529343,153.3204882634736,Test
525.7604873675837,244.28898198770122,Test
171.35212974780774,194.24759397409096,Test
241.67883198005785,278.52441382246747,Test
216.1054317585302,286.21114187947165,Test
277.2198906474971,295.0907791049218,Test
210.16118396366238,273.483848367942,Test
245.01737173277803,292.5125509932771,Test
202.54230161209347,263.49502070089954,Test
199.09140157867336,272.3980017685538,Test
140.99587927794573,216.00488975263949,Test
136.97063679162633,198.11120837751264,Test
358.3755110757432,164.20227375569073,Test
237.56961100047621,258.8195199469595,Test
244.57053636511358,279.5268510474449,Test
169.9677008510927,189.43072828177267,Test
622.0740943634812,271.6235432427004,Test
227.1080079718906,210.9099181188843,Test
301.2571251273939,294.1953409819859,Test
226.08040596689398,291.9885028528389,Test
303.52042505429336,282.4585733036373,Test
291.6932668492158,275.20739523634705,Test
301.08966865927766,290.32694768085565,Test
280.7846220917139,292.2058950989218,Test
207.1457076766837,278.54358291703693,Test
173.13319035544413,228.45926095034605,Test
186.46384651162305,217.2729459185558,Test
351.7024458464425,293.23765155075455,Test
353.4862754605049,243.86747507404775,Test
298.0722143246427,271.70052213187637,Test
182.38939394595255,164.79467398149313,Test
744.1235050644872,268.2592724283939,Test
132.27939433119076,157.47531243146176,Test
197.89137247481298,206.61779971437463,Test
162.92348443874397,247.27032299483022,Test
198.19742470181237,219.9752401906755,Test
132.08940355683998,181.01932976317732,Test
158.2614527212853,236.35531364557139,Test
165.71476570090243,188.6630949781144,Test
93.54280146986036,232.70892752573965,Test
124.173662108389,163.59712287735505,Test
113.6585250980663,193.05882452724958,Test
395.8075670816055,208.37479741790435,Test
271.7771667505835,200.06931255284,Test
152.81958988894166,225.9603779352576,Test
105.58226493664785,117.82150870187398,Test
384.0305365907778,195.08342163508857,Test
136.83226126060825,147.07309050952,Test
213.44123851512506,219.4601532862713,Test
168.07026622480237,248.48009101414507,Test
231.53555390293081,239.0714305396116,Test
201.15980139909698,205.91231361201267,Test
196.00663746905153,235.59732872839749,Test
162.66527899160218,212.97306384525038,Test
116.13413084599443,234.33605475380767,Test
150.49864172868615,156.84254431631538,Test
136.59536168757995,171.60772633233836,Test
370.109820260834,188.32884443299565,Test
218.2236066575267,216.77644501790581,Test
204.5734846021722,255.70296305678409,Test
119.06739934735772,184.41069447850398,Test
431.7276211713849,162.62699483953162,Test
285.11181752454894,230.9424989108477,Test
338.0443601627409,302.58048287882013,Test
262.7928588662035,306.24010450779423,Test
270.0518464489528,310.621892622835,Test
299.08099912427247,249.7524963510333,Test
294.086587879183,312.90691449687944,Test
332.51308601353946,305.6106174677078,Test
233.68355984053585,302.3541024117155,Test
221.92094555548522,291.3821464038083,Test
276.06361876460835,267.6903028036536,Test
352.81387184269295,346.884487345309,Test
366.5167883267072,296.8465963140884,Test
344.3801455073561,276.19080539961305,Test
286.81175251934087,201.28293428738354,Test
76.48323778924446,139.9168772548632,Test
156.32592769308502,219.82343466976485,Test
126.2473826018838,243.51023280005936,Test
174.74320934751185,240.23853259669158,Test
115.265408703766,201.32983653951572,Test
147.28068163626497,240.51419696786493,Test
148.89419807130872,211.37618280510674,Test
50.25398483913506,223.0745647557052,Test
100.42065401222877,144.7231238881421,Test
83.80982245483695,162.1437086264308,Test
382.527539748287,174.73267139587537,Test
98.31400322849012,211.41308460759114,Test
190.59978217598814,241.1218171214315,Test
80.68979848109886,147.74761858802742,Test
479.2642695444847,168.4630873917081,Test
87.23901889163164,150.7917188120158,Test
154.76421506522757,193.465337580303,Test
158.00406517503995,226.26169674214444,Test
161.21857626975785,228.1297739990047,Test
131.70743231653825,199.36010435383702,Test
129.48734924521062,233.91742210945222,Test
166.5661884017131,197.3926465048083,Test
70.04505878753008,199.4031611397188,Test
73.06273348255617,136.16127727998926,Test
83.79119258025547,139.72512244416026,Test
377.5563136106816,174.77273951596567,Test
208.62970557061573,209.40860994496316,Test
189.37374701988256,225.35171143256605,Test
98.42118106689378,128.6901100494151,Test
183.0175627979815,160.81197221760092,Test
261.38667544329195,223.93105057797962,Test
349.05403478657104,299.13728064460605,Test
284.89266336937635,299.9032781872521,Test
303.77507724913653,303.6300465756452,Test
294.54015562350435,318.21769288208174,Test
311.29028093092813,319.33174099413395,Test
300.3853810879609,287.32102050407735,Test
266.4940366821553,290.63566566025264,Test
208.06826729064733,240.1826425300808,Test
226.51569602319248,218.85492535591803,Test
401.7358420856703,243.44499156116905,Test
315.85597396890836,251.3253353463445,Test
327.86311002820855,260.4870583496094,Test
136.32197822012392,210.82947906085715,Test
587.3300611401356,290.9801250050399,Test
114.48125182177212,187.72507272509202,Test
210.4485732164382,257.21500427520135,Test
190.59440588129905,268.80455135105234,Test
242.0384395969483,273.1182528713962,Test
166.34615293858033,247.8561279716062,Test
222.30597589374696,269.52772744675354,Test
181.2303044594211,261.3194476520133,Test
172.2926104912891,255.70571819569648,Test
105.82278107824469,220.95567546253457,Test
106.14260314357767,201.78375993380382,Test
346.86184842448324,221.96731070568822,Test
205.28908118879517,260.1880064510414,Test
201.06358880801173,260.60552033656916,Test
120.92252721297068,154.05375864845502,Test
566.8786549568982,239.97892029164763,Test
68.62710490074029,161.7526692313501,Test
153.57294683587912,245.93610412662028,Test
112.63328964767524,248.60942657525197,Test
160.42514969603593,261.01980322248374,Test
108.87491555305752,227.01082032008432,Test
129.80793843320762,245.1039964203263,Test
141.83052308699024,246.13947335648083,Test
79.27593354027894,232.88102759534536,Test
55.630119123104464,167.6535717377054,Test
59.89956076405403,191.28898913931786,Test
288.38993796744586,207.9481054593328,Test
109.1702574641701,241.9910420989466,Test
187.6547045788245,271.9053705890738,Test
46.65235534194619,140.09183771345516,Test
425.1111456217852,206.62578684570445,Test
99.69114073739624,170.30901714427165,Test
152.03027433771976,239.48280120696114,Test
133.197405988509,253.33975298149636,Test
214.630974220812,253.78783501173146,Test
114.68931289301784,223.33551845879376,Test
168.78491399681772,251.35822352848908,Test
158.7223818311102,234.0203991943491,Test
58.321825762333134,228.37214650191933,Test
62.647258070411425,165.69290338509143,Test
59.75858408589971,190.7903731574093,Test
332.44092691271635,191.9860968502478,Test
232.80131277783178,213.0938779409838,Test
192.80077065488757,252.77634586347682,Test
135.80555579178292,124.35391850042515,Test
425.3156280145016,178.9308827124087,Test
111.27602399778354,149.56254401033425,Test
194.24466877669164,186.3264040376821,Test
184.39256770121335,222.06787459541994,Test
199.84253551899678,191.20912070284461,Test
162.198006373331,191.23868086368518,Test
150.67577398271476,223.41661780887668,Test
196.81125472454494,173.8153324040004,Test
169.27621006438358,209.32859343074264,Test
146.42634382435347,147.15953345622245,Test
142.30975064181843,163.63384926589197,Test
411.27045917471645,179.43175603809527,Test
264.8101841039445,195.04741028488388,Test
159.3681919074437,199.09261326574438,Test
118.49355104692086,141.21527513888893,Test
327.38853598270475,114.93540979877992,Test
122.44519350930688,143.1449530974113,Test
192.04303020250597,199.46174325448288,Test
142.52294714279788,243.68081007141498,Test
194.24313062503393,222.35573523752464,Test
114.09519257600644,187.28260712064935,Test
146.55104006925663,229.10416019339857,Test
126.28475433884883,182.44012692850123,Test
79.55466106084631,218.97927750810672,Test
104.11600412444615,158.52796273363538,Test
97.6673748595503,177.33379622109112,Test
375.33084324976215,200.79160457725033,Test
182.63122056811358,216.5417570351942,Test
154.86951299687522,226.14666819356134,Test
58.95830847157707,152.62489102246514,Test
241.9532283353527,160.73831209215953,Test
329.3619567311857,228.01032652773551,Test
409.97482949942537,319.6544997609717,Test
356.285807130917,316.19167981781544,Test
368.09616547174414,304.4592375113834,Test
400.34963987296914,289.63885011507574,Test
392.41601873275454,315.3512548271131,Test
386.42099098950456,309.12414115638194,Test
331.1418386049877,292.26625839551593,Test
285.5667399572667,261.9135230421856,Test
341.9059967890938,243.1264501447685,Test
413.32162801784784,288.0916696443379,Test
452.37034250510396,272.9953919983815,Test
433.68204555021197,280.1629635153522,Test
309.61274531513055,195.09937001110578,Test
754.4872024547719,299.60521904293375,Test
107.24102420080183,154.24428596378772,Test
169.7077205524171,228.81796719250812,Test
140.29073369059716,243.83525912284816,Test
221.54643383481397,237.0932299938425,Test
106.76488598310652,198.05421652898102,Test
150.11841191303608,242.97917064070475,Test
165.8309957714256,212.3576205968131,Test
44.53568816329272,213.77425744098474,Test
82.92752052314034,146.7867069095759,Test
121.55278443877809,174.88354662679546,Test
315.4327837560073,184.54456496990613,Test
218.47258137410435,197.73361777054498,Test
221.94497094132794,241.76928872701518,Test
100.08706513823077,139.1427409681183,Test
373.98376960076337,146.08537884452687,Test
225.48607476170133,230.25998551345924,Test
275.93730335792964,294.87099110949225,Test
221.25493362895884,303.1480624654695,Test
217.21757872280085,303.6663552310265,Test
240.4332864552833,241.9017895900622,Test
252.5784952276826,306.66248149498574,Test
270.08140447147866,304.47667511697864,Test
254.26756764282516,266.1569792329839,Test
195.83593093752384,259.919529586463,Test
219.77488168844036,236.13964848803,Test
277.2487471103756,333.96530736209337,Test
325.0173264786943,307.6011457356632,Test
292.1301647755797,278.1527224241973,Test
157.19716820323944,208.6846147306745,Test
580.4976844067459,280.3537183869287,Test
101.90592258509636,157.91099714028346,Test
191.63492600519533,194.7410177401322,Test
152.43562669635065,242.39955266109797,Test
168.791928085797,214.2297024226335,Test
118.61580040538948,170.3826849152638,Test
140.17143517573948,235.12752402734245,Test
144.67194625662546,183.88013767009392,Test
83.28345946192033,235.9920189736872,Test
103.29006266894629,162.90797406635582,Test
113.80316428673041,191.5210851755245,Test
354.52547002389815,207.58854437411156,Test
265.96667251836215,202.9923817873247,Test
131.1366450886929,211.82511444499693,Test
75.38175024173867,136.58044522606934,Test
295.3440539763536,242.28605278719266,Test
405.31201580031563,323.6379663190501,Test
354.718974829958,315.4029828093391,Test
369.2462595540925,313.0766753011404,Test
356.70028731529595,302.7251932901803,Test
323.65001647176314,318.9911971521217,Test
363.0910684013878,315.54383592414376,Test
299.0361715346869,294.32921670721686,Test
277.89274087394995,256.7670836517141,Test
281.7477588732812,244.6074468663465,Test
412.98067185186494,308.6107141151524,Test
368.2901821669359,293.15432227980426,Test
361.00165065868384,285.3370810847104,Test
255.52810458037376,210.13561009143834,Test
673.629554219825,318.95886425410936,Test
121.40304881525725,160.5177372861159,Test
168.6616420672362,200.0806169848315,Test
174.877760162933,230.50175545153405,Test
170.07439579962755,210.82214620187634,Test
140.386264283752,193.1964701445813,Test
123.34556288911975,232.20173072881533,Test
162.5272788546692,180.18903711360323,Test
112.13877332291369,212.82468994825047,Test
97.39601131436135,126.05314686591676,Test
76.55342920068708,151.161255365475,Test
356.3805859784877,190.11266275529553,Test
257.62850753833567,199.09239141908898,Test
155.12498470649217,215.33719559117287,Test
96.70201506811058,167.4081948130527,Test
218.78407782712165,204.99910550357654,Test
294.55923964604676,282.4069797974263,Test
255.32763887386164,289.8114915576033,Test
285.5778041935211,291.9532548205114,Test
255.42335699255705,280.6770340755951,Test
252.09596807241542,297.3893615809717,Test
262.4586428926212,271.2477984430849,Test
223.54827002755897,253.16289286665233,Test
163.8506125086679,212.02093162355357,Test
200.9285174772819,188.06155541105662,Test
313.69153693974454,202.43413796612973,Test
233.08537960094898,260.11049988200375,Test
259.82695922410767,271.6350080497817,Test
173.52208241920283,198.9703181533732,Test
619.1650948078866,271.24383251932454,Test
269.1006440357073,235.33245432646976,Test
333.1007028349454,276.3989972564932,Test
271.963714201342,326.5984800367264,Test
268.9527365406839,325.3478558121905,Test
274.41548731870324,259.7789238219551,Test
290.657840368371,302.1149309632299,Test
281.9029715192071,315.44662995232,Test
279.72608448392043,321.9113382056131,Test
212.48410555553738,277.6672416068079,Test
298.38911530444375,267.6265644779365,Test
281.5681452943788,319.18576436543185,Test
428.67415617995255,295.6024235421636,Test
382.9898436560284,290.52958833384963,Test
200.25085637780035,215.3685367943224,Test
644.0081993290755,283.67129191930553,Test
51.02044319853451,125.22312322692241,Test
130.91590479783065,215.38443702141882,Test
90.36669868738274,234.20141425340614,Test
152.93998803617953,255.2437475661337,Test
76.52249969393773,191.2468674993981,Test
119.24046617401984,247.90703229429712,Test
116.17253148658025,221.99773989002364,Test
56.86314782629569,232.7489644498308,Test
34.81182070545735,141.153521602438,Test
29.379560284423718,169.35440565631802,Test
295.6695152925806,183.2257685241411,Test
103.65228957311191,215.39151535222206,Test
156.94861454076732,234.4786942078606,Test
67.36329920476423,135.19552759612844,Test
354.9046413910254,187.8835164365009,Test
156.56641156140756,144.04615713225013,Test
252.2956016390183,214.47231739592138,Test
203.03639068579156,246.98095826461932,Test
244.7129198105895,242.8739894091988,Test
211.01838339312974,207.25991378004855,Test
222.49458605960203,222.46336117587248,Test
199.6015248863194,205.91983912172435,Test
178.96494905670548,266.6756820116809,Test
197.01506918137153,155.92402271615867,Test
160.93003130620696,175.94648479585106,Test
362.1793845712682,213.24185190774995,Test
211.9038625554074,214.53179878004337,Test
207.70207321632944,270.9772244706945,Test
90.13490290338495,152.35475809117173,Test
559.2010950694807,178.617852838153,Test
101.34084554261837,164.1884079000535,Test
187.504442720413,247.63394555930364,Test
148.95470265491156,264.4992678534481,Test
194.57276302284816,267.86184260345067,Test
141.94554448045562,232.61394931964136,Test
161.01387484132277,261.7986716071824,Test
154.02182375275837,244.77101281215738,Test
96.0545044229073,262.4114967630285,Test
112.84305509515531,177.96441890150157,Test
105.92241142915846,181.4826705479362,Test
314.984333837035,213.2064896423531,Test
138.6700030779658,250.4592754866955,Test
205.80787046109924,279.429273625993,Test
61.182640418571054,142.1747051105451,Test
405.6930896754056,229.42777560002662,Test
156.19608849750463,180.00330097289958,Test
234.50531317573706,251.27371531131746,Test
186.6029547175866,261.0683383175766,Test
265.9340344074889,262.6786917283678,Test
186.06897458313966,239.98941431050176,Test
220.80536498106264,260.4614250090253,Test
198.34964872911743,247.55484742571178,Test
101.21206260599456,240.62399792485496,Test
131.52201835798556,190.2407115743667,Test
117.19858944638733,205.77881176817044,Test
358.992452620926,203.64678581203668,Test
261.7973770124581,224.2607300635176,Test
223.25982766506945,257.3860846076807,Test
150.99299839080513,145.94314724375235,Test
574.9387626742441,212.3202341441664,Test
105.5725389209385,149.54561134097514,Test
159.97847002416185,193.46399857060686,Test
142.39653808964593,244.4209930315536,Test
180.96955606545367,219.21794119787504,Test
96.92005256654309,183.23173326633838,Test
119.57228284128016,235.7590461423947,Test
131.53148830748364,189.08866985270492,Test
83.962541767955,208.36961744147757,Test
73.82148840993547,152.0171558409441,Test
67.47472542060443,167.22300324833733,Test
334.74831432876005,206.6809372497234,Test
152.47854737073808,198.62184085223345,Test
124.27937932514683,210.86814789335088,Test
73.1881278404096,133.34067096338325,Test
291.5882536310957,147.21303127240628,Test
156.50940453548492,151.8569590318956,Test
201.61342639534752,205.09115545385654,Test
215.70241259448122,223.1471424125349,Test
233.54856681991006,188.06812116451002,Test
167.175608083775,202.46801315940996,Test
172.14297449027862,212.96594992830367,Test
200.7959501934089,169.9924402535575,Test
173.61780831957563,216.447267444028,Test
159.90102640010753,148.39766585514695,Test
162.128999094696,161.04605575832562,Test
411.44281271094843,176.78357968575315,Test
285.13249911086297,188.96672317815563,Test
167.3705553608776,202.48263839112136,Test
121.6181101854149,160.14131422944502,Test
469.2875773918079,136.7171023997435,Test
88.0514028121355,145.4331006222355,Test
171.98977073359097,210.48685952203357,Test
140.69435206713774,244.95972758641443,Test
190.32042248348694,225.21877510431003,Test
104.7168074722926,188.00658305790932,Test
141.78892955034635,238.18786980034565,Test
135.0484244791146,195.6768829819961,Test
56.77548799756599,222.32299318226765,Test
92.04209378560451,158.11716923599965,Test
89.10921217813504,175.28882780103535,Test
366.37165791917664,184.7611762244838,Test
152.2829591259014,204.7272485008406,Test
189.60658568290853,233.2958390033844,Test
84.9180663292384,161.08821040743916,Test
346.9823185104506,157.61508815149648,Test
265.5980802983968,253.11355652912619,Test
331.05848770354027,279.8430942882697,Test
256.1898160798557,313.68305570536734,Test
274.6917197277732,318.7296702397081,Test
288.88929292326645,235.17705572986608,Test
315.9861758730955,316.0605205698979,Test
336.8807910464992,310.1992021521825,Test
295.9197400823533,296.6574354688955,Test
214.27836109539197,276.6277713323683,Test
243.93616539248467,274.67187799117085,Test
327.50057283282,299.5669168589552,Test
418.01012478368307,305.9656677832319,Test
293.6569597807087,326.7224232160961,Test
235.17874227402942,246.1662300585077,Test
636.6237276438093,317.1188180217649,Test
145.6042594409943,165.6757109913149,Test
218.75766571292183,227.80692243891878,Test
192.19073795235772,260.39954153382286,Test
261.65927341627986,242.2298263176632,Test
176.8986284059733,212.53197702895008,Test
201.54977043689794,247.38656946999862,Test
215.784952533473,214.17155515222643,Test
138.534941554158,239.00768528536838,Test
115.61547158502432,145.328353230592,Test
170.86051857055816,202.2625283851736,Test
372.29328836295565,193.85545423639303,Test
400.133573199235,189.0918577197138,Test
274.95546597614106,230.58528157904388,Test
189.4910283048582,154.0042171471072,Test
484.26640979742126,170.67722360544394,Test
228.22673149895058,218.22103765157738,Test
327.30911937721606,291.7739022283252,Test
242.34346661437348,296.16532401473506,Test
251.1300307501925,293.20706003809914,Test
250.68121611352518,229.7800863960378,Test
295.9202446593726,296.63868702204,Test
292.72241936715886,270.30296640875986,Test
261.2517333457029,268.60130348375156,Test
204.39704130759634,226.95018047505903,Test
258.65543461155164,234.2463675949659,Test
373.8474426211897,237.17374659269325,Test
366.3047943614131,247.63399248568894,Test
294.0804278061507,290.84961217966406,Test
189.50613350119536,173.11217687881668,Test
642.9573081093343,251.03308452220688,Test
75.30935069950922,148.26836838141426,Test
162.93489845550462,188.63445753577025,Test
128.1712753009992,223.24014859075197,Test
167.35529628628382,224.55302610167644,Test
109.90827748469543,183.93734713310306,Test
126.00074709861656,220.2211580584619,Test
133.17312921058343,190.9400226503035,Test
43.790063620269734,210.534318124111,Test
43.834143248567926,127.88512210441058,Test
79.27871765130804,158.0540818464082,Test
373.553034651001,188.26342376095022,Test
138.22693555091814,186.06689205274094,Test
164.430822750839,217.48369142769124,Test
66.13777231946959,128.80224228590316,Test
238.04069457115926,144.35591708638538,Test
235.63222520805883,211.28379903921842,Test
314.80053189835024,298.1473202866965,Test
250.39975071593452,291.8711122273758,Test
321.3637458306289,291.0516645133448,Test
311.2604926830858,291.3387213261447,Test
306.9948709946199,299.2527414950178,Test
256.5389012109779,287.42106936875234,Test
241.39934693320274,266.0782967336511,Test
175.26078593414832,224.39726558655568,Test
226.722620393673,208.31831032241777,Test
355.3773945370318,252.787194872429,Test
321.34294228181534,242.960020647887,Test
270.6940576141129,264.6338852173008,Test
201.73297513277674,183.61790436584522,Test
742.0586047754794,281.5810143705985,Test
254.71283753685645,233.977864557965,Test
328.34529694784817,296.86854155673905,Test
256.5581317140253,306.17969553663784,Test
291.7701441303585,299.38803808727596,Test
292.9360989154094,262.0248218987279,Test
309.05706389160156,305.7592496263402,Test
289.8838737821442,293.49305698289186,Test
244.41601313884146,282.727329599633,Test
171.02061101023875,246.53397635428155,Test
229.3955957138951,235.33389988141838,Test
361.4646424584704,274.9940379059824,Test
411.49737691175403,269.276179053449,Test
322.7477576158358,272.3924075859646,Test
166.89911285391653,181.46225470893052,Test
674.8293203389628,272.6978456785809,Test
251.10266827635843,217.62163697014645,Test
291.5205508833646,275.2375099074123,Test
248.07431584629143,307.2926309871487,Test
238.4520342136706,287.50492991088663,Test
256.0654202368614,227.25104062888255,Test
286.7443948810778,290.7348677054272,Test
246.56971347753637,278.9327285067879,Test
231.60215991850734,277.1641166847596,Test
200.56890314479958,239.18286746933546,Test
234.5926516409968,236.08485007784859,Test
269.0127500137056,286.9531873998486,Test
315.6151629524944,278.0510548099863,Test
310.83965829413324,287.24185585887585,Test
179.2588183267988,152.82529538560632,Test
572.8278826121634,265.20811176710737,Test
152.43665819848795,157.6150049363318,Test
221.82133774251088,195.0344410369708,Test
232.3673483430651,230.2013802143237,Test
215.1284442359228,202.23585735467526,Test
176.4271570306805,204.03044091901367,Test
177.81541753520168,222.7842956852052,Test
216.41304571846428,195.27070930256983,Test
157.18646304478386,211.12907873753807,Test
157.35313633546974,131.3584901236776,Test
138.52462236431163,156.1147971539386,Test
461.1501077286285,179.43946524961126,Test
310.2635463435118,205.92105873187415,Test
188.83410784865043,209.24642003744827,Test
125.44970298865567,143.55236789608335,Test
339.95989075465343,136.3274452157301,Test
211.91608605543826,168.91951098174428,Test
269.19721653837246,201.41988152187028,Test
240.94109381074853,253.54563461406457,Test
296.6164995312894,209.68606519609176,Test
213.8201380906406,180.53349425979695,Test
225.24655164977526,230.25030928632478,Test
243.66982831432097,172.47179347506898,Test
253.09658180568135,261.1952944980153,Test
176.20646379410732,153.3130353467645,Test
192.38670713989825,199.90389586964343,Test
466.2378961959523,183.44666978515664,Test
476.5409473846351,204.90210805562478,Test
215.77066387576727,216.21253969840447,Test
188.19274329628124,181.64516271224977,Test
385.9250044716958,147.01750048597793,Test
288.8688179106167,236.86062898433948,Test
348.3380876982399,302.23246816641154,Test
265.3478071069685,320.9745063394568,Test
292.1831113756299,310.3095636369848,Test
319.7358677996625,261.79983429034115,Test
313.67694174301744,304.84339532452736,Test
318.40927799435076,302.6878343556608,Test
263.5110599883606,315.38104734802573,Test
203.1335955979252,280.1745459904147,Test
261.0765943051157,268.09769007329055,Test
318.4436770179243,290.96080868459654,Test
424.1088968651481,269.70611232603943,Test
383.8461734393842,297.2816183445042,Test
276.9415185115246,194.6493686859909,Test
694.3481336968536,291.3728835219158,Test
173.86041872850265,144.8523677300521,Test
236.0088003923222,186.77763953888123,Test
247.15763686171184,218.77750986101196,Test
259.0744699371169,186.98660515894395,Test
206.8306040604138,194.2421623920433,Test
202.04183804665723,208.41660727191586,Test
241.19039875007718,160.60853661317685,Test
220.5292866013546,205.09703266885631,Test
181.51256094970984,147.29110859614008,Test
200.7425183971389,168.53507827428763,Test
486.29855089771127,181.91031684699212,Test
355.2755083667996,192.31967763097674,Test
216.61194405530614,202.49522567166264,Test
177.80654213587508,158.24499886401057,Test
489.02366212698104,126.14664321777394,Test
108.04185455211629,149.47342753677736,Test
183.13542527176733,209.35579908850298,Test
147.9816692720632,243.97502288312563,Test
189.9016871290208,219.7131045360968,Test
105.11548997506087,182.66649143956766,Test
134.5523735411233,234.99786640736602,Test
133.9990191821348,194.60379229495558,Test
48.30125788577381,221.79288588503096,Test
86.29308498163249,161.64586037344066,Test
89.99405824229339,181.57007183064863,Test
422.0865281464463,191.68703166209113,Test
253.0495216729119,201.73725106590717,Test
142.45102155893193,230.50557206271463,Test
103.61019530827477,141.98307701127646,Test
455.65298429289226,168.79259375405127,Test
